The system is: Linux - 5.15.148-tegra - aarch64
Compiling the CXX compiler identification source file "CMakeCXXCompilerId.cpp" succeeded.
Compiler: /usr/bin/c++ 
Build flags: 
Id flags:  

The output was:
0


Compilation of the CXX compiler identification source "CMakeCXXCompilerId.cpp" produced "a.out"

The CXX compiler identification is GNU, found in "/home/autopilot03/Desktop/f1tenth_test0804/f1tenth_project_repo/build/bev_processor/CMakeFiles/3.22.1/CompilerIdCXX/a.out"

Checking whether the CUDA compiler is NVIDIA using "" matched "nvcc: NVIDIA \(R\) Cuda compiler driver":
nvcc: NVIDIA (R) Cuda compiler driver
Copyright (c) 2005-2024 NVIDIA Corporation
Built on Wed_Aug_14_10:14:07_PDT_2024
Cuda compilation tools, release 12.6, V12.6.68
Build cuda_12.6.r12.6/compiler.34714021_0
Compiling the CUDA compiler identification source file "CMakeCUDACompilerId.cu" succeeded.
Compiler: /usr/local/cuda/bin/nvcc 
Build flags: 
Id flags: --keep;--keep-dir;tmp -v

The output was:
0
#$ _NVVM_BRANCH_=nvvm
#$ _SPACE_= 
#$ _CUDART_=cudart
#$ _HERE_=/usr/local/cuda/bin
#$ _THERE_=/usr/local/cuda/bin
#$ _TARGET_SIZE_=
#$ _TARGET_DIR_=
#$ _TARGET_DIR_=targets/aarch64-linux
#$ TOP=/usr/local/cuda/bin/..
#$ CICC_PATH=/usr/local/cuda/bin/../nvvm/bin
#$ NVVMIR_LIBRARY_DIR=/usr/local/cuda/bin/../nvvm/libdevice
#$ LD_LIBRARY_PATH=/usr/local/cuda/bin/../lib:/home/autopilot03/Desktop/f1tenth_test0804/f1tenth_project_repo/install/camera_driver/lib:/opt/ros/humble/opt/rviz_ogre_vendor/lib:/opt/ros/humble/lib/aarch64-linux-gnu:/opt/ros/humble/lib:/usr/local/cuda/lib64
#$ PATH=/usr/local/cuda/bin/../nvvm/bin:/usr/local/cuda/bin:/opt/ros/humble/bin:/usr/local/cuda/bin:/home/autopilot03/.local/bin:/usr/local/sbin:/usr/local/bin:/usr/sbin:/usr/bin:/sbin:/bin:/usr/games:/usr/local/games:/snap/bin:/snap/bin
#$ INCLUDES="-I/usr/local/cuda/bin/../targets/aarch64-linux/include"  
#$ LIBRARIES=  "-L/usr/local/cuda/bin/../targets/aarch64-linux/lib/stubs" "-L/usr/local/cuda/bin/../targets/aarch64-linux/lib"
#$ CUDAFE_FLAGS=
#$ PTXAS_FLAGS=
#$ rm tmp/a_dlink.reg.c
#$ gcc -D__CUDA_ARCH_LIST__=520 -D__NV_LEGACY_LAUNCH -E -x c++ -D__CUDACC__ -D__NVCC__  "-I/usr/local/cuda/bin/../targets/aarch64-linux/include"    -D__CUDACC_VER_MAJOR__=12 -D__CUDACC_VER_MINOR__=6 -D__CUDACC_VER_BUILD__=68 -D__CUDA_API_VER_MAJOR__=12 -D__CUDA_API_VER_MINOR__=6 -D__NVCC_DIAG_PRAGMA_SUPPORT__=1 -include "cuda_runtime.h" "CMakeCUDACompilerId.cu" -o "tmp/CMakeCUDACompilerId.cpp4.ii" 
#$ cudafe++ --c++17 --gnu_version=110400 --display_error_number --orig_src_file_name "CMakeCUDACompilerId.cu" --orig_src_path_name "/home/autopilot03/Desktop/f1tenth_test0804/f1tenth_project_repo/build/bev_processor/CMakeFiles/3.22.1/CompilerIdCUDA/CMakeCUDACompilerId.cu" --allow_managed --unsigned_chars --unsigned_wchar_t  --m64 --parse_templates --gen_c_file_name "tmp/CMakeCUDACompilerId.cudafe1.cpp" --stub_file_name "CMakeCUDACompilerId.cudafe1.stub.c" --gen_module_id_file --module_id_file_name "tmp/CMakeCUDACompilerId.module_id" "tmp/CMakeCUDACompilerId.cpp4.ii" 
#$ gcc -D__CUDA_ARCH__=520 -D__CUDA_ARCH_LIST__=520 -D__NV_LEGACY_LAUNCH -E -x c++  -DCUDA_DOUBLE_MATH_FUNCTIONS -D__CUDACC__ -D__NVCC__  "-I/usr/local/cuda/bin/../targets/aarch64-linux/include"    -D__CUDACC_VER_MAJOR__=12 -D__CUDACC_VER_MINOR__=6 -D__CUDACC_VER_BUILD__=68 -D__CUDA_API_VER_MAJOR__=12 -D__CUDA_API_VER_MINOR__=6 -D__NVCC_DIAG_PRAGMA_SUPPORT__=1 -include "cuda_runtime.h" "CMakeCUDACompilerId.cu" -o "tmp/CMakeCUDACompilerId.cpp1.ii" 
#$ "$CICC_PATH/cicc" --c++17 --gnu_version=110400 --display_error_number --orig_src_file_name "CMakeCUDACompilerId.cu" --orig_src_path_name "/home/autopilot03/Desktop/f1tenth_test0804/f1tenth_project_repo/build/bev_processor/CMakeFiles/3.22.1/CompilerIdCUDA/CMakeCUDACompilerId.cu" --allow_managed --unsigned_chars --unsigned_wchar_t   -arch compute_52 -m64 --no-version-ident -ftz=0 -prec_div=1 -prec_sqrt=1 -fmad=1 --include_file_name "CMakeCUDACompilerId.fatbin.c" -tused --module_id_file_name "tmp/CMakeCUDACompilerId.module_id" --gen_c_file_name "tmp/CMakeCUDACompilerId.cudafe1.c" --stub_file_name "tmp/CMakeCUDACompilerId.cudafe1.stub.c" --gen_device_file_name "tmp/CMakeCUDACompilerId.cudafe1.gpu"  "tmp/CMakeCUDACompilerId.cpp1.ii" -o "tmp/CMakeCUDACompilerId.ptx"
#$ ptxas -arch=sm_52 -m64  "tmp/CMakeCUDACompilerId.ptx"  -o "tmp/CMakeCUDACompilerId.sm_52.cubin" 
#$ fatbinary --create="tmp/CMakeCUDACompilerId.fatbin" -64 --cicc-cmdline="-ftz=0 -prec_div=1 -prec_sqrt=1 -fmad=1 " "--image3=kind=elf,sm=52,file=tmp/CMakeCUDACompilerId.sm_52.cubin" "--image3=kind=ptx,sm=52,file=tmp/CMakeCUDACompilerId.ptx" --embedded-fatbin="tmp/CMakeCUDACompilerId.fatbin.c" 
#$ gcc -D__CUDA_ARCH__=520 -D__CUDA_ARCH_LIST__=520 -D__NV_LEGACY_LAUNCH -c -x c++  -DCUDA_DOUBLE_MATH_FUNCTIONS -Wno-psabi "-I/usr/local/cuda/bin/../targets/aarch64-linux/include"   "tmp/CMakeCUDACompilerId.cudafe1.cpp" -o "tmp/CMakeCUDACompilerId.o" 
#$ nvlink -m64 --arch=sm_52 --register-link-binaries="tmp/a_dlink.reg.c"    "-L/usr/local/cuda/bin/../targets/aarch64-linux/lib/stubs" "-L/usr/local/cuda/bin/../targets/aarch64-linux/lib" -cpu-arch=AARCH64 "tmp/CMakeCUDACompilerId.o"  -lcudadevrt  -o "tmp/a_dlink.sm_52.cubin" --host-ccbin "gcc"
#$ fatbinary --create="tmp/a_dlink.fatbin" -64 --cicc-cmdline="-ftz=0 -prec_div=1 -prec_sqrt=1 -fmad=1 " -link "--image3=kind=elf,sm=52,file=tmp/a_dlink.sm_52.cubin" --embedded-fatbin="tmp/a_dlink.fatbin.c" 
#$ gcc -D__CUDA_ARCH_LIST__=520 -D__NV_LEGACY_LAUNCH -c -x c++ -DFATBINFILE="\"tmp/a_dlink.fatbin.c\"" -DREGISTERLINKBINARYFILE="\"tmp/a_dlink.reg.c\"" -I. -D__NV_EXTRA_INITIALIZATION= -D__NV_EXTRA_FINALIZATION= -D__CUDA_INCLUDE_COMPILER_INTERNAL_HEADERS__  -Wno-psabi "-I/usr/local/cuda/bin/../targets/aarch64-linux/include"    -D__CUDACC_VER_MAJOR__=12 -D__CUDACC_VER_MINOR__=6 -D__CUDACC_VER_BUILD__=68 -D__CUDA_API_VER_MAJOR__=12 -D__CUDA_API_VER_MINOR__=6 -D__NVCC_DIAG_PRAGMA_SUPPORT__=1 "/usr/local/cuda/bin/crt/link.stub" -o "tmp/a_dlink.o" 
#$ g++ -D__CUDA_ARCH_LIST__=520 -D__NV_LEGACY_LAUNCH -Wl,--start-group "tmp/a_dlink.o" "tmp/CMakeCUDACompilerId.o"   "-L/usr/local/cuda/bin/../targets/aarch64-linux/lib/stubs" "-L/usr/local/cuda/bin/../targets/aarch64-linux/lib"  -lcudadevrt  -lcudart_static  -lrt -lpthread  -ldl  -Wl,--end-group -o "a.out" 


Compilation of the CUDA compiler identification source "CMakeCUDACompilerId.cu" produced "a.out"

The CUDA compiler identification is NVIDIA, found in "/home/autopilot03/Desktop/f1tenth_test0804/f1tenth_project_repo/build/bev_processor/CMakeFiles/3.22.1/CompilerIdCUDA/a.out"

Parsed CUDA nvcc implicit link information from above output:
  found 'PATH=' string: [/usr/local/cuda/bin/../nvvm/bin:/usr/local/cuda/bin:/opt/ros/humble/bin:/usr/local/cuda/bin:/home/autopilot03/.local/bin:/usr/local/sbin:/usr/local/bin:/usr/sbin:/usr/bin:/sbin:/bin:/usr/games:/usr/local/games:/snap/bin:/snap/bin]
  found 'LIBRARIES=' string: ["-L/usr/local/cuda/bin/../targets/aarch64-linux/lib/stubs" "-L/usr/local/cuda/bin/../targets/aarch64-linux/lib"]
  considering line: [#$ rm tmp/a_dlink.reg.c]
  considering line: [gcc -D__CUDA_ARCH_LIST__=520 -D__NV_LEGACY_LAUNCH -E -x c++ -D__CUDACC__ -D__NVCC__  "-I/usr/local/cuda/bin/../targets/aarch64-linux/include"    -D__CUDACC_VER_MAJOR__=12 -D__CUDACC_VER_MINOR__=6 -D__CUDACC_VER_BUILD__=68 -D__CUDA_API_VER_MAJOR__=12 -D__CUDA_API_VER_MINOR__=6 -D__NVCC_DIAG_PRAGMA_SUPPORT__=1 -include "cuda_runtime.h" "CMakeCUDACompilerId.cu" -o "tmp/CMakeCUDACompilerId.cpp4.ii" ]
  considering line: [cudafe++ --c++17 --gnu_version=110400 --display_error_number --orig_src_file_name "CMakeCUDACompilerId.cu" --orig_src_path_name "/home/autopilot03/Desktop/f1tenth_test0804/f1tenth_project_repo/build/bev_processor/CMakeFiles/3.22.1/CompilerIdCUDA/CMakeCUDACompilerId.cu" --allow_managed --unsigned_chars --unsigned_wchar_t  --m64 --parse_templates --gen_c_file_name "tmp/CMakeCUDACompilerId.cudafe1.cpp" --stub_file_name "CMakeCUDACompilerId.cudafe1.stub.c" --gen_module_id_file --module_id_file_name "tmp/CMakeCUDACompilerId.module_id" "tmp/CMakeCUDACompilerId.cpp4.ii" ]
  considering line: [gcc -D__CUDA_ARCH__=520 -D__CUDA_ARCH_LIST__=520 -D__NV_LEGACY_LAUNCH -E -x c++  -DCUDA_DOUBLE_MATH_FUNCTIONS -D__CUDACC__ -D__NVCC__  "-I/usr/local/cuda/bin/../targets/aarch64-linux/include"    -D__CUDACC_VER_MAJOR__=12 -D__CUDACC_VER_MINOR__=6 -D__CUDACC_VER_BUILD__=68 -D__CUDA_API_VER_MAJOR__=12 -D__CUDA_API_VER_MINOR__=6 -D__NVCC_DIAG_PRAGMA_SUPPORT__=1 -include "cuda_runtime.h" "CMakeCUDACompilerId.cu" -o "tmp/CMakeCUDACompilerId.cpp1.ii" ]
  considering line: ["$CICC_PATH/cicc" --c++17 --gnu_version=110400 --display_error_number --orig_src_file_name "CMakeCUDACompilerId.cu" --orig_src_path_name "/home/autopilot03/Desktop/f1tenth_test0804/f1tenth_project_repo/build/bev_processor/CMakeFiles/3.22.1/CompilerIdCUDA/CMakeCUDACompilerId.cu" --allow_managed --unsigned_chars --unsigned_wchar_t   -arch compute_52 -m64 --no-version-ident -ftz=0 -prec_div=1 -prec_sqrt=1 -fmad=1 --include_file_name "CMakeCUDACompilerId.fatbin.c" -tused --module_id_file_name "tmp/CMakeCUDACompilerId.module_id" --gen_c_file_name "tmp/CMakeCUDACompilerId.cudafe1.c" --stub_file_name "tmp/CMakeCUDACompilerId.cudafe1.stub.c" --gen_device_file_name "tmp/CMakeCUDACompilerId.cudafe1.gpu"  "tmp/CMakeCUDACompilerId.cpp1.ii" -o "tmp/CMakeCUDACompilerId.ptx"]
  considering line: [ptxas -arch=sm_52 -m64  "tmp/CMakeCUDACompilerId.ptx"  -o "tmp/CMakeCUDACompilerId.sm_52.cubin" ]
  considering line: [fatbinary --create="tmp/CMakeCUDACompilerId.fatbin" -64 --cicc-cmdline="-ftz=0 -prec_div=1 -prec_sqrt=1 -fmad=1 " "--image3=kind=elf,sm=52,file=tmp/CMakeCUDACompilerId.sm_52.cubin" "--image3=kind=ptx,sm=52,file=tmp/CMakeCUDACompilerId.ptx" --embedded-fatbin="tmp/CMakeCUDACompilerId.fatbin.c" ]
  considering line: [gcc -D__CUDA_ARCH__=520 -D__CUDA_ARCH_LIST__=520 -D__NV_LEGACY_LAUNCH -c -x c++  -DCUDA_DOUBLE_MATH_FUNCTIONS -Wno-psabi "-I/usr/local/cuda/bin/../targets/aarch64-linux/include"   "tmp/CMakeCUDACompilerId.cudafe1.cpp" -o "tmp/CMakeCUDACompilerId.o" ]
  considering line: [nvlink -m64 --arch=sm_52 --register-link-binaries="tmp/a_dlink.reg.c"    "-L/usr/local/cuda/bin/../targets/aarch64-linux/lib/stubs" "-L/usr/local/cuda/bin/../targets/aarch64-linux/lib" -cpu-arch=AARCH64 "tmp/CMakeCUDACompilerId.o"  -lcudadevrt  -o "tmp/a_dlink.sm_52.cubin" --host-ccbin "gcc"]
    ignoring nvlink line
  considering line: [fatbinary --create="tmp/a_dlink.fatbin" -64 --cicc-cmdline="-ftz=0 -prec_div=1 -prec_sqrt=1 -fmad=1 " -link "--image3=kind=elf,sm=52,file=tmp/a_dlink.sm_52.cubin" --embedded-fatbin="tmp/a_dlink.fatbin.c" ]
  considering line: [gcc -D__CUDA_ARCH_LIST__=520 -D__NV_LEGACY_LAUNCH -c -x c++ -DFATBINFILE="\"tmp/a_dlink.fatbin.c\"" -DREGISTERLINKBINARYFILE="\"tmp/a_dlink.reg.c\"" -I. -D__NV_EXTRA_INITIALIZATION= -D__NV_EXTRA_FINALIZATION= -D__CUDA_INCLUDE_COMPILER_INTERNAL_HEADERS__  -Wno-psabi "-I/usr/local/cuda/bin/../targets/aarch64-linux/include"    -D__CUDACC_VER_MAJOR__=12 -D__CUDACC_VER_MINOR__=6 -D__CUDACC_VER_BUILD__=68 -D__CUDA_API_VER_MAJOR__=12 -D__CUDA_API_VER_MINOR__=6 -D__NVCC_DIAG_PRAGMA_SUPPORT__=1 "/usr/local/cuda/bin/crt/link.stub" -o "tmp/a_dlink.o" ]
  considering line: [g++ -D__CUDA_ARCH_LIST__=520 -D__NV_LEGACY_LAUNCH -Wl,--start-group "tmp/a_dlink.o" "tmp/CMakeCUDACompilerId.o"   "-L/usr/local/cuda/bin/../targets/aarch64-linux/lib/stubs" "-L/usr/local/cuda/bin/../targets/aarch64-linux/lib"  -lcudadevrt  -lcudart_static  -lrt -lpthread  -ldl  -Wl,--end-group -o "a.out" ]
    extracted link line: [g++ -D__CUDA_ARCH_LIST__=520 -D__NV_LEGACY_LAUNCH -Wl,--start-group "tmp/a_dlink.o" "tmp/CMakeCUDACompilerId.o"   "-L/usr/local/cuda/bin/../targets/aarch64-linux/lib/stubs" "-L/usr/local/cuda/bin/../targets/aarch64-linux/lib"  -lcudadevrt  -lcudart_static  -lrt -lpthread  -ldl  -Wl,--end-group -o "a.out" ]
  considering line: []
  extracted link launcher name: [g++]
  found link launcher absolute path: [/usr/bin/g++]

  link line regex: [^( *|.*[/\])(ld|CMAKE_LINK_STARTFILE-NOTFOUND|([^/\]+-)?ld|collect2)[^/\]*( |$)]
  link line: [cuda-fake-ld g++ -D__CUDA_ARCH_LIST__=520 -D__NV_LEGACY_LAUNCH -Wl,--start-group "tmp/a_dlink.o" "tmp/CMakeCUDACompilerId.o"   "-L/usr/local/cuda/bin/../targets/aarch64-linux/lib/stubs" "-L/usr/local/cuda/bin/../targets/aarch64-linux/lib"  -lcudadevrt  -lcudart_static  -lrt -lpthread  -ldl  -Wl,--end-group -o "a.out" ]
    arg [cuda-fake-ld] ==> ignore
    arg [g++] ==> ignore
    arg [-D__CUDA_ARCH_LIST__=520] ==> ignore
    arg [-D__NV_LEGACY_LAUNCH] ==> ignore
    arg [-Wl,--start-group] ==> ignore
    arg [tmp/a_dlink.o] ==> ignore
    arg [tmp/CMakeCUDACompilerId.o] ==> ignore
    arg [-L/usr/local/cuda/bin/../targets/aarch64-linux/lib/stubs] ==> dir [/usr/local/cuda/bin/../targets/aarch64-linux/lib/stubs]
    arg [-L/usr/local/cuda/bin/../targets/aarch64-linux/lib] ==> dir [/usr/local/cuda/bin/../targets/aarch64-linux/lib]
    arg [-lcudadevrt] ==> lib [cudadevrt]
    arg [-lcudart_static] ==> lib [cudart_static]
    arg [-lrt] ==> lib [rt]
    arg [-lpthread] ==> lib [pthread]
    arg [-ldl] ==> lib [dl]
    arg [-Wl,--end-group] ==> ignore
    arg [-o] ==> ignore
    arg [a.out] ==> ignore
  collapse library dir [/usr/local/cuda/bin/../targets/aarch64-linux/lib/stubs] ==> [/usr/local/cuda/targets/aarch64-linux/lib/stubs]
  collapse library dir [/usr/local/cuda/bin/../targets/aarch64-linux/lib] ==> [/usr/local/cuda/targets/aarch64-linux/lib]
  implicit libs: [cudadevrt;cudart_static;rt;pthread;dl]
  implicit objs: []
  implicit dirs: [/usr/local/cuda/targets/aarch64-linux/lib/stubs;/usr/local/cuda/targets/aarch64-linux/lib]
  implicit fwks: []


Parsed CUDA nvcc include information from above output:
  found 'PATH=' string: [/usr/local/cuda/bin/../nvvm/bin:/usr/local/cuda/bin:/opt/ros/humble/bin:/usr/local/cuda/bin:/home/autopilot03/.local/bin:/usr/local/sbin:/usr/local/bin:/usr/sbin:/usr/bin:/sbin:/bin:/usr/games:/usr/local/games:/snap/bin:/snap/bin]
  found 'LIBRARIES=' string: ["-L/usr/local/cuda/bin/../targets/aarch64-linux/lib/stubs" "-L/usr/local/cuda/bin/../targets/aarch64-linux/lib"]
  considering line: [#$ rm tmp/a_dlink.reg.c]
  considering line: [gcc -D__CUDA_ARCH_LIST__=520 -D__NV_LEGACY_LAUNCH -E -x c++ -D__CUDACC__ -D__NVCC__  "-I/usr/local/cuda/bin/../targets/aarch64-linux/include"    -D__CUDACC_VER_MAJOR__=12 -D__CUDACC_VER_MINOR__=6 -D__CUDACC_VER_BUILD__=68 -D__CUDA_API_VER_MAJOR__=12 -D__CUDA_API_VER_MINOR__=6 -D__NVCC_DIAG_PRAGMA_SUPPORT__=1 -include "cuda_runtime.h" "CMakeCUDACompilerId.cu" -o "tmp/CMakeCUDACompilerId.cpp4.ii" ]
  considering line: [cudafe++ --c++17 --gnu_version=110400 --display_error_number --orig_src_file_name "CMakeCUDACompilerId.cu" --orig_src_path_name "/home/autopilot03/Desktop/f1tenth_test0804/f1tenth_project_repo/build/bev_processor/CMakeFiles/3.22.1/CompilerIdCUDA/CMakeCUDACompilerId.cu" --allow_managed --unsigned_chars --unsigned_wchar_t  --m64 --parse_templates --gen_c_file_name "tmp/CMakeCUDACompilerId.cudafe1.cpp" --stub_file_name "CMakeCUDACompilerId.cudafe1.stub.c" --gen_module_id_file --module_id_file_name "tmp/CMakeCUDACompilerId.module_id" "tmp/CMakeCUDACompilerId.cpp4.ii" ]
  considering line: [gcc -D__CUDA_ARCH__=520 -D__CUDA_ARCH_LIST__=520 -D__NV_LEGACY_LAUNCH -E -x c++  -DCUDA_DOUBLE_MATH_FUNCTIONS -D__CUDACC__ -D__NVCC__  "-I/usr/local/cuda/bin/../targets/aarch64-linux/include"    -D__CUDACC_VER_MAJOR__=12 -D__CUDACC_VER_MINOR__=6 -D__CUDACC_VER_BUILD__=68 -D__CUDA_API_VER_MAJOR__=12 -D__CUDA_API_VER_MINOR__=6 -D__NVCC_DIAG_PRAGMA_SUPPORT__=1 -include "cuda_runtime.h" "CMakeCUDACompilerId.cu" -o "tmp/CMakeCUDACompilerId.cpp1.ii" ]
  considering line: ["$CICC_PATH/cicc" --c++17 --gnu_version=110400 --display_error_number --orig_src_file_name "CMakeCUDACompilerId.cu" --orig_src_path_name "/home/autopilot03/Desktop/f1tenth_test0804/f1tenth_project_repo/build/bev_processor/CMakeFiles/3.22.1/CompilerIdCUDA/CMakeCUDACompilerId.cu" --allow_managed --unsigned_chars --unsigned_wchar_t   -arch compute_52 -m64 --no-version-ident -ftz=0 -prec_div=1 -prec_sqrt=1 -fmad=1 --include_file_name "CMakeCUDACompilerId.fatbin.c" -tused --module_id_file_name "tmp/CMakeCUDACompilerId.module_id" --gen_c_file_name "tmp/CMakeCUDACompilerId.cudafe1.c" --stub_file_name "tmp/CMakeCUDACompilerId.cudafe1.stub.c" --gen_device_file_name "tmp/CMakeCUDACompilerId.cudafe1.gpu"  "tmp/CMakeCUDACompilerId.cpp1.ii" -o "tmp/CMakeCUDACompilerId.ptx"]
  considering line: [ptxas -arch=sm_52 -m64  "tmp/CMakeCUDACompilerId.ptx"  -o "tmp/CMakeCUDACompilerId.sm_52.cubin" ]
  considering line: [fatbinary --create="tmp/CMakeCUDACompilerId.fatbin" -64 --cicc-cmdline="-ftz=0 -prec_div=1 -prec_sqrt=1 -fmad=1 " "--image3=kind=elf,sm=52,file=tmp/CMakeCUDACompilerId.sm_52.cubin" "--image3=kind=ptx,sm=52,file=tmp/CMakeCUDACompilerId.ptx" --embedded-fatbin="tmp/CMakeCUDACompilerId.fatbin.c" ]
  considering line: [gcc -D__CUDA_ARCH__=520 -D__CUDA_ARCH_LIST__=520 -D__NV_LEGACY_LAUNCH -c -x c++  -DCUDA_DOUBLE_MATH_FUNCTIONS -Wno-psabi "-I/usr/local/cuda/bin/../targets/aarch64-linux/include"   "tmp/CMakeCUDACompilerId.cudafe1.cpp" -o "tmp/CMakeCUDACompilerId.o" ]
  considering line: [nvlink -m64 --arch=sm_52 --register-link-binaries="tmp/a_dlink.reg.c"    "-L/usr/local/cuda/bin/../targets/aarch64-linux/lib/stubs" "-L/usr/local/cuda/bin/../targets/aarch64-linux/lib" -cpu-arch=AARCH64 "tmp/CMakeCUDACompilerId.o"  -lcudadevrt  -o "tmp/a_dlink.sm_52.cubin" --host-ccbin "gcc"]
    ignoring nvlink line
  considering line: [fatbinary --create="tmp/a_dlink.fatbin" -64 --cicc-cmdline="-ftz=0 -prec_div=1 -prec_sqrt=1 -fmad=1 " -link "--image3=kind=elf,sm=52,file=tmp/a_dlink.sm_52.cubin" --embedded-fatbin="tmp/a_dlink.fatbin.c" ]
  considering line: [gcc -D__CUDA_ARCH_LIST__=520 -D__NV_LEGACY_LAUNCH -c -x c++ -DFATBINFILE="\"tmp/a_dlink.fatbin.c\"" -DREGISTERLINKBINARYFILE="\"tmp/a_dlink.reg.c\"" -I. -D__NV_EXTRA_INITIALIZATION= -D__NV_EXTRA_FINALIZATION= -D__CUDA_INCLUDE_COMPILER_INTERNAL_HEADERS__  -Wno-psabi "-I/usr/local/cuda/bin/../targets/aarch64-linux/include"    -D__CUDACC_VER_MAJOR__=12 -D__CUDACC_VER_MINOR__=6 -D__CUDACC_VER_BUILD__=68 -D__CUDA_API_VER_MAJOR__=12 -D__CUDA_API_VER_MINOR__=6 -D__NVCC_DIAG_PRAGMA_SUPPORT__=1 "/usr/local/cuda/bin/crt/link.stub" -o "tmp/a_dlink.o" ]
  considering line: [g++ -D__CUDA_ARCH_LIST__=520 -D__NV_LEGACY_LAUNCH -Wl,--start-group "tmp/a_dlink.o" "tmp/CMakeCUDACompilerId.o"   "-L/usr/local/cuda/bin/../targets/aarch64-linux/lib/stubs" "-L/usr/local/cuda/bin/../targets/aarch64-linux/lib"  -lcudadevrt  -lcudart_static  -lrt -lpthread  -ldl  -Wl,--end-group -o "a.out" ]
    extracted link line: [g++ -D__CUDA_ARCH_LIST__=520 -D__NV_LEGACY_LAUNCH -Wl,--start-group "tmp/a_dlink.o" "tmp/CMakeCUDACompilerId.o"   "-L/usr/local/cuda/bin/../targets/aarch64-linux/lib/stubs" "-L/usr/local/cuda/bin/../targets/aarch64-linux/lib"  -lcudadevrt  -lcudart_static  -lrt -lpthread  -ldl  -Wl,--end-group -o "a.out" ]
  considering line: []
  extracted link launcher name: [g++]
  found link launcher absolute path: [/usr/bin/g++]
  found 'INCLUDES=' string: ["-I/usr/local/cuda/bin/../targets/aarch64-linux/include"  ]

  link line regex: [^( *|.*[/\])(ld|CMAKE_LINK_STARTFILE-NOTFOUND|([^/\]+-)?ld|collect2)[^/\]*( |$)]
  link line: [cuda-fake-ld g++ -D__CUDA_ARCH_LIST__=520 -D__NV_LEGACY_LAUNCH -Wl,--start-group "tmp/a_dlink.o" "tmp/CMakeCUDACompilerId.o"   "-L/usr/local/cuda/bin/../targets/aarch64-linux/lib/stubs" "-L/usr/local/cuda/bin/../targets/aarch64-linux/lib"  -lcudadevrt  -lcudart_static  -lrt -lpthread  -ldl  -Wl,--end-group -o "a.out" ]
    arg [cuda-fake-ld] ==> ignore
    arg [g++] ==> ignore
    arg [-D__CUDA_ARCH_LIST__=520] ==> ignore
    arg [-D__NV_LEGACY_LAUNCH] ==> ignore
    arg [-Wl,--start-group] ==> ignore
    arg [tmp/a_dlink.o] ==> ignore
    arg [tmp/CMakeCUDACompilerId.o] ==> ignore
    arg [-L/usr/local/cuda/bin/../targets/aarch64-linux/lib/stubs] ==> dir [/usr/local/cuda/bin/../targets/aarch64-linux/lib/stubs]
    arg [-L/usr/local/cuda/bin/../targets/aarch64-linux/lib] ==> dir [/usr/local/cuda/bin/../targets/aarch64-linux/lib]
    arg [-lcudadevrt] ==> lib [cudadevrt]
    arg [-lcudart_static] ==> lib [cudart_static]
    arg [-lrt] ==> lib [rt]
    arg [-lpthread] ==> lib [pthread]
    arg [-ldl] ==> lib [dl]
    arg [-Wl,--end-group] ==> ignore
    arg [-o] ==> ignore
    arg [a.out] ==> ignore
  collapse library dir [/usr/local/cuda/bin/../targets/aarch64-linux/lib/stubs] ==> [/usr/local/cuda/targets/aarch64-linux/lib/stubs]
  collapse library dir [/usr/local/cuda/bin/../targets/aarch64-linux/lib] ==> [/usr/local/cuda/targets/aarch64-linux/lib]
  implicit libs: [cudadevrt;cudart_static;rt;pthread;dl]
  implicit objs: []
  implicit dirs: [/usr/local/cuda/targets/aarch64-linux/lib/stubs;/usr/local/cuda/targets/aarch64-linux/lib]
  implicit fwks: []


Detecting CXX compiler ABI info compiled with the following output:
Change Dir: /home/autopilot03/Desktop/f1tenth_test0804/f1tenth_project_repo/build/bev_processor/CMakeFiles/CMakeTmp

Run Build Command(s):/usr/bin/gmake -f Makefile cmTC_3b53a/fast && /usr/bin/gmake  -f CMakeFiles/cmTC_3b53a.dir/build.make CMakeFiles/cmTC_3b53a.dir/build
gmake[1]: Entering directory '/home/autopilot03/Desktop/f1tenth_test0804/f1tenth_project_repo/build/bev_processor/CMakeFiles/CMakeTmp'
Building CXX object CMakeFiles/cmTC_3b53a.dir/CMakeCXXCompilerABI.cpp.o
/usr/bin/c++   -v -o CMakeFiles/cmTC_3b53a.dir/CMakeCXXCompilerABI.cpp.o -c /usr/share/cmake-3.22/Modules/CMakeCXXCompilerABI.cpp
Using built-in specs.
COLLECT_GCC=/usr/bin/c++
Target: aarch64-linux-gnu
Configured with: ../src/configure -v --with-pkgversion='Ubuntu 11.4.0-1ubuntu1~22.04.3' --with-bugurl=file:///usr/share/doc/gcc-11/README.Bugs --enable-languages=c,ada,c++,go,d,fortran,objc,obj-c++,m2 --prefix=/usr --with-gcc-major-version-only --program-suffix=-11 --program-prefix=aarch64-linux-gnu- --enable-shared --enable-linker-build-id --libexecdir=/usr/lib --without-included-gettext --enable-threads=posix --libdir=/usr/lib --enable-nls --enable-bootstrap --enable-clocale=gnu --enable-libstdcxx-debug --enable-libstdcxx-time=yes --with-default-libstdcxx-abi=new --enable-gnu-unique-object --disable-libquadmath --disable-libquadmath-support --enable-plugin --enable-default-pie --with-system-zlib --enable-libphobos-checking=release --with-target-system-zlib=auto --enable-objc-gc=auto --enable-multiarch --enable-fix-cortex-a53-843419 --disable-werror --enable-checking=release --build=aarch64-linux-gnu --host=aarch64-linux-gnu --target=aarch64-linux-gnu --with-build-config=bootstrap-lto-lean --enable-link-serialization=4
Thread model: posix
Supported LTO compression algorithms: zlib zstd
gcc version 11.4.0 (Ubuntu 11.4.0-1ubuntu1~22.04.3) 
COLLECT_GCC_OPTIONS='-v' '-o' 'CMakeFiles/cmTC_3b53a.dir/CMakeCXXCompilerABI.cpp.o' '-c' '-shared-libgcc' '-mlittle-endian' '-mabi=lp64' '-dumpdir' 'CMakeFiles/cmTC_3b53a.dir/'
 /usr/lib/gcc/aarch64-linux-gnu/11/cc1plus -quiet -v -imultiarch aarch64-linux-gnu -D_GNU_SOURCE /usr/share/cmake-3.22/Modules/CMakeCXXCompilerABI.cpp -quiet -dumpdir CMakeFiles/cmTC_3b53a.dir/ -dumpbase CMakeCXXCompilerABI.cpp.cpp -dumpbase-ext .cpp -mlittle-endian -mabi=lp64 -version -fasynchronous-unwind-tables -fstack-protector-strong -Wformat -Wformat-security -fstack-clash-protection -o /tmp/ccp6pQUc.s
GNU C++17 (Ubuntu 11.4.0-1ubuntu1~22.04.3) version 11.4.0 (aarch64-linux-gnu)
	compiled by GNU C version 11.4.0, GMP version 6.2.1, MPFR version 4.1.0, MPC version 1.2.1, isl version isl-0.24-GMP

GGC heuristics: --param ggc-min-expand=100 --param ggc-min-heapsize=131072
ignoring duplicate directory "/usr/include/aarch64-linux-gnu/c++/11"
ignoring nonexistent directory "/usr/local/include/aarch64-linux-gnu"
ignoring nonexistent directory "/usr/lib/gcc/aarch64-linux-gnu/11/include-fixed"
ignoring nonexistent directory "/usr/lib/gcc/aarch64-linux-gnu/11/../../../../aarch64-linux-gnu/include"
#include "..." search starts here:
#include <...> search starts here:
 /usr/include/c++/11
 /usr/include/aarch64-linux-gnu/c++/11
 /usr/include/c++/11/backward
 /usr/lib/gcc/aarch64-linux-gnu/11/include
 /usr/local/include
 /usr/include/aarch64-linux-gnu
 /usr/include
End of search list.
GNU C++17 (Ubuntu 11.4.0-1ubuntu1~22.04.3) version 11.4.0 (aarch64-linux-gnu)
	compiled by GNU C version 11.4.0, GMP version 6.2.1, MPFR version 4.1.0, MPC version 1.2.1, isl version isl-0.24-GMP

GGC heuristics: --param ggc-min-expand=100 --param ggc-min-heapsize=131072
Compiler executable checksum: 1ec2e7097ef542eddc6fe6fb48e7bad4
COLLECT_GCC_OPTIONS='-v' '-o' 'CMakeFiles/cmTC_3b53a.dir/CMakeCXXCompilerABI.cpp.o' '-c' '-shared-libgcc' '-mlittle-endian' '-mabi=lp64' '-dumpdir' 'CMakeFiles/cmTC_3b53a.dir/'
 as -v -EL -mabi=lp64 -o CMakeFiles/cmTC_3b53a.dir/CMakeCXXCompilerABI.cpp.o /tmp/ccp6pQUc.s
GNU assembler version 2.38 (aarch64-linux-gnu) using BFD version (GNU Binutils for Ubuntu) 2.38
COMPILER_PATH=/usr/lib/gcc/aarch64-linux-gnu/11/:/usr/lib/gcc/aarch64-linux-gnu/11/:/usr/lib/gcc/aarch64-linux-gnu/:/usr/lib/gcc/aarch64-linux-gnu/11/:/usr/lib/gcc/aarch64-linux-gnu/
LIBRARY_PATH=/usr/lib/gcc/aarch64-linux-gnu/11/:/usr/lib/gcc/aarch64-linux-gnu/11/../../../aarch64-linux-gnu/:/usr/lib/gcc/aarch64-linux-gnu/11/../../../../lib/:/lib/aarch64-linux-gnu/:/lib/../lib/:/usr/lib/aarch64-linux-gnu/:/usr/lib/../lib/:/usr/lib/gcc/aarch64-linux-gnu/11/../../../:/lib/:/usr/lib/
COLLECT_GCC_OPTIONS='-v' '-o' 'CMakeFiles/cmTC_3b53a.dir/CMakeCXXCompilerABI.cpp.o' '-c' '-shared-libgcc' '-mlittle-endian' '-mabi=lp64' '-dumpdir' 'CMakeFiles/cmTC_3b53a.dir/CMakeCXXCompilerABI.cpp.'
Linking CXX executable cmTC_3b53a
/usr/bin/cmake -E cmake_link_script CMakeFiles/cmTC_3b53a.dir/link.txt --verbose=1
/usr/bin/c++  -v CMakeFiles/cmTC_3b53a.dir/CMakeCXXCompilerABI.cpp.o -o cmTC_3b53a 
Using built-in specs.
COLLECT_GCC=/usr/bin/c++
COLLECT_LTO_WRAPPER=/usr/lib/gcc/aarch64-linux-gnu/11/lto-wrapper
Target: aarch64-linux-gnu
Configured with: ../src/configure -v --with-pkgversion='Ubuntu 11.4.0-1ubuntu1~22.04.3' --with-bugurl=file:///usr/share/doc/gcc-11/README.Bugs --enable-languages=c,ada,c++,go,d,fortran,objc,obj-c++,m2 --prefix=/usr --with-gcc-major-version-only --program-suffix=-11 --program-prefix=aarch64-linux-gnu- --enable-shared --enable-linker-build-id --libexecdir=/usr/lib --without-included-gettext --enable-threads=posix --libdir=/usr/lib --enable-nls --enable-bootstrap --enable-clocale=gnu --enable-libstdcxx-debug --enable-libstdcxx-time=yes --with-default-libstdcxx-abi=new --enable-gnu-unique-object --disable-libquadmath --disable-libquadmath-support --enable-plugin --enable-default-pie --with-system-zlib --enable-libphobos-checking=release --with-target-system-zlib=auto --enable-objc-gc=auto --enable-multiarch --enable-fix-cortex-a53-843419 --disable-werror --enable-checking=release --build=aarch64-linux-gnu --host=aarch64-linux-gnu --target=aarch64-linux-gnu --with-build-config=bootstrap-lto-lean --enable-link-serialization=4
Thread model: posix
Supported LTO compression algorithms: zlib zstd
gcc version 11.4.0 (Ubuntu 11.4.0-1ubuntu1~22.04.3) 
COMPILER_PATH=/usr/lib/gcc/aarch64-linux-gnu/11/:/usr/lib/gcc/aarch64-linux-gnu/11/:/usr/lib/gcc/aarch64-linux-gnu/:/usr/lib/gcc/aarch64-linux-gnu/11/:/usr/lib/gcc/aarch64-linux-gnu/
LIBRARY_PATH=/usr/lib/gcc/aarch64-linux-gnu/11/:/usr/lib/gcc/aarch64-linux-gnu/11/../../../aarch64-linux-gnu/:/usr/lib/gcc/aarch64-linux-gnu/11/../../../../lib/:/lib/aarch64-linux-gnu/:/lib/../lib/:/usr/lib/aarch64-linux-gnu/:/usr/lib/../lib/:/usr/lib/gcc/aarch64-linux-gnu/11/../../../:/lib/:/usr/lib/
COLLECT_GCC_OPTIONS='-v' '-o' 'cmTC_3b53a' '-shared-libgcc' '-mlittle-endian' '-mabi=lp64' '-dumpdir' 'cmTC_3b53a.'
 /usr/lib/gcc/aarch64-linux-gnu/11/collect2 -plugin /usr/lib/gcc/aarch64-linux-gnu/11/liblto_plugin.so -plugin-opt=/usr/lib/gcc/aarch64-linux-gnu/11/lto-wrapper -plugin-opt=-fresolution=/tmp/ccWPkDrR.res -plugin-opt=-pass-through=-lgcc_s -plugin-opt=-pass-through=-lgcc -plugin-opt=-pass-through=-lc -plugin-opt=-pass-through=-lgcc_s -plugin-opt=-pass-through=-lgcc --build-id --eh-frame-hdr --hash-style=gnu --as-needed -dynamic-linker /lib/ld-linux-aarch64.so.1 -X -EL -maarch64linux --fix-cortex-a53-843419 -pie -z now -z relro -o cmTC_3b53a /usr/lib/gcc/aarch64-linux-gnu/11/../../../aarch64-linux-gnu/Scrt1.o /usr/lib/gcc/aarch64-linux-gnu/11/../../../aarch64-linux-gnu/crti.o /usr/lib/gcc/aarch64-linux-gnu/11/crtbeginS.o -L/usr/lib/gcc/aarch64-linux-gnu/11 -L/usr/lib/gcc/aarch64-linux-gnu/11/../../../aarch64-linux-gnu -L/usr/lib/gcc/aarch64-linux-gnu/11/../../../../lib -L/lib/aarch64-linux-gnu -L/lib/../lib -L/usr/lib/aarch64-linux-gnu -L/usr/lib/../lib -L/usr/lib/gcc/aarch64-linux-gnu/11/../../.. CMakeFiles/cmTC_3b53a.dir/CMakeCXXCompilerABI.cpp.o -lstdc++ -lm -lgcc_s -lgcc -lc -lgcc_s -lgcc /usr/lib/gcc/aarch64-linux-gnu/11/crtendS.o /usr/lib/gcc/aarch64-linux-gnu/11/../../../aarch64-linux-gnu/crtn.o
COLLECT_GCC_OPTIONS='-v' '-o' 'cmTC_3b53a' '-shared-libgcc' '-mlittle-endian' '-mabi=lp64' '-dumpdir' 'cmTC_3b53a.'
gmake[1]: Leaving directory '/home/autopilot03/Desktop/f1tenth_test0804/f1tenth_project_repo/build/bev_processor/CMakeFiles/CMakeTmp'



Parsed CXX implicit include dir info from above output: rv=done
  found start of include info
  found start of implicit include info
    add: [/usr/include/c++/11]
    add: [/usr/include/aarch64-linux-gnu/c++/11]
    add: [/usr/include/c++/11/backward]
    add: [/usr/lib/gcc/aarch64-linux-gnu/11/include]
    add: [/usr/local/include]
    add: [/usr/include/aarch64-linux-gnu]
    add: [/usr/include]
  end of search list found
  collapse include dir [/usr/include/c++/11] ==> [/usr/include/c++/11]
  collapse include dir [/usr/include/aarch64-linux-gnu/c++/11] ==> [/usr/include/aarch64-linux-gnu/c++/11]
  collapse include dir [/usr/include/c++/11/backward] ==> [/usr/include/c++/11/backward]
  collapse include dir [/usr/lib/gcc/aarch64-linux-gnu/11/include] ==> [/usr/lib/gcc/aarch64-linux-gnu/11/include]
  collapse include dir [/usr/local/include] ==> [/usr/local/include]
  collapse include dir [/usr/include/aarch64-linux-gnu] ==> [/usr/include/aarch64-linux-gnu]
  collapse include dir [/usr/include] ==> [/usr/include]
  implicit include dirs: [/usr/include/c++/11;/usr/include/aarch64-linux-gnu/c++/11;/usr/include/c++/11/backward;/usr/lib/gcc/aarch64-linux-gnu/11/include;/usr/local/include;/usr/include/aarch64-linux-gnu;/usr/include]


Parsed CXX implicit link information from above output:
  link line regex: [^( *|.*[/\])(ld|CMAKE_LINK_STARTFILE-NOTFOUND|([^/\]+-)?ld|collect2)[^/\]*( |$)]
  ignore line: [Change Dir: /home/autopilot03/Desktop/f1tenth_test0804/f1tenth_project_repo/build/bev_processor/CMakeFiles/CMakeTmp]
  ignore line: []
  ignore line: [Run Build Command(s):/usr/bin/gmake -f Makefile cmTC_3b53a/fast && /usr/bin/gmake  -f CMakeFiles/cmTC_3b53a.dir/build.make CMakeFiles/cmTC_3b53a.dir/build]
  ignore line: [gmake[1]: Entering directory '/home/autopilot03/Desktop/f1tenth_test0804/f1tenth_project_repo/build/bev_processor/CMakeFiles/CMakeTmp']
  ignore line: [Building CXX object CMakeFiles/cmTC_3b53a.dir/CMakeCXXCompilerABI.cpp.o]
  ignore line: [/usr/bin/c++   -v -o CMakeFiles/cmTC_3b53a.dir/CMakeCXXCompilerABI.cpp.o -c /usr/share/cmake-3.22/Modules/CMakeCXXCompilerABI.cpp]
  ignore line: [Using built-in specs.]
  ignore line: [COLLECT_GCC=/usr/bin/c++]
  ignore line: [Target: aarch64-linux-gnu]
  ignore line: [Configured with: ../src/configure -v --with-pkgversion='Ubuntu 11.4.0-1ubuntu1~22.04.3' --with-bugurl=file:///usr/share/doc/gcc-11/README.Bugs --enable-languages=c ada c++ go d fortran objc obj-c++ m2 --prefix=/usr --with-gcc-major-version-only --program-suffix=-11 --program-prefix=aarch64-linux-gnu- --enable-shared --enable-linker-build-id --libexecdir=/usr/lib --without-included-gettext --enable-threads=posix --libdir=/usr/lib --enable-nls --enable-bootstrap --enable-clocale=gnu --enable-libstdcxx-debug --enable-libstdcxx-time=yes --with-default-libstdcxx-abi=new --enable-gnu-unique-object --disable-libquadmath --disable-libquadmath-support --enable-plugin --enable-default-pie --with-system-zlib --enable-libphobos-checking=release --with-target-system-zlib=auto --enable-objc-gc=auto --enable-multiarch --enable-fix-cortex-a53-843419 --disable-werror --enable-checking=release --build=aarch64-linux-gnu --host=aarch64-linux-gnu --target=aarch64-linux-gnu --with-build-config=bootstrap-lto-lean --enable-link-serialization=4]
  ignore line: [Thread model: posix]
  ignore line: [Supported LTO compression algorithms: zlib zstd]
  ignore line: [gcc version 11.4.0 (Ubuntu 11.4.0-1ubuntu1~22.04.3) ]
  ignore line: [COLLECT_GCC_OPTIONS='-v' '-o' 'CMakeFiles/cmTC_3b53a.dir/CMakeCXXCompilerABI.cpp.o' '-c' '-shared-libgcc' '-mlittle-endian' '-mabi=lp64' '-dumpdir' 'CMakeFiles/cmTC_3b53a.dir/']
  ignore line: [ /usr/lib/gcc/aarch64-linux-gnu/11/cc1plus -quiet -v -imultiarch aarch64-linux-gnu -D_GNU_SOURCE /usr/share/cmake-3.22/Modules/CMakeCXXCompilerABI.cpp -quiet -dumpdir CMakeFiles/cmTC_3b53a.dir/ -dumpbase CMakeCXXCompilerABI.cpp.cpp -dumpbase-ext .cpp -mlittle-endian -mabi=lp64 -version -fasynchronous-unwind-tables -fstack-protector-strong -Wformat -Wformat-security -fstack-clash-protection -o /tmp/ccp6pQUc.s]
  ignore line: [GNU C++17 (Ubuntu 11.4.0-1ubuntu1~22.04.3) version 11.4.0 (aarch64-linux-gnu)]
  ignore line: [	compiled by GNU C version 11.4.0  GMP version 6.2.1  MPFR version 4.1.0  MPC version 1.2.1  isl version isl-0.24-GMP]
  ignore line: []
  ignore line: [GGC heuristics: --param ggc-min-expand=100 --param ggc-min-heapsize=131072]
  ignore line: [ignoring duplicate directory "/usr/include/aarch64-linux-gnu/c++/11"]
  ignore line: [ignoring nonexistent directory "/usr/local/include/aarch64-linux-gnu"]
  ignore line: [ignoring nonexistent directory "/usr/lib/gcc/aarch64-linux-gnu/11/include-fixed"]
  ignore line: [ignoring nonexistent directory "/usr/lib/gcc/aarch64-linux-gnu/11/../../../../aarch64-linux-gnu/include"]
  ignore line: [#include "..." search starts here:]
  ignore line: [#include <...> search starts here:]
  ignore line: [ /usr/include/c++/11]
  ignore line: [ /usr/include/aarch64-linux-gnu/c++/11]
  ignore line: [ /usr/include/c++/11/backward]
  ignore line: [ /usr/lib/gcc/aarch64-linux-gnu/11/include]
  ignore line: [ /usr/local/include]
  ignore line: [ /usr/include/aarch64-linux-gnu]
  ignore line: [ /usr/include]
  ignore line: [End of search list.]
  ignore line: [GNU C++17 (Ubuntu 11.4.0-1ubuntu1~22.04.3) version 11.4.0 (aarch64-linux-gnu)]
  ignore line: [	compiled by GNU C version 11.4.0  GMP version 6.2.1  MPFR version 4.1.0  MPC version 1.2.1  isl version isl-0.24-GMP]
  ignore line: []
  ignore line: [GGC heuristics: --param ggc-min-expand=100 --param ggc-min-heapsize=131072]
  ignore line: [Compiler executable checksum: 1ec2e7097ef542eddc6fe6fb48e7bad4]
  ignore line: [COLLECT_GCC_OPTIONS='-v' '-o' 'CMakeFiles/cmTC_3b53a.dir/CMakeCXXCompilerABI.cpp.o' '-c' '-shared-libgcc' '-mlittle-endian' '-mabi=lp64' '-dumpdir' 'CMakeFiles/cmTC_3b53a.dir/']
  ignore line: [ as -v -EL -mabi=lp64 -o CMakeFiles/cmTC_3b53a.dir/CMakeCXXCompilerABI.cpp.o /tmp/ccp6pQUc.s]
  ignore line: [GNU assembler version 2.38 (aarch64-linux-gnu) using BFD version (GNU Binutils for Ubuntu) 2.38]
  ignore line: [COMPILER_PATH=/usr/lib/gcc/aarch64-linux-gnu/11/:/usr/lib/gcc/aarch64-linux-gnu/11/:/usr/lib/gcc/aarch64-linux-gnu/:/usr/lib/gcc/aarch64-linux-gnu/11/:/usr/lib/gcc/aarch64-linux-gnu/]
  ignore line: [LIBRARY_PATH=/usr/lib/gcc/aarch64-linux-gnu/11/:/usr/lib/gcc/aarch64-linux-gnu/11/../../../aarch64-linux-gnu/:/usr/lib/gcc/aarch64-linux-gnu/11/../../../../lib/:/lib/aarch64-linux-gnu/:/lib/../lib/:/usr/lib/aarch64-linux-gnu/:/usr/lib/../lib/:/usr/lib/gcc/aarch64-linux-gnu/11/../../../:/lib/:/usr/lib/]
  ignore line: [COLLECT_GCC_OPTIONS='-v' '-o' 'CMakeFiles/cmTC_3b53a.dir/CMakeCXXCompilerABI.cpp.o' '-c' '-shared-libgcc' '-mlittle-endian' '-mabi=lp64' '-dumpdir' 'CMakeFiles/cmTC_3b53a.dir/CMakeCXXCompilerABI.cpp.']
  ignore line: [Linking CXX executable cmTC_3b53a]
  ignore line: [/usr/bin/cmake -E cmake_link_script CMakeFiles/cmTC_3b53a.dir/link.txt --verbose=1]
  ignore line: [/usr/bin/c++  -v CMakeFiles/cmTC_3b53a.dir/CMakeCXXCompilerABI.cpp.o -o cmTC_3b53a ]
  ignore line: [Using built-in specs.]
  ignore line: [COLLECT_GCC=/usr/bin/c++]
  ignore line: [COLLECT_LTO_WRAPPER=/usr/lib/gcc/aarch64-linux-gnu/11/lto-wrapper]
  ignore line: [Target: aarch64-linux-gnu]
  ignore line: [Configured with: ../src/configure -v --with-pkgversion='Ubuntu 11.4.0-1ubuntu1~22.04.3' --with-bugurl=file:///usr/share/doc/gcc-11/README.Bugs --enable-languages=c ada c++ go d fortran objc obj-c++ m2 --prefix=/usr --with-gcc-major-version-only --program-suffix=-11 --program-prefix=aarch64-linux-gnu- --enable-shared --enable-linker-build-id --libexecdir=/usr/lib --without-included-gettext --enable-threads=posix --libdir=/usr/lib --enable-nls --enable-bootstrap --enable-clocale=gnu --enable-libstdcxx-debug --enable-libstdcxx-time=yes --with-default-libstdcxx-abi=new --enable-gnu-unique-object --disable-libquadmath --disable-libquadmath-support --enable-plugin --enable-default-pie --with-system-zlib --enable-libphobos-checking=release --with-target-system-zlib=auto --enable-objc-gc=auto --enable-multiarch --enable-fix-cortex-a53-843419 --disable-werror --enable-checking=release --build=aarch64-linux-gnu --host=aarch64-linux-gnu --target=aarch64-linux-gnu --with-build-config=bootstrap-lto-lean --enable-link-serialization=4]
  ignore line: [Thread model: posix]
  ignore line: [Supported LTO compression algorithms: zlib zstd]
  ignore line: [gcc version 11.4.0 (Ubuntu 11.4.0-1ubuntu1~22.04.3) ]
  ignore line: [COMPILER_PATH=/usr/lib/gcc/aarch64-linux-gnu/11/:/usr/lib/gcc/aarch64-linux-gnu/11/:/usr/lib/gcc/aarch64-linux-gnu/:/usr/lib/gcc/aarch64-linux-gnu/11/:/usr/lib/gcc/aarch64-linux-gnu/]
  ignore line: [LIBRARY_PATH=/usr/lib/gcc/aarch64-linux-gnu/11/:/usr/lib/gcc/aarch64-linux-gnu/11/../../../aarch64-linux-gnu/:/usr/lib/gcc/aarch64-linux-gnu/11/../../../../lib/:/lib/aarch64-linux-gnu/:/lib/../lib/:/usr/lib/aarch64-linux-gnu/:/usr/lib/../lib/:/usr/lib/gcc/aarch64-linux-gnu/11/../../../:/lib/:/usr/lib/]
  ignore line: [COLLECT_GCC_OPTIONS='-v' '-o' 'cmTC_3b53a' '-shared-libgcc' '-mlittle-endian' '-mabi=lp64' '-dumpdir' 'cmTC_3b53a.']
  link line: [ /usr/lib/gcc/aarch64-linux-gnu/11/collect2 -plugin /usr/lib/gcc/aarch64-linux-gnu/11/liblto_plugin.so -plugin-opt=/usr/lib/gcc/aarch64-linux-gnu/11/lto-wrapper -plugin-opt=-fresolution=/tmp/ccWPkDrR.res -plugin-opt=-pass-through=-lgcc_s -plugin-opt=-pass-through=-lgcc -plugin-opt=-pass-through=-lc -plugin-opt=-pass-through=-lgcc_s -plugin-opt=-pass-through=-lgcc --build-id --eh-frame-hdr --hash-style=gnu --as-needed -dynamic-linker /lib/ld-linux-aarch64.so.1 -X -EL -maarch64linux --fix-cortex-a53-843419 -pie -z now -z relro -o cmTC_3b53a /usr/lib/gcc/aarch64-linux-gnu/11/../../../aarch64-linux-gnu/Scrt1.o /usr/lib/gcc/aarch64-linux-gnu/11/../../../aarch64-linux-gnu/crti.o /usr/lib/gcc/aarch64-linux-gnu/11/crtbeginS.o -L/usr/lib/gcc/aarch64-linux-gnu/11 -L/usr/lib/gcc/aarch64-linux-gnu/11/../../../aarch64-linux-gnu -L/usr/lib/gcc/aarch64-linux-gnu/11/../../../../lib -L/lib/aarch64-linux-gnu -L/lib/../lib -L/usr/lib/aarch64-linux-gnu -L/usr/lib/../lib -L/usr/lib/gcc/aarch64-linux-gnu/11/../../.. CMakeFiles/cmTC_3b53a.dir/CMakeCXXCompilerABI.cpp.o -lstdc++ -lm -lgcc_s -lgcc -lc -lgcc_s -lgcc /usr/lib/gcc/aarch64-linux-gnu/11/crtendS.o /usr/lib/gcc/aarch64-linux-gnu/11/../../../aarch64-linux-gnu/crtn.o]
    arg [/usr/lib/gcc/aarch64-linux-gnu/11/collect2] ==> ignore
    arg [-plugin] ==> ignore
    arg [/usr/lib/gcc/aarch64-linux-gnu/11/liblto_plugin.so] ==> ignore
    arg [-plugin-opt=/usr/lib/gcc/aarch64-linux-gnu/11/lto-wrapper] ==> ignore
    arg [-plugin-opt=-fresolution=/tmp/ccWPkDrR.res] ==> ignore
    arg [-plugin-opt=-pass-through=-lgcc_s] ==> ignore
    arg [-plugin-opt=-pass-through=-lgcc] ==> ignore
    arg [-plugin-opt=-pass-through=-lc] ==> ignore
    arg [-plugin-opt=-pass-through=-lgcc_s] ==> ignore
    arg [-plugin-opt=-pass-through=-lgcc] ==> ignore
    arg [--build-id] ==> ignore
    arg [--eh-frame-hdr] ==> ignore
    arg [--hash-style=gnu] ==> ignore
    arg [--as-needed] ==> ignore
    arg [-dynamic-linker] ==> ignore
    arg [/lib/ld-linux-aarch64.so.1] ==> ignore
    arg [-X] ==> ignore
    arg [-EL] ==> ignore
    arg [-maarch64linux] ==> ignore
    arg [--fix-cortex-a53-843419] ==> ignore
    arg [-pie] ==> ignore
    arg [-znow] ==> ignore
    arg [-zrelro] ==> ignore
    arg [-o] ==> ignore
    arg [cmTC_3b53a] ==> ignore
    arg [/usr/lib/gcc/aarch64-linux-gnu/11/../../../aarch64-linux-gnu/Scrt1.o] ==> obj [/usr/lib/gcc/aarch64-linux-gnu/11/../../../aarch64-linux-gnu/Scrt1.o]
    arg [/usr/lib/gcc/aarch64-linux-gnu/11/../../../aarch64-linux-gnu/crti.o] ==> obj [/usr/lib/gcc/aarch64-linux-gnu/11/../../../aarch64-linux-gnu/crti.o]
    arg [/usr/lib/gcc/aarch64-linux-gnu/11/crtbeginS.o] ==> obj [/usr/lib/gcc/aarch64-linux-gnu/11/crtbeginS.o]
    arg [-L/usr/lib/gcc/aarch64-linux-gnu/11] ==> dir [/usr/lib/gcc/aarch64-linux-gnu/11]
    arg [-L/usr/lib/gcc/aarch64-linux-gnu/11/../../../aarch64-linux-gnu] ==> dir [/usr/lib/gcc/aarch64-linux-gnu/11/../../../aarch64-linux-gnu]
    arg [-L/usr/lib/gcc/aarch64-linux-gnu/11/../../../../lib] ==> dir [/usr/lib/gcc/aarch64-linux-gnu/11/../../../../lib]
    arg [-L/lib/aarch64-linux-gnu] ==> dir [/lib/aarch64-linux-gnu]
    arg [-L/lib/../lib] ==> dir [/lib/../lib]
    arg [-L/usr/lib/aarch64-linux-gnu] ==> dir [/usr/lib/aarch64-linux-gnu]
    arg [-L/usr/lib/../lib] ==> dir [/usr/lib/../lib]
    arg [-L/usr/lib/gcc/aarch64-linux-gnu/11/../../..] ==> dir [/usr/lib/gcc/aarch64-linux-gnu/11/../../..]
    arg [CMakeFiles/cmTC_3b53a.dir/CMakeCXXCompilerABI.cpp.o] ==> ignore
    arg [-lstdc++] ==> lib [stdc++]
    arg [-lm] ==> lib [m]
    arg [-lgcc_s] ==> lib [gcc_s]
    arg [-lgcc] ==> lib [gcc]
    arg [-lc] ==> lib [c]
    arg [-lgcc_s] ==> lib [gcc_s]
    arg [-lgcc] ==> lib [gcc]
    arg [/usr/lib/gcc/aarch64-linux-gnu/11/crtendS.o] ==> obj [/usr/lib/gcc/aarch64-linux-gnu/11/crtendS.o]
    arg [/usr/lib/gcc/aarch64-linux-gnu/11/../../../aarch64-linux-gnu/crtn.o] ==> obj [/usr/lib/gcc/aarch64-linux-gnu/11/../../../aarch64-linux-gnu/crtn.o]
  collapse obj [/usr/lib/gcc/aarch64-linux-gnu/11/../../../aarch64-linux-gnu/Scrt1.o] ==> [/usr/lib/aarch64-linux-gnu/Scrt1.o]
  collapse obj [/usr/lib/gcc/aarch64-linux-gnu/11/../../../aarch64-linux-gnu/crti.o] ==> [/usr/lib/aarch64-linux-gnu/crti.o]
  collapse obj [/usr/lib/gcc/aarch64-linux-gnu/11/../../../aarch64-linux-gnu/crtn.o] ==> [/usr/lib/aarch64-linux-gnu/crtn.o]
  collapse library dir [/usr/lib/gcc/aarch64-linux-gnu/11] ==> [/usr/lib/gcc/aarch64-linux-gnu/11]
  collapse library dir [/usr/lib/gcc/aarch64-linux-gnu/11/../../../aarch64-linux-gnu] ==> [/usr/lib/aarch64-linux-gnu]
  collapse library dir [/usr/lib/gcc/aarch64-linux-gnu/11/../../../../lib] ==> [/usr/lib]
  collapse library dir [/lib/aarch64-linux-gnu] ==> [/lib/aarch64-linux-gnu]
  collapse library dir [/lib/../lib] ==> [/lib]
  collapse library dir [/usr/lib/aarch64-linux-gnu] ==> [/usr/lib/aarch64-linux-gnu]
  collapse library dir [/usr/lib/../lib] ==> [/usr/lib]
  collapse library dir [/usr/lib/gcc/aarch64-linux-gnu/11/../../..] ==> [/usr/lib]
  implicit libs: [stdc++;m;gcc_s;gcc;c;gcc_s;gcc]
  implicit objs: [/usr/lib/aarch64-linux-gnu/Scrt1.o;/usr/lib/aarch64-linux-gnu/crti.o;/usr/lib/gcc/aarch64-linux-gnu/11/crtbeginS.o;/usr/lib/gcc/aarch64-linux-gnu/11/crtendS.o;/usr/lib/aarch64-linux-gnu/crtn.o]
  implicit dirs: [/usr/lib/gcc/aarch64-linux-gnu/11;/usr/lib/aarch64-linux-gnu;/usr/lib;/lib/aarch64-linux-gnu;/lib]
  implicit fwks: []


Detecting CUDA compiler ABI info compiled with the following output:
Change Dir: /home/autopilot03/Desktop/f1tenth_test0804/f1tenth_project_repo/build/bev_processor/CMakeFiles/CMakeTmp

Run Build Command(s):/usr/bin/gmake -f Makefile cmTC_7429d/fast && /usr/bin/gmake  -f CMakeFiles/cmTC_7429d.dir/build.make CMakeFiles/cmTC_7429d.dir/build
gmake[1]: Entering directory '/home/autopilot03/Desktop/f1tenth_test0804/f1tenth_project_repo/build/bev_processor/CMakeFiles/CMakeTmp'
Building CUDA object CMakeFiles/cmTC_7429d.dir/CMakeCUDACompilerABI.cu.o
/usr/local/cuda/bin/nvcc -forward-unknown-to-host-compiler   --generate-code=arch=compute_52,code=[compute_52,sm_52]   -Xcompiler=-v -MD -MT CMakeFiles/cmTC_7429d.dir/CMakeCUDACompilerABI.cu.o -MF CMakeFiles/cmTC_7429d.dir/CMakeCUDACompilerABI.cu.o.d -x cu -c /usr/share/cmake-3.22/Modules/CMakeCUDACompilerABI.cu -o CMakeFiles/cmTC_7429d.dir/CMakeCUDACompilerABI.cu.o
Using built-in specs.
COLLECT_GCC=gcc
Target: aarch64-linux-gnu
Configured with: ../src/configure -v --with-pkgversion='Ubuntu 11.4.0-1ubuntu1~22.04.3' --with-bugurl=file:///usr/share/doc/gcc-11/README.Bugs --enable-languages=c,ada,c++,go,d,fortran,objc,obj-c++,m2 --prefix=/usr --with-gcc-major-version-only --program-suffix=-11 --program-prefix=aarch64-linux-gnu- --enable-shared --enable-linker-build-id --libexecdir=/usr/lib --without-included-gettext --enable-threads=posix --libdir=/usr/lib --enable-nls --enable-bootstrap --enable-clocale=gnu --enable-libstdcxx-debug --enable-libstdcxx-time=yes --with-default-libstdcxx-abi=new --enable-gnu-unique-object --disable-libquadmath --disable-libquadmath-support --enable-plugin --enable-default-pie --with-system-zlib --enable-libphobos-checking=release --with-target-system-zlib=auto --enable-objc-gc=auto --enable-multiarch --enable-fix-cortex-a53-843419 --disable-werror --enable-checking=release --build=aarch64-linux-gnu --host=aarch64-linux-gnu --target=aarch64-linux-gnu --with-build-config=bootstrap-lto-lean --enable-link-serialization=4
Thread model: posix
Supported LTO compression algorithms: zlib zstd
gcc version 11.4.0 (Ubuntu 11.4.0-1ubuntu1~22.04.3) 
COLLECT_GCC_OPTIONS='-D' '__CUDA_ARCH__=520' '-D' '__CUDA_ARCH_LIST__=520' '-D' '__NV_LEGACY_LAUNCH' '-E' '-D' 'CUDA_DOUBLE_MATH_FUNCTIONS' '-D' '__CUDACC__' '-D' '__NVCC__' '-v' '-I' '/usr/local/cuda/bin/../targets/aarch64-linux/include' '-D' '__CUDACC_VER_MAJOR__=12' '-D' '__CUDACC_VER_MINOR__=6' '-D' '__CUDACC_VER_BUILD__=68' '-D' '__CUDA_API_VER_MAJOR__=12' '-D' '__CUDA_API_VER_MINOR__=6' '-D' '__NVCC_DIAG_PRAGMA_SUPPORT__=1' '-include' 'cuda_runtime.h' '-o' '/tmp/tmpxft_00002154_00000000-7_CMakeCUDACompilerABI.cpp1.ii' '-mlittle-endian' '-mabi=lp64' '-dumpdir' '/tmp/'
 /usr/lib/gcc/aarch64-linux-gnu/11/cc1plus -E -quiet -v -I /usr/local/cuda/bin/../targets/aarch64-linux/include -imultiarch aarch64-linux-gnu -D_GNU_SOURCE -D __CUDA_ARCH__=520 -D __CUDA_ARCH_LIST__=520 -D __NV_LEGACY_LAUNCH -D CUDA_DOUBLE_MATH_FUNCTIONS -D __CUDACC__ -D __NVCC__ -D __CUDACC_VER_MAJOR__=12 -D __CUDACC_VER_MINOR__=6 -D __CUDACC_VER_BUILD__=68 -D __CUDA_API_VER_MAJOR__=12 -D __CUDA_API_VER_MINOR__=6 -D __NVCC_DIAG_PRAGMA_SUPPORT__=1 -include cuda_runtime.h /usr/share/cmake-3.22/Modules/CMakeCUDACompilerABI.cu -o /tmp/tmpxft_00002154_00000000-7_CMakeCUDACompilerABI.cpp1.ii -mlittle-endian -mabi=lp64 -fasynchronous-unwind-tables -fstack-protector-strong -Wformat -Wformat-security -fstack-clash-protection -dumpdir /tmp/ -dumpbase tmpxft_00002154_00000000-7_CMakeCUDACompilerABI.cpp1.cu -dumpbase-ext .cu
ignoring duplicate directory "/usr/include/aarch64-linux-gnu/c++/11"
ignoring nonexistent directory "/usr/local/include/aarch64-linux-gnu"
ignoring nonexistent directory "/usr/lib/gcc/aarch64-linux-gnu/11/include-fixed"
ignoring nonexistent directory "/usr/lib/gcc/aarch64-linux-gnu/11/../../../../aarch64-linux-gnu/include"
#include "..." search starts here:
#include <...> search starts here:
 /usr/local/cuda/bin/../targets/aarch64-linux/include
 /usr/include/c++/11
 /usr/include/aarch64-linux-gnu/c++/11
 /usr/include/c++/11/backward
 /usr/lib/gcc/aarch64-linux-gnu/11/include
 /usr/local/include
 /usr/include/aarch64-linux-gnu
 /usr/include
End of search list.
COMPILER_PATH=/usr/lib/gcc/aarch64-linux-gnu/11/:/usr/lib/gcc/aarch64-linux-gnu/11/:/usr/lib/gcc/aarch64-linux-gnu/:/usr/lib/gcc/aarch64-linux-gnu/11/:/usr/lib/gcc/aarch64-linux-gnu/
LIBRARY_PATH=/usr/lib/gcc/aarch64-linux-gnu/11/:/usr/lib/gcc/aarch64-linux-gnu/11/../../../aarch64-linux-gnu/:/usr/lib/gcc/aarch64-linux-gnu/11/../../../../lib/:/lib/aarch64-linux-gnu/:/lib/../lib/:/usr/lib/aarch64-linux-gnu/:/usr/lib/../lib/:/usr/lib/gcc/aarch64-linux-gnu/11/../../../:/lib/:/usr/lib/
COLLECT_GCC_OPTIONS='-D' '__CUDA_ARCH__=520' '-D' '__CUDA_ARCH_LIST__=520' '-D' '__NV_LEGACY_LAUNCH' '-E' '-D' 'CUDA_DOUBLE_MATH_FUNCTIONS' '-D' '__CUDACC__' '-D' '__NVCC__' '-v' '-I' '/usr/local/cuda/bin/../targets/aarch64-linux/include' '-D' '__CUDACC_VER_MAJOR__=12' '-D' '__CUDACC_VER_MINOR__=6' '-D' '__CUDACC_VER_BUILD__=68' '-D' '__CUDA_API_VER_MAJOR__=12' '-D' '__CUDA_API_VER_MINOR__=6' '-D' '__NVCC_DIAG_PRAGMA_SUPPORT__=1' '-include' 'cuda_runtime.h' '-o' '/tmp/tmpxft_00002154_00000000-7_CMakeCUDACompilerABI.cpp1.ii' '-mlittle-endian' '-mabi=lp64' '-dumpdir' '/tmp/tmpxft_00002154_00000000-7_CMakeCUDACompilerABI.cpp1.'
Using built-in specs.
COLLECT_GCC=gcc
Target: aarch64-linux-gnu
Configured with: ../src/configure -v --with-pkgversion='Ubuntu 11.4.0-1ubuntu1~22.04.3' --with-bugurl=file:///usr/share/doc/gcc-11/README.Bugs --enable-languages=c,ada,c++,go,d,fortran,objc,obj-c++,m2 --prefix=/usr --with-gcc-major-version-only --program-suffix=-11 --program-prefix=aarch64-linux-gnu- --enable-shared --enable-linker-build-id --libexecdir=/usr/lib --without-included-gettext --enable-threads=posix --libdir=/usr/lib --enable-nls --enable-bootstrap --enable-clocale=gnu --enable-libstdcxx-debug --enable-libstdcxx-time=yes --with-default-libstdcxx-abi=new --enable-gnu-unique-object --disable-libquadmath --disable-libquadmath-support --enable-plugin --enable-default-pie --with-system-zlib --enable-libphobos-checking=release --with-target-system-zlib=auto --enable-objc-gc=auto --enable-multiarch --enable-fix-cortex-a53-843419 --disable-werror --enable-checking=release --build=aarch64-linux-gnu --host=aarch64-linux-gnu --target=aarch64-linux-gnu --with-build-config=bootstrap-lto-lean --enable-link-serialization=4
Thread model: posix
Supported LTO compression algorithms: zlib zstd
gcc version 11.4.0 (Ubuntu 11.4.0-1ubuntu1~22.04.3) 
COLLECT_GCC_OPTIONS='-D' '__CUDA_ARCH_LIST__=520' '-D' '__NV_LEGACY_LAUNCH' '-E' '-D' '__CUDACC__' '-D' '__NVCC__' '-v' '-I' '/usr/local/cuda/bin/../targets/aarch64-linux/include' '-D' '__CUDACC_VER_MAJOR__=12' '-D' '__CUDACC_VER_MINOR__=6' '-D' '__CUDACC_VER_BUILD__=68' '-D' '__CUDA_API_VER_MAJOR__=12' '-D' '__CUDA_API_VER_MINOR__=6' '-D' '__NVCC_DIAG_PRAGMA_SUPPORT__=1' '-include' 'cuda_runtime.h' '-o' '/tmp/tmpxft_00002154_00000000-5_CMakeCUDACompilerABI.cpp4.ii' '-mlittle-endian' '-mabi=lp64' '-dumpdir' '/tmp/'
 /usr/lib/gcc/aarch64-linux-gnu/11/cc1plus -E -quiet -v -I /usr/local/cuda/bin/../targets/aarch64-linux/include -imultiarch aarch64-linux-gnu -D_GNU_SOURCE -D __CUDA_ARCH_LIST__=520 -D __NV_LEGACY_LAUNCH -D __CUDACC__ -D __NVCC__ -D __CUDACC_VER_MAJOR__=12 -D __CUDACC_VER_MINOR__=6 -D __CUDACC_VER_BUILD__=68 -D __CUDA_API_VER_MAJOR__=12 -D __CUDA_API_VER_MINOR__=6 -D __NVCC_DIAG_PRAGMA_SUPPORT__=1 -include cuda_runtime.h /usr/share/cmake-3.22/Modules/CMakeCUDACompilerABI.cu -o /tmp/tmpxft_00002154_00000000-5_CMakeCUDACompilerABI.cpp4.ii -mlittle-endian -mabi=lp64 -fasynchronous-unwind-tables -fstack-protector-strong -Wformat -Wformat-security -fstack-clash-protection -dumpdir /tmp/ -dumpbase tmpxft_00002154_00000000-5_CMakeCUDACompilerABI.cpp4.cu -dumpbase-ext .cu
ignoring duplicate directory "/usr/include/aarch64-linux-gnu/c++/11"
ignoring nonexistent directory "/usr/local/include/aarch64-linux-gnu"
ignoring nonexistent directory "/usr/lib/gcc/aarch64-linux-gnu/11/include-fixed"
ignoring nonexistent directory "/usr/lib/gcc/aarch64-linux-gnu/11/../../../../aarch64-linux-gnu/include"
#include "..." search starts here:
#include <...> search starts here:
 /usr/local/cuda/bin/../targets/aarch64-linux/include
 /usr/include/c++/11
 /usr/include/aarch64-linux-gnu/c++/11
 /usr/include/c++/11/backward
 /usr/lib/gcc/aarch64-linux-gnu/11/include
 /usr/local/include
 /usr/include/aarch64-linux-gnu
 /usr/include
End of search list.
COMPILER_PATH=/usr/lib/gcc/aarch64-linux-gnu/11/:/usr/lib/gcc/aarch64-linux-gnu/11/:/usr/lib/gcc/aarch64-linux-gnu/:/usr/lib/gcc/aarch64-linux-gnu/11/:/usr/lib/gcc/aarch64-linux-gnu/
LIBRARY_PATH=/usr/lib/gcc/aarch64-linux-gnu/11/:/usr/lib/gcc/aarch64-linux-gnu/11/../../../aarch64-linux-gnu/:/usr/lib/gcc/aarch64-linux-gnu/11/../../../../lib/:/lib/aarch64-linux-gnu/:/lib/../lib/:/usr/lib/aarch64-linux-gnu/:/usr/lib/../lib/:/usr/lib/gcc/aarch64-linux-gnu/11/../../../:/lib/:/usr/lib/
COLLECT_GCC_OPTIONS='-D' '__CUDA_ARCH_LIST__=520' '-D' '__NV_LEGACY_LAUNCH' '-E' '-D' '__CUDACC__' '-D' '__NVCC__' '-v' '-I' '/usr/local/cuda/bin/../targets/aarch64-linux/include' '-D' '__CUDACC_VER_MAJOR__=12' '-D' '__CUDACC_VER_MINOR__=6' '-D' '__CUDACC_VER_BUILD__=68' '-D' '__CUDA_API_VER_MAJOR__=12' '-D' '__CUDA_API_VER_MINOR__=6' '-D' '__NVCC_DIAG_PRAGMA_SUPPORT__=1' '-include' 'cuda_runtime.h' '-o' '/tmp/tmpxft_00002154_00000000-5_CMakeCUDACompilerABI.cpp4.ii' '-mlittle-endian' '-mabi=lp64' '-dumpdir' '/tmp/tmpxft_00002154_00000000-5_CMakeCUDACompilerABI.cpp4.'
Using built-in specs.
COLLECT_GCC=gcc
Target: aarch64-linux-gnu
Configured with: ../src/configure -v --with-pkgversion='Ubuntu 11.4.0-1ubuntu1~22.04.3' --with-bugurl=file:///usr/share/doc/gcc-11/README.Bugs --enable-languages=c,ada,c++,go,d,fortran,objc,obj-c++,m2 --prefix=/usr --with-gcc-major-version-only --program-suffix=-11 --program-prefix=aarch64-linux-gnu- --enable-shared --enable-linker-build-id --libexecdir=/usr/lib --without-included-gettext --enable-threads=posix --libdir=/usr/lib --enable-nls --enable-bootstrap --enable-clocale=gnu --enable-libstdcxx-debug --enable-libstdcxx-time=yes --with-default-libstdcxx-abi=new --enable-gnu-unique-object --disable-libquadmath --disable-libquadmath-support --enable-plugin --enable-default-pie --with-system-zlib --enable-libphobos-checking=release --with-target-system-zlib=auto --enable-objc-gc=auto --enable-multiarch --enable-fix-cortex-a53-843419 --disable-werror --enable-checking=release --build=aarch64-linux-gnu --host=aarch64-linux-gnu --target=aarch64-linux-gnu --with-build-config=bootstrap-lto-lean --enable-link-serialization=4
Thread model: posix
Supported LTO compression algorithms: zlib zstd
gcc version 11.4.0 (Ubuntu 11.4.0-1ubuntu1~22.04.3) 
COLLECT_GCC_OPTIONS='-D' '__CUDA_ARCH__=520' '-D' '__CUDA_ARCH_LIST__=520' '-D' '__NV_LEGACY_LAUNCH' '-c' '-D' 'CUDA_DOUBLE_MATH_FUNCTIONS' '-v' '-Wno-psabi' '-I' '/usr/local/cuda/bin/../targets/aarch64-linux/include' '-o' 'CMakeFiles/cmTC_7429d.dir/CMakeCUDACompilerABI.cu.o' '-mlittle-endian' '-mabi=lp64' '-dumpdir' 'CMakeFiles/cmTC_7429d.dir/'
 /usr/lib/gcc/aarch64-linux-gnu/11/cc1plus -quiet -v -I /usr/local/cuda/bin/../targets/aarch64-linux/include -imultiarch aarch64-linux-gnu -D_GNU_SOURCE -D __CUDA_ARCH__=520 -D __CUDA_ARCH_LIST__=520 -D __NV_LEGACY_LAUNCH -D CUDA_DOUBLE_MATH_FUNCTIONS /tmp/tmpxft_00002154_00000000-6_CMakeCUDACompilerABI.cudafe1.cpp -quiet -dumpdir CMakeFiles/cmTC_7429d.dir/ -dumpbase CMakeCUDACompilerABI.cu.cpp -dumpbase-ext .cpp -mlittle-endian -mabi=lp64 -Wno-psabi -version -fasynchronous-unwind-tables -fstack-protector-strong -Wformat -Wformat-security -fstack-clash-protection -o /tmp/cc692AGT.s
GNU C++17 (Ubuntu 11.4.0-1ubuntu1~22.04.3) version 11.4.0 (aarch64-linux-gnu)
	compiled by GNU C version 11.4.0, GMP version 6.2.1, MPFR version 4.1.0, MPC version 1.2.1, isl version isl-0.24-GMP

GGC heuristics: --param ggc-min-expand=100 --param ggc-min-heapsize=131072
ignoring duplicate directory "/usr/include/aarch64-linux-gnu/c++/11"
ignoring nonexistent directory "/usr/local/include/aarch64-linux-gnu"
ignoring nonexistent directory "/usr/lib/gcc/aarch64-linux-gnu/11/include-fixed"
ignoring nonexistent directory "/usr/lib/gcc/aarch64-linux-gnu/11/../../../../aarch64-linux-gnu/include"
#include "..." search starts here:
#include <...> search starts here:
 /usr/local/cuda/bin/../targets/aarch64-linux/include
 /usr/include/c++/11
 /usr/include/aarch64-linux-gnu/c++/11
 /usr/include/c++/11/backward
 /usr/lib/gcc/aarch64-linux-gnu/11/include
 /usr/local/include
 /usr/include/aarch64-linux-gnu
 /usr/include
End of search list.
GNU C++17 (Ubuntu 11.4.0-1ubuntu1~22.04.3) version 11.4.0 (aarch64-linux-gnu)
	compiled by GNU C version 11.4.0, GMP version 6.2.1, MPFR version 4.1.0, MPC version 1.2.1, isl version isl-0.24-GMP

GGC heuristics: --param ggc-min-expand=100 --param ggc-min-heapsize=131072
Compiler executable checksum: 1ec2e7097ef542eddc6fe6fb48e7bad4
COLLECT_GCC_OPTIONS='-D' '__CUDA_ARCH__=520' '-D' '__CUDA_ARCH_LIST__=520' '-D' '__NV_LEGACY_LAUNCH' '-c' '-D' 'CUDA_DOUBLE_MATH_FUNCTIONS' '-v' '-Wno-psabi' '-I' '/usr/local/cuda/bin/../targets/aarch64-linux/include' '-o' 'CMakeFiles/cmTC_7429d.dir/CMakeCUDACompilerABI.cu.o' '-mlittle-endian' '-mabi=lp64' '-dumpdir' 'CMakeFiles/cmTC_7429d.dir/'
 as -v -I /usr/local/cuda/bin/../targets/aarch64-linux/include -EL -mabi=lp64 -o CMakeFiles/cmTC_7429d.dir/CMakeCUDACompilerABI.cu.o /tmp/cc692AGT.s
GNU assembler version 2.38 (aarch64-linux-gnu) using BFD version (GNU Binutils for Ubuntu) 2.38
COMPILER_PATH=/usr/lib/gcc/aarch64-linux-gnu/11/:/usr/lib/gcc/aarch64-linux-gnu/11/:/usr/lib/gcc/aarch64-linux-gnu/:/usr/lib/gcc/aarch64-linux-gnu/11/:/usr/lib/gcc/aarch64-linux-gnu/
LIBRARY_PATH=/usr/lib/gcc/aarch64-linux-gnu/11/:/usr/lib/gcc/aarch64-linux-gnu/11/../../../aarch64-linux-gnu/:/usr/lib/gcc/aarch64-linux-gnu/11/../../../../lib/:/lib/aarch64-linux-gnu/:/lib/../lib/:/usr/lib/aarch64-linux-gnu/:/usr/lib/../lib/:/usr/lib/gcc/aarch64-linux-gnu/11/../../../:/lib/:/usr/lib/
COLLECT_GCC_OPTIONS='-D' '__CUDA_ARCH__=520' '-D' '__CUDA_ARCH_LIST__=520' '-D' '__NV_LEGACY_LAUNCH' '-c' '-D' 'CUDA_DOUBLE_MATH_FUNCTIONS' '-v' '-Wno-psabi' '-I' '/usr/local/cuda/bin/../targets/aarch64-linux/include' '-o' 'CMakeFiles/cmTC_7429d.dir/CMakeCUDACompilerABI.cu.o' '-mlittle-endian' '-mabi=lp64' '-dumpdir' 'CMakeFiles/cmTC_7429d.dir/CMakeCUDACompilerABI.cu.'
Linking CUDA executable cmTC_7429d
/usr/bin/cmake -E cmake_link_script CMakeFiles/cmTC_7429d.dir/link.txt --verbose=1
/usr/bin/g++  -v CMakeFiles/cmTC_7429d.dir/CMakeCUDACompilerABI.cu.o -o cmTC_7429d  -lcudadevrt -lcudart_static -lrt -lpthread -ldl  -L"/usr/local/cuda/targets/aarch64-linux/lib/stubs" -L"/usr/local/cuda/targets/aarch64-linux/lib"
Using built-in specs.
COLLECT_GCC=/usr/bin/g++
COLLECT_LTO_WRAPPER=/usr/lib/gcc/aarch64-linux-gnu/11/lto-wrapper
Target: aarch64-linux-gnu
Configured with: ../src/configure -v --with-pkgversion='Ubuntu 11.4.0-1ubuntu1~22.04.3' --with-bugurl=file:///usr/share/doc/gcc-11/README.Bugs --enable-languages=c,ada,c++,go,d,fortran,objc,obj-c++,m2 --prefix=/usr --with-gcc-major-version-only --program-suffix=-11 --program-prefix=aarch64-linux-gnu- --enable-shared --enable-linker-build-id --libexecdir=/usr/lib --without-included-gettext --enable-threads=posix --libdir=/usr/lib --enable-nls --enable-bootstrap --enable-clocale=gnu --enable-libstdcxx-debug --enable-libstdcxx-time=yes --with-default-libstdcxx-abi=new --enable-gnu-unique-object --disable-libquadmath --disable-libquadmath-support --enable-plugin --enable-default-pie --with-system-zlib --enable-libphobos-checking=release --with-target-system-zlib=auto --enable-objc-gc=auto --enable-multiarch --enable-fix-cortex-a53-843419 --disable-werror --enable-checking=release --build=aarch64-linux-gnu --host=aarch64-linux-gnu --target=aarch64-linux-gnu --with-build-config=bootstrap-lto-lean --enable-link-serialization=4
Thread model: posix
Supported LTO compression algorithms: zlib zstd
gcc version 11.4.0 (Ubuntu 11.4.0-1ubuntu1~22.04.3) 
COMPILER_PATH=/usr/lib/gcc/aarch64-linux-gnu/11/:/usr/lib/gcc/aarch64-linux-gnu/11/:/usr/lib/gcc/aarch64-linux-gnu/:/usr/lib/gcc/aarch64-linux-gnu/11/:/usr/lib/gcc/aarch64-linux-gnu/
LIBRARY_PATH=/usr/lib/gcc/aarch64-linux-gnu/11/:/usr/lib/gcc/aarch64-linux-gnu/11/../../../aarch64-linux-gnu/:/usr/lib/gcc/aarch64-linux-gnu/11/../../../../lib/:/lib/aarch64-linux-gnu/:/lib/../lib/:/usr/lib/aarch64-linux-gnu/:/usr/lib/../lib/:/usr/lib/gcc/aarch64-linux-gnu/11/../../../:/lib/:/usr/lib/
COLLECT_GCC_OPTIONS='-v' '-o' 'cmTC_7429d' '-L/usr/local/cuda/targets/aarch64-linux/lib/stubs' '-L/usr/local/cuda/targets/aarch64-linux/lib' '-shared-libgcc' '-mlittle-endian' '-mabi=lp64' '-dumpdir' 'cmTC_7429d.'
 /usr/lib/gcc/aarch64-linux-gnu/11/collect2 -plugin /usr/lib/gcc/aarch64-linux-gnu/11/liblto_plugin.so -plugin-opt=/usr/lib/gcc/aarch64-linux-gnu/11/lto-wrapper -plugin-opt=-fresolution=/tmp/ccLG75Wj.res -plugin-opt=-pass-through=-lgcc_s -plugin-opt=-pass-through=-lgcc -plugin-opt=-pass-through=-lc -plugin-opt=-pass-through=-lgcc_s -plugin-opt=-pass-through=-lgcc --build-id --eh-frame-hdr --hash-style=gnu --as-needed -dynamic-linker /lib/ld-linux-aarch64.so.1 -X -EL -maarch64linux --fix-cortex-a53-843419 -pie -z now -z relro -o cmTC_7429d /usr/lib/gcc/aarch64-linux-gnu/11/../../../aarch64-linux-gnu/Scrt1.o /usr/lib/gcc/aarch64-linux-gnu/11/../../../aarch64-linux-gnu/crti.o /usr/lib/gcc/aarch64-linux-gnu/11/crtbeginS.o -L/usr/local/cuda/targets/aarch64-linux/lib/stubs -L/usr/local/cuda/targets/aarch64-linux/lib -L/usr/lib/gcc/aarch64-linux-gnu/11 -L/usr/lib/gcc/aarch64-linux-gnu/11/../../../aarch64-linux-gnu -L/usr/lib/gcc/aarch64-linux-gnu/11/../../../../lib -L/lib/aarch64-linux-gnu -L/lib/../lib -L/usr/lib/aarch64-linux-gnu -L/usr/lib/../lib -L/usr/lib/gcc/aarch64-linux-gnu/11/../../.. CMakeFiles/cmTC_7429d.dir/CMakeCUDACompilerABI.cu.o -lcudadevrt -lcudart_static -lrt -lpthread -ldl -lstdc++ -lm -lgcc_s -lgcc -lc -lgcc_s -lgcc /usr/lib/gcc/aarch64-linux-gnu/11/crtendS.o /usr/lib/gcc/aarch64-linux-gnu/11/../../../aarch64-linux-gnu/crtn.o
COLLECT_GCC_OPTIONS='-v' '-o' 'cmTC_7429d' '-L/usr/local/cuda/targets/aarch64-linux/lib/stubs' '-L/usr/local/cuda/targets/aarch64-linux/lib' '-shared-libgcc' '-mlittle-endian' '-mabi=lp64' '-dumpdir' 'cmTC_7429d.'
gmake[1]: Leaving directory '/home/autopilot03/Desktop/f1tenth_test0804/f1tenth_project_repo/build/bev_processor/CMakeFiles/CMakeTmp'



Parsed CUDA implicit include dir info from above output: rv=done
  found start of include info
  found start of implicit include info
    add: [/usr/local/cuda/bin/../targets/aarch64-linux/include]
    add: [/usr/include/c++/11]
    add: [/usr/include/aarch64-linux-gnu/c++/11]
    add: [/usr/include/c++/11/backward]
    add: [/usr/lib/gcc/aarch64-linux-gnu/11/include]
    add: [/usr/local/include]
    add: [/usr/include/aarch64-linux-gnu]
    add: [/usr/include]
  end of search list found
  collapse include dir [/usr/local/cuda/bin/../targets/aarch64-linux/include] ==> [/usr/local/cuda/targets/aarch64-linux/include]
  collapse include dir [/usr/include/c++/11] ==> [/usr/include/c++/11]
  collapse include dir [/usr/include/aarch64-linux-gnu/c++/11] ==> [/usr/include/aarch64-linux-gnu/c++/11]
  collapse include dir [/usr/include/c++/11/backward] ==> [/usr/include/c++/11/backward]
  collapse include dir [/usr/lib/gcc/aarch64-linux-gnu/11/include] ==> [/usr/lib/gcc/aarch64-linux-gnu/11/include]
  collapse include dir [/usr/local/include] ==> [/usr/local/include]
  collapse include dir [/usr/include/aarch64-linux-gnu] ==> [/usr/include/aarch64-linux-gnu]
  collapse include dir [/usr/include] ==> [/usr/include]
  implicit include dirs: [/usr/local/cuda/targets/aarch64-linux/include;/usr/include/c++/11;/usr/include/aarch64-linux-gnu/c++/11;/usr/include/c++/11/backward;/usr/lib/gcc/aarch64-linux-gnu/11/include;/usr/local/include;/usr/include/aarch64-linux-gnu;/usr/include]


Parsed CUDA implicit link information from above output:
  link line regex: [^( *|.*[/\])(ld|CMAKE_LINK_STARTFILE-NOTFOUND|([^/\]+-)?ld|collect2)[^/\]*( |$)]
  ignore line: [Change Dir: /home/autopilot03/Desktop/f1tenth_test0804/f1tenth_project_repo/build/bev_processor/CMakeFiles/CMakeTmp]
  ignore line: []
  ignore line: [Run Build Command(s):/usr/bin/gmake -f Makefile cmTC_7429d/fast && /usr/bin/gmake  -f CMakeFiles/cmTC_7429d.dir/build.make CMakeFiles/cmTC_7429d.dir/build]
  ignore line: [gmake[1]: Entering directory '/home/autopilot03/Desktop/f1tenth_test0804/f1tenth_project_repo/build/bev_processor/CMakeFiles/CMakeTmp']
  ignore line: [Building CUDA object CMakeFiles/cmTC_7429d.dir/CMakeCUDACompilerABI.cu.o]
  ignore line: [/usr/local/cuda/bin/nvcc -forward-unknown-to-host-compiler   --generate-code=arch=compute_52 code=[compute_52 sm_52]   -Xcompiler=-v -MD -MT CMakeFiles/cmTC_7429d.dir/CMakeCUDACompilerABI.cu.o -MF CMakeFiles/cmTC_7429d.dir/CMakeCUDACompilerABI.cu.o.d -x cu -c /usr/share/cmake-3.22/Modules/CMakeCUDACompilerABI.cu -o CMakeFiles/cmTC_7429d.dir/CMakeCUDACompilerABI.cu.o]
  ignore line: [Using built-in specs.]
  ignore line: [COLLECT_GCC=gcc]
  ignore line: [Target: aarch64-linux-gnu]
  ignore line: [Configured with: ../src/configure -v --with-pkgversion='Ubuntu 11.4.0-1ubuntu1~22.04.3' --with-bugurl=file:///usr/share/doc/gcc-11/README.Bugs --enable-languages=c ada c++ go d fortran objc obj-c++ m2 --prefix=/usr --with-gcc-major-version-only --program-suffix=-11 --program-prefix=aarch64-linux-gnu- --enable-shared --enable-linker-build-id --libexecdir=/usr/lib --without-included-gettext --enable-threads=posix --libdir=/usr/lib --enable-nls --enable-bootstrap --enable-clocale=gnu --enable-libstdcxx-debug --enable-libstdcxx-time=yes --with-default-libstdcxx-abi=new --enable-gnu-unique-object --disable-libquadmath --disable-libquadmath-support --enable-plugin --enable-default-pie --with-system-zlib --enable-libphobos-checking=release --with-target-system-zlib=auto --enable-objc-gc=auto --enable-multiarch --enable-fix-cortex-a53-843419 --disable-werror --enable-checking=release --build=aarch64-linux-gnu --host=aarch64-linux-gnu --target=aarch64-linux-gnu --with-build-config=bootstrap-lto-lean --enable-link-serialization=4]
  ignore line: [Thread model: posix]
  ignore line: [Supported LTO compression algorithms: zlib zstd]
  ignore line: [gcc version 11.4.0 (Ubuntu 11.4.0-1ubuntu1~22.04.3) ]
  ignore line: [COLLECT_GCC_OPTIONS='-D' '__CUDA_ARCH__=520' '-D' '__CUDA_ARCH_LIST__=520' '-D' '__NV_LEGACY_LAUNCH' '-E' '-D' 'CUDA_DOUBLE_MATH_FUNCTIONS' '-D' '__CUDACC__' '-D' '__NVCC__' '-v' '-I' '/usr/local/cuda/bin/../targets/aarch64-linux/include' '-D' '__CUDACC_VER_MAJOR__=12' '-D' '__CUDACC_VER_MINOR__=6' '-D' '__CUDACC_VER_BUILD__=68' '-D' '__CUDA_API_VER_MAJOR__=12' '-D' '__CUDA_API_VER_MINOR__=6' '-D' '__NVCC_DIAG_PRAGMA_SUPPORT__=1' '-include' 'cuda_runtime.h' '-o' '/tmp/tmpxft_00002154_00000000-7_CMakeCUDACompilerABI.cpp1.ii' '-mlittle-endian' '-mabi=lp64' '-dumpdir' '/tmp/']
  ignore line: [ /usr/lib/gcc/aarch64-linux-gnu/11/cc1plus -E -quiet -v -I /usr/local/cuda/bin/../targets/aarch64-linux/include -imultiarch aarch64-linux-gnu -D_GNU_SOURCE -D __CUDA_ARCH__=520 -D __CUDA_ARCH_LIST__=520 -D __NV_LEGACY_LAUNCH -D CUDA_DOUBLE_MATH_FUNCTIONS -D __CUDACC__ -D __NVCC__ -D __CUDACC_VER_MAJOR__=12 -D __CUDACC_VER_MINOR__=6 -D __CUDACC_VER_BUILD__=68 -D __CUDA_API_VER_MAJOR__=12 -D __CUDA_API_VER_MINOR__=6 -D __NVCC_DIAG_PRAGMA_SUPPORT__=1 -include cuda_runtime.h /usr/share/cmake-3.22/Modules/CMakeCUDACompilerABI.cu -o /tmp/tmpxft_00002154_00000000-7_CMakeCUDACompilerABI.cpp1.ii -mlittle-endian -mabi=lp64 -fasynchronous-unwind-tables -fstack-protector-strong -Wformat -Wformat-security -fstack-clash-protection -dumpdir /tmp/ -dumpbase tmpxft_00002154_00000000-7_CMakeCUDACompilerABI.cpp1.cu -dumpbase-ext .cu]
  ignore line: [ignoring duplicate directory "/usr/include/aarch64-linux-gnu/c++/11"]
  ignore line: [ignoring nonexistent directory "/usr/local/include/aarch64-linux-gnu"]
  ignore line: [ignoring nonexistent directory "/usr/lib/gcc/aarch64-linux-gnu/11/include-fixed"]
  ignore line: [ignoring nonexistent directory "/usr/lib/gcc/aarch64-linux-gnu/11/../../../../aarch64-linux-gnu/include"]
  ignore line: [#include "..." search starts here:]
  ignore line: [#include <...> search starts here:]
  ignore line: [ /usr/local/cuda/bin/../targets/aarch64-linux/include]
  ignore line: [ /usr/include/c++/11]
  ignore line: [ /usr/include/aarch64-linux-gnu/c++/11]
  ignore line: [ /usr/include/c++/11/backward]
  ignore line: [ /usr/lib/gcc/aarch64-linux-gnu/11/include]
  ignore line: [ /usr/local/include]
  ignore line: [ /usr/include/aarch64-linux-gnu]
  ignore line: [ /usr/include]
  ignore line: [End of search list.]
  ignore line: [COMPILER_PATH=/usr/lib/gcc/aarch64-linux-gnu/11/:/usr/lib/gcc/aarch64-linux-gnu/11/:/usr/lib/gcc/aarch64-linux-gnu/:/usr/lib/gcc/aarch64-linux-gnu/11/:/usr/lib/gcc/aarch64-linux-gnu/]
  ignore line: [LIBRARY_PATH=/usr/lib/gcc/aarch64-linux-gnu/11/:/usr/lib/gcc/aarch64-linux-gnu/11/../../../aarch64-linux-gnu/:/usr/lib/gcc/aarch64-linux-gnu/11/../../../../lib/:/lib/aarch64-linux-gnu/:/lib/../lib/:/usr/lib/aarch64-linux-gnu/:/usr/lib/../lib/:/usr/lib/gcc/aarch64-linux-gnu/11/../../../:/lib/:/usr/lib/]
  ignore line: [COLLECT_GCC_OPTIONS='-D' '__CUDA_ARCH__=520' '-D' '__CUDA_ARCH_LIST__=520' '-D' '__NV_LEGACY_LAUNCH' '-E' '-D' 'CUDA_DOUBLE_MATH_FUNCTIONS' '-D' '__CUDACC__' '-D' '__NVCC__' '-v' '-I' '/usr/local/cuda/bin/../targets/aarch64-linux/include' '-D' '__CUDACC_VER_MAJOR__=12' '-D' '__CUDACC_VER_MINOR__=6' '-D' '__CUDACC_VER_BUILD__=68' '-D' '__CUDA_API_VER_MAJOR__=12' '-D' '__CUDA_API_VER_MINOR__=6' '-D' '__NVCC_DIAG_PRAGMA_SUPPORT__=1' '-include' 'cuda_runtime.h' '-o' '/tmp/tmpxft_00002154_00000000-7_CMakeCUDACompilerABI.cpp1.ii' '-mlittle-endian' '-mabi=lp64' '-dumpdir' '/tmp/tmpxft_00002154_00000000-7_CMakeCUDACompilerABI.cpp1.']
  ignore line: [Using built-in specs.]
  ignore line: [COLLECT_GCC=gcc]
  ignore line: [Target: aarch64-linux-gnu]
  ignore line: [Configured with: ../src/configure -v --with-pkgversion='Ubuntu 11.4.0-1ubuntu1~22.04.3' --with-bugurl=file:///usr/share/doc/gcc-11/README.Bugs --enable-languages=c ada c++ go d fortran objc obj-c++ m2 --prefix=/usr --with-gcc-major-version-only --program-suffix=-11 --program-prefix=aarch64-linux-gnu- --enable-shared --enable-linker-build-id --libexecdir=/usr/lib --without-included-gettext --enable-threads=posix --libdir=/usr/lib --enable-nls --enable-bootstrap --enable-clocale=gnu --enable-libstdcxx-debug --enable-libstdcxx-time=yes --with-default-libstdcxx-abi=new --enable-gnu-unique-object --disable-libquadmath --disable-libquadmath-support --enable-plugin --enable-default-pie --with-system-zlib --enable-libphobos-checking=release --with-target-system-zlib=auto --enable-objc-gc=auto --enable-multiarch --enable-fix-cortex-a53-843419 --disable-werror --enable-checking=release --build=aarch64-linux-gnu --host=aarch64-linux-gnu --target=aarch64-linux-gnu --with-build-config=bootstrap-lto-lean --enable-link-serialization=4]
  ignore line: [Thread model: posix]
  ignore line: [Supported LTO compression algorithms: zlib zstd]
  ignore line: [gcc version 11.4.0 (Ubuntu 11.4.0-1ubuntu1~22.04.3) ]
  ignore line: [COLLECT_GCC_OPTIONS='-D' '__CUDA_ARCH_LIST__=520' '-D' '__NV_LEGACY_LAUNCH' '-E' '-D' '__CUDACC__' '-D' '__NVCC__' '-v' '-I' '/usr/local/cuda/bin/../targets/aarch64-linux/include' '-D' '__CUDACC_VER_MAJOR__=12' '-D' '__CUDACC_VER_MINOR__=6' '-D' '__CUDACC_VER_BUILD__=68' '-D' '__CUDA_API_VER_MAJOR__=12' '-D' '__CUDA_API_VER_MINOR__=6' '-D' '__NVCC_DIAG_PRAGMA_SUPPORT__=1' '-include' 'cuda_runtime.h' '-o' '/tmp/tmpxft_00002154_00000000-5_CMakeCUDACompilerABI.cpp4.ii' '-mlittle-endian' '-mabi=lp64' '-dumpdir' '/tmp/']
  ignore line: [ /usr/lib/gcc/aarch64-linux-gnu/11/cc1plus -E -quiet -v -I /usr/local/cuda/bin/../targets/aarch64-linux/include -imultiarch aarch64-linux-gnu -D_GNU_SOURCE -D __CUDA_ARCH_LIST__=520 -D __NV_LEGACY_LAUNCH -D __CUDACC__ -D __NVCC__ -D __CUDACC_VER_MAJOR__=12 -D __CUDACC_VER_MINOR__=6 -D __CUDACC_VER_BUILD__=68 -D __CUDA_API_VER_MAJOR__=12 -D __CUDA_API_VER_MINOR__=6 -D __NVCC_DIAG_PRAGMA_SUPPORT__=1 -include cuda_runtime.h /usr/share/cmake-3.22/Modules/CMakeCUDACompilerABI.cu -o /tmp/tmpxft_00002154_00000000-5_CMakeCUDACompilerABI.cpp4.ii -mlittle-endian -mabi=lp64 -fasynchronous-unwind-tables -fstack-protector-strong -Wformat -Wformat-security -fstack-clash-protection -dumpdir /tmp/ -dumpbase tmpxft_00002154_00000000-5_CMakeCUDACompilerABI.cpp4.cu -dumpbase-ext .cu]
  ignore line: [ignoring duplicate directory "/usr/include/aarch64-linux-gnu/c++/11"]
  ignore line: [ignoring nonexistent directory "/usr/local/include/aarch64-linux-gnu"]
  ignore line: [ignoring nonexistent directory "/usr/lib/gcc/aarch64-linux-gnu/11/include-fixed"]
  ignore line: [ignoring nonexistent directory "/usr/lib/gcc/aarch64-linux-gnu/11/../../../../aarch64-linux-gnu/include"]
  ignore line: [#include "..." search starts here:]
  ignore line: [#include <...> search starts here:]
  ignore line: [ /usr/local/cuda/bin/../targets/aarch64-linux/include]
  ignore line: [ /usr/include/c++/11]
  ignore line: [ /usr/include/aarch64-linux-gnu/c++/11]
  ignore line: [ /usr/include/c++/11/backward]
  ignore line: [ /usr/lib/gcc/aarch64-linux-gnu/11/include]
  ignore line: [ /usr/local/include]
  ignore line: [ /usr/include/aarch64-linux-gnu]
  ignore line: [ /usr/include]
  ignore line: [End of search list.]
  ignore line: [COMPILER_PATH=/usr/lib/gcc/aarch64-linux-gnu/11/:/usr/lib/gcc/aarch64-linux-gnu/11/:/usr/lib/gcc/aarch64-linux-gnu/:/usr/lib/gcc/aarch64-linux-gnu/11/:/usr/lib/gcc/aarch64-linux-gnu/]
  ignore line: [LIBRARY_PATH=/usr/lib/gcc/aarch64-linux-gnu/11/:/usr/lib/gcc/aarch64-linux-gnu/11/../../../aarch64-linux-gnu/:/usr/lib/gcc/aarch64-linux-gnu/11/../../../../lib/:/lib/aarch64-linux-gnu/:/lib/../lib/:/usr/lib/aarch64-linux-gnu/:/usr/lib/../lib/:/usr/lib/gcc/aarch64-linux-gnu/11/../../../:/lib/:/usr/lib/]
  ignore line: [COLLECT_GCC_OPTIONS='-D' '__CUDA_ARCH_LIST__=520' '-D' '__NV_LEGACY_LAUNCH' '-E' '-D' '__CUDACC__' '-D' '__NVCC__' '-v' '-I' '/usr/local/cuda/bin/../targets/aarch64-linux/include' '-D' '__CUDACC_VER_MAJOR__=12' '-D' '__CUDACC_VER_MINOR__=6' '-D' '__CUDACC_VER_BUILD__=68' '-D' '__CUDA_API_VER_MAJOR__=12' '-D' '__CUDA_API_VER_MINOR__=6' '-D' '__NVCC_DIAG_PRAGMA_SUPPORT__=1' '-include' 'cuda_runtime.h' '-o' '/tmp/tmpxft_00002154_00000000-5_CMakeCUDACompilerABI.cpp4.ii' '-mlittle-endian' '-mabi=lp64' '-dumpdir' '/tmp/tmpxft_00002154_00000000-5_CMakeCUDACompilerABI.cpp4.']
  ignore line: [Using built-in specs.]
  ignore line: [COLLECT_GCC=gcc]
  ignore line: [Target: aarch64-linux-gnu]
  ignore line: [Configured with: ../src/configure -v --with-pkgversion='Ubuntu 11.4.0-1ubuntu1~22.04.3' --with-bugurl=file:///usr/share/doc/gcc-11/README.Bugs --enable-languages=c ada c++ go d fortran objc obj-c++ m2 --prefix=/usr --with-gcc-major-version-only --program-suffix=-11 --program-prefix=aarch64-linux-gnu- --enable-shared --enable-linker-build-id --libexecdir=/usr/lib --without-included-gettext --enable-threads=posix --libdir=/usr/lib --enable-nls --enable-bootstrap --enable-clocale=gnu --enable-libstdcxx-debug --enable-libstdcxx-time=yes --with-default-libstdcxx-abi=new --enable-gnu-unique-object --disable-libquadmath --disable-libquadmath-support --enable-plugin --enable-default-pie --with-system-zlib --enable-libphobos-checking=release --with-target-system-zlib=auto --enable-objc-gc=auto --enable-multiarch --enable-fix-cortex-a53-843419 --disable-werror --enable-checking=release --build=aarch64-linux-gnu --host=aarch64-linux-gnu --target=aarch64-linux-gnu --with-build-config=bootstrap-lto-lean --enable-link-serialization=4]
  ignore line: [Thread model: posix]
  ignore line: [Supported LTO compression algorithms: zlib zstd]
  ignore line: [gcc version 11.4.0 (Ubuntu 11.4.0-1ubuntu1~22.04.3) ]
  ignore line: [COLLECT_GCC_OPTIONS='-D' '__CUDA_ARCH__=520' '-D' '__CUDA_ARCH_LIST__=520' '-D' '__NV_LEGACY_LAUNCH' '-c' '-D' 'CUDA_DOUBLE_MATH_FUNCTIONS' '-v' '-Wno-psabi' '-I' '/usr/local/cuda/bin/../targets/aarch64-linux/include' '-o' 'CMakeFiles/cmTC_7429d.dir/CMakeCUDACompilerABI.cu.o' '-mlittle-endian' '-mabi=lp64' '-dumpdir' 'CMakeFiles/cmTC_7429d.dir/']
  ignore line: [ /usr/lib/gcc/aarch64-linux-gnu/11/cc1plus -quiet -v -I /usr/local/cuda/bin/../targets/aarch64-linux/include -imultiarch aarch64-linux-gnu -D_GNU_SOURCE -D __CUDA_ARCH__=520 -D __CUDA_ARCH_LIST__=520 -D __NV_LEGACY_LAUNCH -D CUDA_DOUBLE_MATH_FUNCTIONS /tmp/tmpxft_00002154_00000000-6_CMakeCUDACompilerABI.cudafe1.cpp -quiet -dumpdir CMakeFiles/cmTC_7429d.dir/ -dumpbase CMakeCUDACompilerABI.cu.cpp -dumpbase-ext .cpp -mlittle-endian -mabi=lp64 -Wno-psabi -version -fasynchronous-unwind-tables -fstack-protector-strong -Wformat -Wformat-security -fstack-clash-protection -o /tmp/cc692AGT.s]
  ignore line: [GNU C++17 (Ubuntu 11.4.0-1ubuntu1~22.04.3) version 11.4.0 (aarch64-linux-gnu)]
  ignore line: [	compiled by GNU C version 11.4.0  GMP version 6.2.1  MPFR version 4.1.0  MPC version 1.2.1  isl version isl-0.24-GMP]
  ignore line: []
  ignore line: [GGC heuristics: --param ggc-min-expand=100 --param ggc-min-heapsize=131072]
  ignore line: [ignoring duplicate directory "/usr/include/aarch64-linux-gnu/c++/11"]
  ignore line: [ignoring nonexistent directory "/usr/local/include/aarch64-linux-gnu"]
  ignore line: [ignoring nonexistent directory "/usr/lib/gcc/aarch64-linux-gnu/11/include-fixed"]
  ignore line: [ignoring nonexistent directory "/usr/lib/gcc/aarch64-linux-gnu/11/../../../../aarch64-linux-gnu/include"]
  ignore line: [#include "..." search starts here:]
  ignore line: [#include <...> search starts here:]
  ignore line: [ /usr/local/cuda/bin/../targets/aarch64-linux/include]
  ignore line: [ /usr/include/c++/11]
  ignore line: [ /usr/include/aarch64-linux-gnu/c++/11]
  ignore line: [ /usr/include/c++/11/backward]
  ignore line: [ /usr/lib/gcc/aarch64-linux-gnu/11/include]
  ignore line: [ /usr/local/include]
  ignore line: [ /usr/include/aarch64-linux-gnu]
  ignore line: [ /usr/include]
  ignore line: [End of search list.]
  ignore line: [GNU C++17 (Ubuntu 11.4.0-1ubuntu1~22.04.3) version 11.4.0 (aarch64-linux-gnu)]
  ignore line: [	compiled by GNU C version 11.4.0  GMP version 6.2.1  MPFR version 4.1.0  MPC version 1.2.1  isl version isl-0.24-GMP]
  ignore line: []
  ignore line: [GGC heuristics: --param ggc-min-expand=100 --param ggc-min-heapsize=131072]
  ignore line: [Compiler executable checksum: 1ec2e7097ef542eddc6fe6fb48e7bad4]
  ignore line: [COLLECT_GCC_OPTIONS='-D' '__CUDA_ARCH__=520' '-D' '__CUDA_ARCH_LIST__=520' '-D' '__NV_LEGACY_LAUNCH' '-c' '-D' 'CUDA_DOUBLE_MATH_FUNCTIONS' '-v' '-Wno-psabi' '-I' '/usr/local/cuda/bin/../targets/aarch64-linux/include' '-o' 'CMakeFiles/cmTC_7429d.dir/CMakeCUDACompilerABI.cu.o' '-mlittle-endian' '-mabi=lp64' '-dumpdir' 'CMakeFiles/cmTC_7429d.dir/']
  ignore line: [ as -v -I /usr/local/cuda/bin/../targets/aarch64-linux/include -EL -mabi=lp64 -o CMakeFiles/cmTC_7429d.dir/CMakeCUDACompilerABI.cu.o /tmp/cc692AGT.s]
  ignore line: [GNU assembler version 2.38 (aarch64-linux-gnu) using BFD version (GNU Binutils for Ubuntu) 2.38]
  ignore line: [COMPILER_PATH=/usr/lib/gcc/aarch64-linux-gnu/11/:/usr/lib/gcc/aarch64-linux-gnu/11/:/usr/lib/gcc/aarch64-linux-gnu/:/usr/lib/gcc/aarch64-linux-gnu/11/:/usr/lib/gcc/aarch64-linux-gnu/]
  ignore line: [LIBRARY_PATH=/usr/lib/gcc/aarch64-linux-gnu/11/:/usr/lib/gcc/aarch64-linux-gnu/11/../../../aarch64-linux-gnu/:/usr/lib/gcc/aarch64-linux-gnu/11/../../../../lib/:/lib/aarch64-linux-gnu/:/lib/../lib/:/usr/lib/aarch64-linux-gnu/:/usr/lib/../lib/:/usr/lib/gcc/aarch64-linux-gnu/11/../../../:/lib/:/usr/lib/]
  ignore line: [COLLECT_GCC_OPTIONS='-D' '__CUDA_ARCH__=520' '-D' '__CUDA_ARCH_LIST__=520' '-D' '__NV_LEGACY_LAUNCH' '-c' '-D' 'CUDA_DOUBLE_MATH_FUNCTIONS' '-v' '-Wno-psabi' '-I' '/usr/local/cuda/bin/../targets/aarch64-linux/include' '-o' 'CMakeFiles/cmTC_7429d.dir/CMakeCUDACompilerABI.cu.o' '-mlittle-endian' '-mabi=lp64' '-dumpdir' 'CMakeFiles/cmTC_7429d.dir/CMakeCUDACompilerABI.cu.']
  ignore line: [Linking CUDA executable cmTC_7429d]
  ignore line: [/usr/bin/cmake -E cmake_link_script CMakeFiles/cmTC_7429d.dir/link.txt --verbose=1]
  ignore line: [/usr/bin/g++  -v CMakeFiles/cmTC_7429d.dir/CMakeCUDACompilerABI.cu.o -o cmTC_7429d  -lcudadevrt -lcudart_static -lrt -lpthread -ldl  -L"/usr/local/cuda/targets/aarch64-linux/lib/stubs" -L"/usr/local/cuda/targets/aarch64-linux/lib"]
  ignore line: [Using built-in specs.]
  ignore line: [COLLECT_GCC=/usr/bin/g++]
  ignore line: [COLLECT_LTO_WRAPPER=/usr/lib/gcc/aarch64-linux-gnu/11/lto-wrapper]
  ignore line: [Target: aarch64-linux-gnu]
  ignore line: [Configured with: ../src/configure -v --with-pkgversion='Ubuntu 11.4.0-1ubuntu1~22.04.3' --with-bugurl=file:///usr/share/doc/gcc-11/README.Bugs --enable-languages=c ada c++ go d fortran objc obj-c++ m2 --prefix=/usr --with-gcc-major-version-only --program-suffix=-11 --program-prefix=aarch64-linux-gnu- --enable-shared --enable-linker-build-id --libexecdir=/usr/lib --without-included-gettext --enable-threads=posix --libdir=/usr/lib --enable-nls --enable-bootstrap --enable-clocale=gnu --enable-libstdcxx-debug --enable-libstdcxx-time=yes --with-default-libstdcxx-abi=new --enable-gnu-unique-object --disable-libquadmath --disable-libquadmath-support --enable-plugin --enable-default-pie --with-system-zlib --enable-libphobos-checking=release --with-target-system-zlib=auto --enable-objc-gc=auto --enable-multiarch --enable-fix-cortex-a53-843419 --disable-werror --enable-checking=release --build=aarch64-linux-gnu --host=aarch64-linux-gnu --target=aarch64-linux-gnu --with-build-config=bootstrap-lto-lean --enable-link-serialization=4]
  ignore line: [Thread model: posix]
  ignore line: [Supported LTO compression algorithms: zlib zstd]
  ignore line: [gcc version 11.4.0 (Ubuntu 11.4.0-1ubuntu1~22.04.3) ]
  ignore line: [COMPILER_PATH=/usr/lib/gcc/aarch64-linux-gnu/11/:/usr/lib/gcc/aarch64-linux-gnu/11/:/usr/lib/gcc/aarch64-linux-gnu/:/usr/lib/gcc/aarch64-linux-gnu/11/:/usr/lib/gcc/aarch64-linux-gnu/]
  ignore line: [LIBRARY_PATH=/usr/lib/gcc/aarch64-linux-gnu/11/:/usr/lib/gcc/aarch64-linux-gnu/11/../../../aarch64-linux-gnu/:/usr/lib/gcc/aarch64-linux-gnu/11/../../../../lib/:/lib/aarch64-linux-gnu/:/lib/../lib/:/usr/lib/aarch64-linux-gnu/:/usr/lib/../lib/:/usr/lib/gcc/aarch64-linux-gnu/11/../../../:/lib/:/usr/lib/]
  ignore line: [COLLECT_GCC_OPTIONS='-v' '-o' 'cmTC_7429d' '-L/usr/local/cuda/targets/aarch64-linux/lib/stubs' '-L/usr/local/cuda/targets/aarch64-linux/lib' '-shared-libgcc' '-mlittle-endian' '-mabi=lp64' '-dumpdir' 'cmTC_7429d.']
  link line: [ /usr/lib/gcc/aarch64-linux-gnu/11/collect2 -plugin /usr/lib/gcc/aarch64-linux-gnu/11/liblto_plugin.so -plugin-opt=/usr/lib/gcc/aarch64-linux-gnu/11/lto-wrapper -plugin-opt=-fresolution=/tmp/ccLG75Wj.res -plugin-opt=-pass-through=-lgcc_s -plugin-opt=-pass-through=-lgcc -plugin-opt=-pass-through=-lc -plugin-opt=-pass-through=-lgcc_s -plugin-opt=-pass-through=-lgcc --build-id --eh-frame-hdr --hash-style=gnu --as-needed -dynamic-linker /lib/ld-linux-aarch64.so.1 -X -EL -maarch64linux --fix-cortex-a53-843419 -pie -z now -z relro -o cmTC_7429d /usr/lib/gcc/aarch64-linux-gnu/11/../../../aarch64-linux-gnu/Scrt1.o /usr/lib/gcc/aarch64-linux-gnu/11/../../../aarch64-linux-gnu/crti.o /usr/lib/gcc/aarch64-linux-gnu/11/crtbeginS.o -L/usr/local/cuda/targets/aarch64-linux/lib/stubs -L/usr/local/cuda/targets/aarch64-linux/lib -L/usr/lib/gcc/aarch64-linux-gnu/11 -L/usr/lib/gcc/aarch64-linux-gnu/11/../../../aarch64-linux-gnu -L/usr/lib/gcc/aarch64-linux-gnu/11/../../../../lib -L/lib/aarch64-linux-gnu -L/lib/../lib -L/usr/lib/aarch64-linux-gnu -L/usr/lib/../lib -L/usr/lib/gcc/aarch64-linux-gnu/11/../../.. CMakeFiles/cmTC_7429d.dir/CMakeCUDACompilerABI.cu.o -lcudadevrt -lcudart_static -lrt -lpthread -ldl -lstdc++ -lm -lgcc_s -lgcc -lc -lgcc_s -lgcc /usr/lib/gcc/aarch64-linux-gnu/11/crtendS.o /usr/lib/gcc/aarch64-linux-gnu/11/../../../aarch64-linux-gnu/crtn.o]
    arg [/usr/lib/gcc/aarch64-linux-gnu/11/collect2] ==> ignore
    arg [-plugin] ==> ignore
    arg [/usr/lib/gcc/aarch64-linux-gnu/11/liblto_plugin.so] ==> ignore
    arg [-plugin-opt=/usr/lib/gcc/aarch64-linux-gnu/11/lto-wrapper] ==> ignore
    arg [-plugin-opt=-fresolution=/tmp/ccLG75Wj.res] ==> ignore
    arg [-plugin-opt=-pass-through=-lgcc_s] ==> ignore
    arg [-plugin-opt=-pass-through=-lgcc] ==> ignore
    arg [-plugin-opt=-pass-through=-lc] ==> ignore
    arg [-plugin-opt=-pass-through=-lgcc_s] ==> ignore
    arg [-plugin-opt=-pass-through=-lgcc] ==> ignore
    arg [--build-id] ==> ignore
    arg [--eh-frame-hdr] ==> ignore
    arg [--hash-style=gnu] ==> ignore
    arg [--as-needed] ==> ignore
    arg [-dynamic-linker] ==> ignore
    arg [/lib/ld-linux-aarch64.so.1] ==> ignore
    arg [-X] ==> ignore
    arg [-EL] ==> ignore
    arg [-maarch64linux] ==> ignore
    arg [--fix-cortex-a53-843419] ==> ignore
    arg [-pie] ==> ignore
    arg [-znow] ==> ignore
    arg [-zrelro] ==> ignore
    arg [-o] ==> ignore
    arg [cmTC_7429d] ==> ignore
    arg [/usr/lib/gcc/aarch64-linux-gnu/11/../../../aarch64-linux-gnu/Scrt1.o] ==> obj [/usr/lib/gcc/aarch64-linux-gnu/11/../../../aarch64-linux-gnu/Scrt1.o]
    arg [/usr/lib/gcc/aarch64-linux-gnu/11/../../../aarch64-linux-gnu/crti.o] ==> obj [/usr/lib/gcc/aarch64-linux-gnu/11/../../../aarch64-linux-gnu/crti.o]
    arg [/usr/lib/gcc/aarch64-linux-gnu/11/crtbeginS.o] ==> obj [/usr/lib/gcc/aarch64-linux-gnu/11/crtbeginS.o]
    arg [-L/usr/local/cuda/targets/aarch64-linux/lib/stubs] ==> dir [/usr/local/cuda/targets/aarch64-linux/lib/stubs]
    arg [-L/usr/local/cuda/targets/aarch64-linux/lib] ==> dir [/usr/local/cuda/targets/aarch64-linux/lib]
    arg [-L/usr/lib/gcc/aarch64-linux-gnu/11] ==> dir [/usr/lib/gcc/aarch64-linux-gnu/11]
    arg [-L/usr/lib/gcc/aarch64-linux-gnu/11/../../../aarch64-linux-gnu] ==> dir [/usr/lib/gcc/aarch64-linux-gnu/11/../../../aarch64-linux-gnu]
    arg [-L/usr/lib/gcc/aarch64-linux-gnu/11/../../../../lib] ==> dir [/usr/lib/gcc/aarch64-linux-gnu/11/../../../../lib]
    arg [-L/lib/aarch64-linux-gnu] ==> dir [/lib/aarch64-linux-gnu]
    arg [-L/lib/../lib] ==> dir [/lib/../lib]
    arg [-L/usr/lib/aarch64-linux-gnu] ==> dir [/usr/lib/aarch64-linux-gnu]
    arg [-L/usr/lib/../lib] ==> dir [/usr/lib/../lib]
    arg [-L/usr/lib/gcc/aarch64-linux-gnu/11/../../..] ==> dir [/usr/lib/gcc/aarch64-linux-gnu/11/../../..]
    arg [CMakeFiles/cmTC_7429d.dir/CMakeCUDACompilerABI.cu.o] ==> ignore
    arg [-lcudadevrt] ==> lib [cudadevrt]
    arg [-lcudart_static] ==> lib [cudart_static]
    arg [-lrt] ==> lib [rt]
    arg [-lpthread] ==> lib [pthread]
    arg [-ldl] ==> lib [dl]
    arg [-lstdc++] ==> lib [stdc++]
    arg [-lm] ==> lib [m]
    arg [-lgcc_s] ==> lib [gcc_s]
    arg [-lgcc] ==> lib [gcc]
    arg [-lc] ==> lib [c]
    arg [-lgcc_s] ==> lib [gcc_s]
    arg [-lgcc] ==> lib [gcc]
    arg [/usr/lib/gcc/aarch64-linux-gnu/11/crtendS.o] ==> obj [/usr/lib/gcc/aarch64-linux-gnu/11/crtendS.o]
    arg [/usr/lib/gcc/aarch64-linux-gnu/11/../../../aarch64-linux-gnu/crtn.o] ==> obj [/usr/lib/gcc/aarch64-linux-gnu/11/../../../aarch64-linux-gnu/crtn.o]
  collapse obj [/usr/lib/gcc/aarch64-linux-gnu/11/../../../aarch64-linux-gnu/Scrt1.o] ==> [/usr/lib/aarch64-linux-gnu/Scrt1.o]
  collapse obj [/usr/lib/gcc/aarch64-linux-gnu/11/../../../aarch64-linux-gnu/crti.o] ==> [/usr/lib/aarch64-linux-gnu/crti.o]
  collapse obj [/usr/lib/gcc/aarch64-linux-gnu/11/../../../aarch64-linux-gnu/crtn.o] ==> [/usr/lib/aarch64-linux-gnu/crtn.o]
  collapse library dir [/usr/local/cuda/targets/aarch64-linux/lib/stubs] ==> [/usr/local/cuda/targets/aarch64-linux/lib/stubs]
  collapse library dir [/usr/local/cuda/targets/aarch64-linux/lib] ==> [/usr/local/cuda/targets/aarch64-linux/lib]
  collapse library dir [/usr/lib/gcc/aarch64-linux-gnu/11] ==> [/usr/lib/gcc/aarch64-linux-gnu/11]
  collapse library dir [/usr/lib/gcc/aarch64-linux-gnu/11/../../../aarch64-linux-gnu] ==> [/usr/lib/aarch64-linux-gnu]
  collapse library dir [/usr/lib/gcc/aarch64-linux-gnu/11/../../../../lib] ==> [/usr/lib]
  collapse library dir [/lib/aarch64-linux-gnu] ==> [/lib/aarch64-linux-gnu]
  collapse library dir [/lib/../lib] ==> [/lib]
  collapse library dir [/usr/lib/aarch64-linux-gnu] ==> [/usr/lib/aarch64-linux-gnu]
  collapse library dir [/usr/lib/../lib] ==> [/usr/lib]
  collapse library dir [/usr/lib/gcc/aarch64-linux-gnu/11/../../..] ==> [/usr/lib]
  implicit libs: [cudadevrt;cudart_static;rt;pthread;dl;stdc++;m;gcc_s;gcc;c;gcc_s;gcc]
  implicit objs: [/usr/lib/aarch64-linux-gnu/Scrt1.o;/usr/lib/aarch64-linux-gnu/crti.o;/usr/lib/gcc/aarch64-linux-gnu/11/crtbeginS.o;/usr/lib/gcc/aarch64-linux-gnu/11/crtendS.o;/usr/lib/aarch64-linux-gnu/crtn.o]
  implicit dirs: [/usr/local/cuda/targets/aarch64-linux/lib/stubs;/usr/local/cuda/targets/aarch64-linux/lib;/usr/lib/gcc/aarch64-linux-gnu/11;/usr/lib/aarch64-linux-gnu;/usr/lib;/lib/aarch64-linux-gnu;/lib]
  implicit fwks: []


Determining if the include file pthread.h exists passed with the following output:
Change Dir: /home/autopilot03/Desktop/f1tenth_test0804/f1tenth_project_repo/build/bev_processor/CMakeFiles/CMakeTmp

Run Build Command(s):/usr/bin/gmake -f Makefile cmTC_bb3cd/fast && /usr/bin/gmake  -f CMakeFiles/cmTC_bb3cd.dir/build.make CMakeFiles/cmTC_bb3cd.dir/build
gmake[1]: Entering directory '/home/autopilot03/Desktop/f1tenth_test0804/f1tenth_project_repo/build/bev_processor/CMakeFiles/CMakeTmp'
Building CXX object CMakeFiles/cmTC_bb3cd.dir/CheckIncludeFile.cxx.o
/usr/bin/c++   -std=c++17 -o CMakeFiles/cmTC_bb3cd.dir/CheckIncludeFile.cxx.o -c /home/autopilot03/Desktop/f1tenth_test0804/f1tenth_project_repo/build/bev_processor/CMakeFiles/CMakeTmp/CheckIncludeFile.cxx
Linking CXX executable cmTC_bb3cd
/usr/bin/cmake -E cmake_link_script CMakeFiles/cmTC_bb3cd.dir/link.txt --verbose=1
/usr/bin/c++ CMakeFiles/cmTC_bb3cd.dir/CheckIncludeFile.cxx.o -o cmTC_bb3cd 
gmake[1]: Leaving directory '/home/autopilot03/Desktop/f1tenth_test0804/f1tenth_project_repo/build/bev_processor/CMakeFiles/CMakeTmp'



Performing C++ SOURCE FILE Test CMAKE_HAVE_LIBC_PTHREAD succeeded with the following output:
Change Dir: /home/autopilot03/Desktop/f1tenth_test0804/f1tenth_project_repo/build/bev_processor/CMakeFiles/CMakeTmp

Run Build Command(s):/usr/bin/gmake -f Makefile cmTC_ac9e8/fast && /usr/bin/gmake  -f CMakeFiles/cmTC_ac9e8.dir/build.make CMakeFiles/cmTC_ac9e8.dir/build
gmake[1]: Entering directory '/home/autopilot03/Desktop/f1tenth_test0804/f1tenth_project_repo/build/bev_processor/CMakeFiles/CMakeTmp'
Building CXX object CMakeFiles/cmTC_ac9e8.dir/src.cxx.o
/usr/bin/c++ -DCMAKE_HAVE_LIBC_PTHREAD  -std=c++17 -o CMakeFiles/cmTC_ac9e8.dir/src.cxx.o -c /home/autopilot03/Desktop/f1tenth_test0804/f1tenth_project_repo/build/bev_processor/CMakeFiles/CMakeTmp/src.cxx
Linking CXX executable cmTC_ac9e8
/usr/bin/cmake -E cmake_link_script CMakeFiles/cmTC_ac9e8.dir/link.txt --verbose=1
/usr/bin/c++ CMakeFiles/cmTC_ac9e8.dir/src.cxx.o -o cmTC_ac9e8 
gmake[1]: Leaving directory '/home/autopilot03/Desktop/f1tenth_test0804/f1tenth_project_repo/build/bev_processor/CMakeFiles/CMakeTmp'


Source file was:
#include <pthread.h>

static void* test_func(void* data)
{
  return data;
}

int main(void)
{
  pthread_t thread;
  pthread_create(&thread, NULL, test_func, NULL);
  pthread_detach(thread);
  pthread_cancel(thread);
  pthread_join(thread, NULL);
  pthread_atfork(NULL, NULL, NULL);
  pthread_exit(NULL);

  return 0;
}

Performing C++ SOURCE FILE Test arch_native_supported succeeded with the following output:
Change Dir: /home/autopilot03/Desktop/f1tenth_test0804/f1tenth_project_repo/build/bev_processor/CMakeFiles/CMakeTmp

Run Build Command(s):/usr/bin/gmake -f Makefile cmTC_ac359/fast && /usr/bin/gmake  -f CMakeFiles/cmTC_ac359.dir/build.make CMakeFiles/cmTC_ac359.dir/build
gmake[1]: Entering directory '/home/autopilot03/Desktop/f1tenth_test0804/f1tenth_project_repo/build/bev_processor/CMakeFiles/CMakeTmp'
Building CXX object CMakeFiles/cmTC_ac359.dir/src.cxx.o
/usr/bin/c++ -Darch_native_supported  -march=native -std=c++17 -o CMakeFiles/cmTC_ac359.dir/src.cxx.o -c /home/autopilot03/Desktop/f1tenth_test0804/f1tenth_project_repo/build/bev_processor/CMakeFiles/CMakeTmp/src.cxx
Linking CXX executable cmTC_ac359
/usr/bin/cmake -E cmake_link_script CMakeFiles/cmTC_ac359.dir/link.txt --verbose=1
/usr/bin/c++ CMakeFiles/cmTC_ac359.dir/src.cxx.o -o cmTC_ac359 
gmake[1]: Leaving directory '/home/autopilot03/Desktop/f1tenth_test0804/f1tenth_project_repo/build/bev_processor/CMakeFiles/CMakeTmp'


Source file was:
int main() { return 0; }
The system is: Linux - 5.15.148-tegra - aarch64
Compiling the CXX compiler identification source file "CMakeCXXCompilerId.cpp" succeeded.
Compiler: /usr/bin/c++ 
Build flags: 
Id flags:  

The output was:
0


Compilation of the CXX compiler identification source "CMakeCXXCompilerId.cpp" produced "a.out"

The CXX compiler identification is GNU, found in "/home/autopilot03/Desktop/f1tenth_test0804/f1tenth_project_repo/build/bev_processor/CMakeFiles/3.22.1/CompilerIdCXX/a.out"

Checking whether the CUDA compiler is NVIDIA using "" matched "nvcc: NVIDIA \(R\) Cuda compiler driver":
nvcc: NVIDIA (R) Cuda compiler driver
Copyright (c) 2005-2024 NVIDIA Corporation
Built on Wed_Aug_14_10:14:07_PDT_2024
Cuda compilation tools, release 12.6, V12.6.68
Build cuda_12.6.r12.6/compiler.34714021_0
Compiling the CUDA compiler identification source file "CMakeCUDACompilerId.cu" succeeded.
Compiler: /usr/local/cuda/bin/nvcc 
Build flags: 
Id flags: --keep;--keep-dir;tmp -v

The output was:
0
#$ _NVVM_BRANCH_=nvvm
#$ _SPACE_= 
#$ _CUDART_=cudart
#$ _HERE_=/usr/local/cuda/bin
#$ _THERE_=/usr/local/cuda/bin
#$ _TARGET_SIZE_=
#$ _TARGET_DIR_=
#$ _TARGET_DIR_=targets/aarch64-linux
#$ TOP=/usr/local/cuda/bin/..
#$ CICC_PATH=/usr/local/cuda/bin/../nvvm/bin
#$ NVVMIR_LIBRARY_DIR=/usr/local/cuda/bin/../nvvm/libdevice
#$ LD_LIBRARY_PATH=/usr/local/cuda/bin/../lib:/home/autopilot03/Desktop/f1tenth_test0804/f1tenth_project_repo/install/camera_driver/lib:/home/autopilot03/Desktop/f1tenth_test0804/f1tenth_project_repo/install/bev_processor/lib:/opt/ros/humble/opt/rviz_ogre_vendor/lib:/opt/ros/humble/lib/aarch64-linux-gnu:/opt/ros/humble/lib:/usr/local/cuda/lib64
#$ PATH=/usr/local/cuda/bin/../nvvm/bin:/usr/local/cuda/bin:/opt/ros/humble/bin:/usr/local/cuda/bin:/home/autopilot03/.local/bin:/usr/local/sbin:/usr/local/bin:/usr/sbin:/usr/bin:/sbin:/bin:/usr/games:/usr/local/games:/snap/bin:/snap/bin
#$ INCLUDES="-I/usr/local/cuda/bin/../targets/aarch64-linux/include"  
#$ LIBRARIES=  "-L/usr/local/cuda/bin/../targets/aarch64-linux/lib/stubs" "-L/usr/local/cuda/bin/../targets/aarch64-linux/lib"
#$ CUDAFE_FLAGS=
#$ PTXAS_FLAGS=
#$ rm tmp/a_dlink.reg.c
#$ gcc -D__CUDA_ARCH_LIST__=520 -D__NV_LEGACY_LAUNCH -E -x c++ -D__CUDACC__ -D__NVCC__  "-I/usr/local/cuda/bin/../targets/aarch64-linux/include"    -D__CUDACC_VER_MAJOR__=12 -D__CUDACC_VER_MINOR__=6 -D__CUDACC_VER_BUILD__=68 -D__CUDA_API_VER_MAJOR__=12 -D__CUDA_API_VER_MINOR__=6 -D__NVCC_DIAG_PRAGMA_SUPPORT__=1 -include "cuda_runtime.h" "CMakeCUDACompilerId.cu" -o "tmp/CMakeCUDACompilerId.cpp4.ii" 
#$ cudafe++ --c++17 --gnu_version=110400 --display_error_number --orig_src_file_name "CMakeCUDACompilerId.cu" --orig_src_path_name "/home/autopilot03/Desktop/f1tenth_test0804/f1tenth_project_repo/build/bev_processor/CMakeFiles/3.22.1/CompilerIdCUDA/CMakeCUDACompilerId.cu" --allow_managed --unsigned_chars --unsigned_wchar_t  --m64 --parse_templates --gen_c_file_name "tmp/CMakeCUDACompilerId.cudafe1.cpp" --stub_file_name "CMakeCUDACompilerId.cudafe1.stub.c" --gen_module_id_file --module_id_file_name "tmp/CMakeCUDACompilerId.module_id" "tmp/CMakeCUDACompilerId.cpp4.ii" 
#$ gcc -D__CUDA_ARCH__=520 -D__CUDA_ARCH_LIST__=520 -D__NV_LEGACY_LAUNCH -E -x c++  -DCUDA_DOUBLE_MATH_FUNCTIONS -D__CUDACC__ -D__NVCC__  "-I/usr/local/cuda/bin/../targets/aarch64-linux/include"    -D__CUDACC_VER_MAJOR__=12 -D__CUDACC_VER_MINOR__=6 -D__CUDACC_VER_BUILD__=68 -D__CUDA_API_VER_MAJOR__=12 -D__CUDA_API_VER_MINOR__=6 -D__NVCC_DIAG_PRAGMA_SUPPORT__=1 -include "cuda_runtime.h" "CMakeCUDACompilerId.cu" -o "tmp/CMakeCUDACompilerId.cpp1.ii" 
#$ "$CICC_PATH/cicc" --c++17 --gnu_version=110400 --display_error_number --orig_src_file_name "CMakeCUDACompilerId.cu" --orig_src_path_name "/home/autopilot03/Desktop/f1tenth_test0804/f1tenth_project_repo/build/bev_processor/CMakeFiles/3.22.1/CompilerIdCUDA/CMakeCUDACompilerId.cu" --allow_managed --unsigned_chars --unsigned_wchar_t   -arch compute_52 -m64 --no-version-ident -ftz=0 -prec_div=1 -prec_sqrt=1 -fmad=1 --include_file_name "CMakeCUDACompilerId.fatbin.c" -tused --module_id_file_name "tmp/CMakeCUDACompilerId.module_id" --gen_c_file_name "tmp/CMakeCUDACompilerId.cudafe1.c" --stub_file_name "tmp/CMakeCUDACompilerId.cudafe1.stub.c" --gen_device_file_name "tmp/CMakeCUDACompilerId.cudafe1.gpu"  "tmp/CMakeCUDACompilerId.cpp1.ii" -o "tmp/CMakeCUDACompilerId.ptx"
#$ ptxas -arch=sm_52 -m64  "tmp/CMakeCUDACompilerId.ptx"  -o "tmp/CMakeCUDACompilerId.sm_52.cubin" 
#$ fatbinary --create="tmp/CMakeCUDACompilerId.fatbin" -64 --cicc-cmdline="-ftz=0 -prec_div=1 -prec_sqrt=1 -fmad=1 " "--image3=kind=elf,sm=52,file=tmp/CMakeCUDACompilerId.sm_52.cubin" "--image3=kind=ptx,sm=52,file=tmp/CMakeCUDACompilerId.ptx" --embedded-fatbin="tmp/CMakeCUDACompilerId.fatbin.c" 
#$ gcc -D__CUDA_ARCH__=520 -D__CUDA_ARCH_LIST__=520 -D__NV_LEGACY_LAUNCH -c -x c++  -DCUDA_DOUBLE_MATH_FUNCTIONS -Wno-psabi "-I/usr/local/cuda/bin/../targets/aarch64-linux/include"   "tmp/CMakeCUDACompilerId.cudafe1.cpp" -o "tmp/CMakeCUDACompilerId.o" 
#$ nvlink -m64 --arch=sm_52 --register-link-binaries="tmp/a_dlink.reg.c"    "-L/usr/local/cuda/bin/../targets/aarch64-linux/lib/stubs" "-L/usr/local/cuda/bin/../targets/aarch64-linux/lib" -cpu-arch=AARCH64 "tmp/CMakeCUDACompilerId.o"  -lcudadevrt  -o "tmp/a_dlink.sm_52.cubin" --host-ccbin "gcc"
#$ fatbinary --create="tmp/a_dlink.fatbin" -64 --cicc-cmdline="-ftz=0 -prec_div=1 -prec_sqrt=1 -fmad=1 " -link "--image3=kind=elf,sm=52,file=tmp/a_dlink.sm_52.cubin" --embedded-fatbin="tmp/a_dlink.fatbin.c" 
#$ gcc -D__CUDA_ARCH_LIST__=520 -D__NV_LEGACY_LAUNCH -c -x c++ -DFATBINFILE="\"tmp/a_dlink.fatbin.c\"" -DREGISTERLINKBINARYFILE="\"tmp/a_dlink.reg.c\"" -I. -D__NV_EXTRA_INITIALIZATION= -D__NV_EXTRA_FINALIZATION= -D__CUDA_INCLUDE_COMPILER_INTERNAL_HEADERS__  -Wno-psabi "-I/usr/local/cuda/bin/../targets/aarch64-linux/include"    -D__CUDACC_VER_MAJOR__=12 -D__CUDACC_VER_MINOR__=6 -D__CUDACC_VER_BUILD__=68 -D__CUDA_API_VER_MAJOR__=12 -D__CUDA_API_VER_MINOR__=6 -D__NVCC_DIAG_PRAGMA_SUPPORT__=1 "/usr/local/cuda/bin/crt/link.stub" -o "tmp/a_dlink.o" 
#$ g++ -D__CUDA_ARCH_LIST__=520 -D__NV_LEGACY_LAUNCH -Wl,--start-group "tmp/a_dlink.o" "tmp/CMakeCUDACompilerId.o"   "-L/usr/local/cuda/bin/../targets/aarch64-linux/lib/stubs" "-L/usr/local/cuda/bin/../targets/aarch64-linux/lib"  -lcudadevrt  -lcudart_static  -lrt -lpthread  -ldl  -Wl,--end-group -o "a.out" 


Compilation of the CUDA compiler identification source "CMakeCUDACompilerId.cu" produced "a.out"

The CUDA compiler identification is NVIDIA, found in "/home/autopilot03/Desktop/f1tenth_test0804/f1tenth_project_repo/build/bev_processor/CMakeFiles/3.22.1/CompilerIdCUDA/a.out"

Parsed CUDA nvcc implicit link information from above output:
  found 'PATH=' string: [/usr/local/cuda/bin/../nvvm/bin:/usr/local/cuda/bin:/opt/ros/humble/bin:/usr/local/cuda/bin:/home/autopilot03/.local/bin:/usr/local/sbin:/usr/local/bin:/usr/sbin:/usr/bin:/sbin:/bin:/usr/games:/usr/local/games:/snap/bin:/snap/bin]
  found 'LIBRARIES=' string: ["-L/usr/local/cuda/bin/../targets/aarch64-linux/lib/stubs" "-L/usr/local/cuda/bin/../targets/aarch64-linux/lib"]
  considering line: [#$ rm tmp/a_dlink.reg.c]
  considering line: [gcc -D__CUDA_ARCH_LIST__=520 -D__NV_LEGACY_LAUNCH -E -x c++ -D__CUDACC__ -D__NVCC__  "-I/usr/local/cuda/bin/../targets/aarch64-linux/include"    -D__CUDACC_VER_MAJOR__=12 -D__CUDACC_VER_MINOR__=6 -D__CUDACC_VER_BUILD__=68 -D__CUDA_API_VER_MAJOR__=12 -D__CUDA_API_VER_MINOR__=6 -D__NVCC_DIAG_PRAGMA_SUPPORT__=1 -include "cuda_runtime.h" "CMakeCUDACompilerId.cu" -o "tmp/CMakeCUDACompilerId.cpp4.ii" ]
  considering line: [cudafe++ --c++17 --gnu_version=110400 --display_error_number --orig_src_file_name "CMakeCUDACompilerId.cu" --orig_src_path_name "/home/autopilot03/Desktop/f1tenth_test0804/f1tenth_project_repo/build/bev_processor/CMakeFiles/3.22.1/CompilerIdCUDA/CMakeCUDACompilerId.cu" --allow_managed --unsigned_chars --unsigned_wchar_t  --m64 --parse_templates --gen_c_file_name "tmp/CMakeCUDACompilerId.cudafe1.cpp" --stub_file_name "CMakeCUDACompilerId.cudafe1.stub.c" --gen_module_id_file --module_id_file_name "tmp/CMakeCUDACompilerId.module_id" "tmp/CMakeCUDACompilerId.cpp4.ii" ]
  considering line: [gcc -D__CUDA_ARCH__=520 -D__CUDA_ARCH_LIST__=520 -D__NV_LEGACY_LAUNCH -E -x c++  -DCUDA_DOUBLE_MATH_FUNCTIONS -D__CUDACC__ -D__NVCC__  "-I/usr/local/cuda/bin/../targets/aarch64-linux/include"    -D__CUDACC_VER_MAJOR__=12 -D__CUDACC_VER_MINOR__=6 -D__CUDACC_VER_BUILD__=68 -D__CUDA_API_VER_MAJOR__=12 -D__CUDA_API_VER_MINOR__=6 -D__NVCC_DIAG_PRAGMA_SUPPORT__=1 -include "cuda_runtime.h" "CMakeCUDACompilerId.cu" -o "tmp/CMakeCUDACompilerId.cpp1.ii" ]
  considering line: ["$CICC_PATH/cicc" --c++17 --gnu_version=110400 --display_error_number --orig_src_file_name "CMakeCUDACompilerId.cu" --orig_src_path_name "/home/autopilot03/Desktop/f1tenth_test0804/f1tenth_project_repo/build/bev_processor/CMakeFiles/3.22.1/CompilerIdCUDA/CMakeCUDACompilerId.cu" --allow_managed --unsigned_chars --unsigned_wchar_t   -arch compute_52 -m64 --no-version-ident -ftz=0 -prec_div=1 -prec_sqrt=1 -fmad=1 --include_file_name "CMakeCUDACompilerId.fatbin.c" -tused --module_id_file_name "tmp/CMakeCUDACompilerId.module_id" --gen_c_file_name "tmp/CMakeCUDACompilerId.cudafe1.c" --stub_file_name "tmp/CMakeCUDACompilerId.cudafe1.stub.c" --gen_device_file_name "tmp/CMakeCUDACompilerId.cudafe1.gpu"  "tmp/CMakeCUDACompilerId.cpp1.ii" -o "tmp/CMakeCUDACompilerId.ptx"]
  considering line: [ptxas -arch=sm_52 -m64  "tmp/CMakeCUDACompilerId.ptx"  -o "tmp/CMakeCUDACompilerId.sm_52.cubin" ]
  considering line: [fatbinary --create="tmp/CMakeCUDACompilerId.fatbin" -64 --cicc-cmdline="-ftz=0 -prec_div=1 -prec_sqrt=1 -fmad=1 " "--image3=kind=elf,sm=52,file=tmp/CMakeCUDACompilerId.sm_52.cubin" "--image3=kind=ptx,sm=52,file=tmp/CMakeCUDACompilerId.ptx" --embedded-fatbin="tmp/CMakeCUDACompilerId.fatbin.c" ]
  considering line: [gcc -D__CUDA_ARCH__=520 -D__CUDA_ARCH_LIST__=520 -D__NV_LEGACY_LAUNCH -c -x c++  -DCUDA_DOUBLE_MATH_FUNCTIONS -Wno-psabi "-I/usr/local/cuda/bin/../targets/aarch64-linux/include"   "tmp/CMakeCUDACompilerId.cudafe1.cpp" -o "tmp/CMakeCUDACompilerId.o" ]
  considering line: [nvlink -m64 --arch=sm_52 --register-link-binaries="tmp/a_dlink.reg.c"    "-L/usr/local/cuda/bin/../targets/aarch64-linux/lib/stubs" "-L/usr/local/cuda/bin/../targets/aarch64-linux/lib" -cpu-arch=AARCH64 "tmp/CMakeCUDACompilerId.o"  -lcudadevrt  -o "tmp/a_dlink.sm_52.cubin" --host-ccbin "gcc"]
    ignoring nvlink line
  considering line: [fatbinary --create="tmp/a_dlink.fatbin" -64 --cicc-cmdline="-ftz=0 -prec_div=1 -prec_sqrt=1 -fmad=1 " -link "--image3=kind=elf,sm=52,file=tmp/a_dlink.sm_52.cubin" --embedded-fatbin="tmp/a_dlink.fatbin.c" ]
  considering line: [gcc -D__CUDA_ARCH_LIST__=520 -D__NV_LEGACY_LAUNCH -c -x c++ -DFATBINFILE="\"tmp/a_dlink.fatbin.c\"" -DREGISTERLINKBINARYFILE="\"tmp/a_dlink.reg.c\"" -I. -D__NV_EXTRA_INITIALIZATION= -D__NV_EXTRA_FINALIZATION= -D__CUDA_INCLUDE_COMPILER_INTERNAL_HEADERS__  -Wno-psabi "-I/usr/local/cuda/bin/../targets/aarch64-linux/include"    -D__CUDACC_VER_MAJOR__=12 -D__CUDACC_VER_MINOR__=6 -D__CUDACC_VER_BUILD__=68 -D__CUDA_API_VER_MAJOR__=12 -D__CUDA_API_VER_MINOR__=6 -D__NVCC_DIAG_PRAGMA_SUPPORT__=1 "/usr/local/cuda/bin/crt/link.stub" -o "tmp/a_dlink.o" ]
  considering line: [g++ -D__CUDA_ARCH_LIST__=520 -D__NV_LEGACY_LAUNCH -Wl,--start-group "tmp/a_dlink.o" "tmp/CMakeCUDACompilerId.o"   "-L/usr/local/cuda/bin/../targets/aarch64-linux/lib/stubs" "-L/usr/local/cuda/bin/../targets/aarch64-linux/lib"  -lcudadevrt  -lcudart_static  -lrt -lpthread  -ldl  -Wl,--end-group -o "a.out" ]
    extracted link line: [g++ -D__CUDA_ARCH_LIST__=520 -D__NV_LEGACY_LAUNCH -Wl,--start-group "tmp/a_dlink.o" "tmp/CMakeCUDACompilerId.o"   "-L/usr/local/cuda/bin/../targets/aarch64-linux/lib/stubs" "-L/usr/local/cuda/bin/../targets/aarch64-linux/lib"  -lcudadevrt  -lcudart_static  -lrt -lpthread  -ldl  -Wl,--end-group -o "a.out" ]
  considering line: []
  extracted link launcher name: [g++]
  found link launcher absolute path: [/usr/bin/g++]

  link line regex: [^( *|.*[/\])(ld|CMAKE_LINK_STARTFILE-NOTFOUND|([^/\]+-)?ld|collect2)[^/\]*( |$)]
  link line: [cuda-fake-ld g++ -D__CUDA_ARCH_LIST__=520 -D__NV_LEGACY_LAUNCH -Wl,--start-group "tmp/a_dlink.o" "tmp/CMakeCUDACompilerId.o"   "-L/usr/local/cuda/bin/../targets/aarch64-linux/lib/stubs" "-L/usr/local/cuda/bin/../targets/aarch64-linux/lib"  -lcudadevrt  -lcudart_static  -lrt -lpthread  -ldl  -Wl,--end-group -o "a.out" ]
    arg [cuda-fake-ld] ==> ignore
    arg [g++] ==> ignore
    arg [-D__CUDA_ARCH_LIST__=520] ==> ignore
    arg [-D__NV_LEGACY_LAUNCH] ==> ignore
    arg [-Wl,--start-group] ==> ignore
    arg [tmp/a_dlink.o] ==> ignore
    arg [tmp/CMakeCUDACompilerId.o] ==> ignore
    arg [-L/usr/local/cuda/bin/../targets/aarch64-linux/lib/stubs] ==> dir [/usr/local/cuda/bin/../targets/aarch64-linux/lib/stubs]
    arg [-L/usr/local/cuda/bin/../targets/aarch64-linux/lib] ==> dir [/usr/local/cuda/bin/../targets/aarch64-linux/lib]
    arg [-lcudadevrt] ==> lib [cudadevrt]
    arg [-lcudart_static] ==> lib [cudart_static]
    arg [-lrt] ==> lib [rt]
    arg [-lpthread] ==> lib [pthread]
    arg [-ldl] ==> lib [dl]
    arg [-Wl,--end-group] ==> ignore
    arg [-o] ==> ignore
    arg [a.out] ==> ignore
  collapse library dir [/usr/local/cuda/bin/../targets/aarch64-linux/lib/stubs] ==> [/usr/local/cuda/targets/aarch64-linux/lib/stubs]
  collapse library dir [/usr/local/cuda/bin/../targets/aarch64-linux/lib] ==> [/usr/local/cuda/targets/aarch64-linux/lib]
  implicit libs: [cudadevrt;cudart_static;rt;pthread;dl]
  implicit objs: []
  implicit dirs: [/usr/local/cuda/targets/aarch64-linux/lib/stubs;/usr/local/cuda/targets/aarch64-linux/lib]
  implicit fwks: []


Parsed CUDA nvcc include information from above output:
  found 'PATH=' string: [/usr/local/cuda/bin/../nvvm/bin:/usr/local/cuda/bin:/opt/ros/humble/bin:/usr/local/cuda/bin:/home/autopilot03/.local/bin:/usr/local/sbin:/usr/local/bin:/usr/sbin:/usr/bin:/sbin:/bin:/usr/games:/usr/local/games:/snap/bin:/snap/bin]
  found 'LIBRARIES=' string: ["-L/usr/local/cuda/bin/../targets/aarch64-linux/lib/stubs" "-L/usr/local/cuda/bin/../targets/aarch64-linux/lib"]
  considering line: [#$ rm tmp/a_dlink.reg.c]
  considering line: [gcc -D__CUDA_ARCH_LIST__=520 -D__NV_LEGACY_LAUNCH -E -x c++ -D__CUDACC__ -D__NVCC__  "-I/usr/local/cuda/bin/../targets/aarch64-linux/include"    -D__CUDACC_VER_MAJOR__=12 -D__CUDACC_VER_MINOR__=6 -D__CUDACC_VER_BUILD__=68 -D__CUDA_API_VER_MAJOR__=12 -D__CUDA_API_VER_MINOR__=6 -D__NVCC_DIAG_PRAGMA_SUPPORT__=1 -include "cuda_runtime.h" "CMakeCUDACompilerId.cu" -o "tmp/CMakeCUDACompilerId.cpp4.ii" ]
  considering line: [cudafe++ --c++17 --gnu_version=110400 --display_error_number --orig_src_file_name "CMakeCUDACompilerId.cu" --orig_src_path_name "/home/autopilot03/Desktop/f1tenth_test0804/f1tenth_project_repo/build/bev_processor/CMakeFiles/3.22.1/CompilerIdCUDA/CMakeCUDACompilerId.cu" --allow_managed --unsigned_chars --unsigned_wchar_t  --m64 --parse_templates --gen_c_file_name "tmp/CMakeCUDACompilerId.cudafe1.cpp" --stub_file_name "CMakeCUDACompilerId.cudafe1.stub.c" --gen_module_id_file --module_id_file_name "tmp/CMakeCUDACompilerId.module_id" "tmp/CMakeCUDACompilerId.cpp4.ii" ]
  considering line: [gcc -D__CUDA_ARCH__=520 -D__CUDA_ARCH_LIST__=520 -D__NV_LEGACY_LAUNCH -E -x c++  -DCUDA_DOUBLE_MATH_FUNCTIONS -D__CUDACC__ -D__NVCC__  "-I/usr/local/cuda/bin/../targets/aarch64-linux/include"    -D__CUDACC_VER_MAJOR__=12 -D__CUDACC_VER_MINOR__=6 -D__CUDACC_VER_BUILD__=68 -D__CUDA_API_VER_MAJOR__=12 -D__CUDA_API_VER_MINOR__=6 -D__NVCC_DIAG_PRAGMA_SUPPORT__=1 -include "cuda_runtime.h" "CMakeCUDACompilerId.cu" -o "tmp/CMakeCUDACompilerId.cpp1.ii" ]
  considering line: ["$CICC_PATH/cicc" --c++17 --gnu_version=110400 --display_error_number --orig_src_file_name "CMakeCUDACompilerId.cu" --orig_src_path_name "/home/autopilot03/Desktop/f1tenth_test0804/f1tenth_project_repo/build/bev_processor/CMakeFiles/3.22.1/CompilerIdCUDA/CMakeCUDACompilerId.cu" --allow_managed --unsigned_chars --unsigned_wchar_t   -arch compute_52 -m64 --no-version-ident -ftz=0 -prec_div=1 -prec_sqrt=1 -fmad=1 --include_file_name "CMakeCUDACompilerId.fatbin.c" -tused --module_id_file_name "tmp/CMakeCUDACompilerId.module_id" --gen_c_file_name "tmp/CMakeCUDACompilerId.cudafe1.c" --stub_file_name "tmp/CMakeCUDACompilerId.cudafe1.stub.c" --gen_device_file_name "tmp/CMakeCUDACompilerId.cudafe1.gpu"  "tmp/CMakeCUDACompilerId.cpp1.ii" -o "tmp/CMakeCUDACompilerId.ptx"]
  considering line: [ptxas -arch=sm_52 -m64  "tmp/CMakeCUDACompilerId.ptx"  -o "tmp/CMakeCUDACompilerId.sm_52.cubin" ]
  considering line: [fatbinary --create="tmp/CMakeCUDACompilerId.fatbin" -64 --cicc-cmdline="-ftz=0 -prec_div=1 -prec_sqrt=1 -fmad=1 " "--image3=kind=elf,sm=52,file=tmp/CMakeCUDACompilerId.sm_52.cubin" "--image3=kind=ptx,sm=52,file=tmp/CMakeCUDACompilerId.ptx" --embedded-fatbin="tmp/CMakeCUDACompilerId.fatbin.c" ]
  considering line: [gcc -D__CUDA_ARCH__=520 -D__CUDA_ARCH_LIST__=520 -D__NV_LEGACY_LAUNCH -c -x c++  -DCUDA_DOUBLE_MATH_FUNCTIONS -Wno-psabi "-I/usr/local/cuda/bin/../targets/aarch64-linux/include"   "tmp/CMakeCUDACompilerId.cudafe1.cpp" -o "tmp/CMakeCUDACompilerId.o" ]
  considering line: [nvlink -m64 --arch=sm_52 --register-link-binaries="tmp/a_dlink.reg.c"    "-L/usr/local/cuda/bin/../targets/aarch64-linux/lib/stubs" "-L/usr/local/cuda/bin/../targets/aarch64-linux/lib" -cpu-arch=AARCH64 "tmp/CMakeCUDACompilerId.o"  -lcudadevrt  -o "tmp/a_dlink.sm_52.cubin" --host-ccbin "gcc"]
    ignoring nvlink line
  considering line: [fatbinary --create="tmp/a_dlink.fatbin" -64 --cicc-cmdline="-ftz=0 -prec_div=1 -prec_sqrt=1 -fmad=1 " -link "--image3=kind=elf,sm=52,file=tmp/a_dlink.sm_52.cubin" --embedded-fatbin="tmp/a_dlink.fatbin.c" ]
  considering line: [gcc -D__CUDA_ARCH_LIST__=520 -D__NV_LEGACY_LAUNCH -c -x c++ -DFATBINFILE="\"tmp/a_dlink.fatbin.c\"" -DREGISTERLINKBINARYFILE="\"tmp/a_dlink.reg.c\"" -I. -D__NV_EXTRA_INITIALIZATION= -D__NV_EXTRA_FINALIZATION= -D__CUDA_INCLUDE_COMPILER_INTERNAL_HEADERS__  -Wno-psabi "-I/usr/local/cuda/bin/../targets/aarch64-linux/include"    -D__CUDACC_VER_MAJOR__=12 -D__CUDACC_VER_MINOR__=6 -D__CUDACC_VER_BUILD__=68 -D__CUDA_API_VER_MAJOR__=12 -D__CUDA_API_VER_MINOR__=6 -D__NVCC_DIAG_PRAGMA_SUPPORT__=1 "/usr/local/cuda/bin/crt/link.stub" -o "tmp/a_dlink.o" ]
  considering line: [g++ -D__CUDA_ARCH_LIST__=520 -D__NV_LEGACY_LAUNCH -Wl,--start-group "tmp/a_dlink.o" "tmp/CMakeCUDACompilerId.o"   "-L/usr/local/cuda/bin/../targets/aarch64-linux/lib/stubs" "-L/usr/local/cuda/bin/../targets/aarch64-linux/lib"  -lcudadevrt  -lcudart_static  -lrt -lpthread  -ldl  -Wl,--end-group -o "a.out" ]
    extracted link line: [g++ -D__CUDA_ARCH_LIST__=520 -D__NV_LEGACY_LAUNCH -Wl,--start-group "tmp/a_dlink.o" "tmp/CMakeCUDACompilerId.o"   "-L/usr/local/cuda/bin/../targets/aarch64-linux/lib/stubs" "-L/usr/local/cuda/bin/../targets/aarch64-linux/lib"  -lcudadevrt  -lcudart_static  -lrt -lpthread  -ldl  -Wl,--end-group -o "a.out" ]
  considering line: []
  extracted link launcher name: [g++]
  found link launcher absolute path: [/usr/bin/g++]
  found 'INCLUDES=' string: ["-I/usr/local/cuda/bin/../targets/aarch64-linux/include"  ]

  link line regex: [^( *|.*[/\])(ld|CMAKE_LINK_STARTFILE-NOTFOUND|([^/\]+-)?ld|collect2)[^/\]*( |$)]
  link line: [cuda-fake-ld g++ -D__CUDA_ARCH_LIST__=520 -D__NV_LEGACY_LAUNCH -Wl,--start-group "tmp/a_dlink.o" "tmp/CMakeCUDACompilerId.o"   "-L/usr/local/cuda/bin/../targets/aarch64-linux/lib/stubs" "-L/usr/local/cuda/bin/../targets/aarch64-linux/lib"  -lcudadevrt  -lcudart_static  -lrt -lpthread  -ldl  -Wl,--end-group -o "a.out" ]
    arg [cuda-fake-ld] ==> ignore
    arg [g++] ==> ignore
    arg [-D__CUDA_ARCH_LIST__=520] ==> ignore
    arg [-D__NV_LEGACY_LAUNCH] ==> ignore
    arg [-Wl,--start-group] ==> ignore
    arg [tmp/a_dlink.o] ==> ignore
    arg [tmp/CMakeCUDACompilerId.o] ==> ignore
    arg [-L/usr/local/cuda/bin/../targets/aarch64-linux/lib/stubs] ==> dir [/usr/local/cuda/bin/../targets/aarch64-linux/lib/stubs]
    arg [-L/usr/local/cuda/bin/../targets/aarch64-linux/lib] ==> dir [/usr/local/cuda/bin/../targets/aarch64-linux/lib]
    arg [-lcudadevrt] ==> lib [cudadevrt]
    arg [-lcudart_static] ==> lib [cudart_static]
    arg [-lrt] ==> lib [rt]
    arg [-lpthread] ==> lib [pthread]
    arg [-ldl] ==> lib [dl]
    arg [-Wl,--end-group] ==> ignore
    arg [-o] ==> ignore
    arg [a.out] ==> ignore
  collapse library dir [/usr/local/cuda/bin/../targets/aarch64-linux/lib/stubs] ==> [/usr/local/cuda/targets/aarch64-linux/lib/stubs]
  collapse library dir [/usr/local/cuda/bin/../targets/aarch64-linux/lib] ==> [/usr/local/cuda/targets/aarch64-linux/lib]
  implicit libs: [cudadevrt;cudart_static;rt;pthread;dl]
  implicit objs: []
  implicit dirs: [/usr/local/cuda/targets/aarch64-linux/lib/stubs;/usr/local/cuda/targets/aarch64-linux/lib]
  implicit fwks: []


Detecting CXX compiler ABI info compiled with the following output:
Change Dir: /home/autopilot03/Desktop/f1tenth_test0804/f1tenth_project_repo/build/bev_processor/CMakeFiles/CMakeTmp

Run Build Command(s):/usr/bin/gmake -f Makefile cmTC_dd23f/fast && /usr/bin/gmake  -f CMakeFiles/cmTC_dd23f.dir/build.make CMakeFiles/cmTC_dd23f.dir/build
gmake[1]: Entering directory '/home/autopilot03/Desktop/f1tenth_test0804/f1tenth_project_repo/build/bev_processor/CMakeFiles/CMakeTmp'
Building CXX object CMakeFiles/cmTC_dd23f.dir/CMakeCXXCompilerABI.cpp.o
/usr/bin/c++   -v -o CMakeFiles/cmTC_dd23f.dir/CMakeCXXCompilerABI.cpp.o -c /usr/share/cmake-3.22/Modules/CMakeCXXCompilerABI.cpp
Using built-in specs.
COLLECT_GCC=/usr/bin/c++
Target: aarch64-linux-gnu
Configured with: ../src/configure -v --with-pkgversion='Ubuntu 11.4.0-1ubuntu1~22.04.3' --with-bugurl=file:///usr/share/doc/gcc-11/README.Bugs --enable-languages=c,ada,c++,go,d,fortran,objc,obj-c++,m2 --prefix=/usr --with-gcc-major-version-only --program-suffix=-11 --program-prefix=aarch64-linux-gnu- --enable-shared --enable-linker-build-id --libexecdir=/usr/lib --without-included-gettext --enable-threads=posix --libdir=/usr/lib --enable-nls --enable-bootstrap --enable-clocale=gnu --enable-libstdcxx-debug --enable-libstdcxx-time=yes --with-default-libstdcxx-abi=new --enable-gnu-unique-object --disable-libquadmath --disable-libquadmath-support --enable-plugin --enable-default-pie --with-system-zlib --enable-libphobos-checking=release --with-target-system-zlib=auto --enable-objc-gc=auto --enable-multiarch --enable-fix-cortex-a53-843419 --disable-werror --enable-checking=release --build=aarch64-linux-gnu --host=aarch64-linux-gnu --target=aarch64-linux-gnu --with-build-config=bootstrap-lto-lean --enable-link-serialization=4
Thread model: posix
Supported LTO compression algorithms: zlib zstd
gcc version 11.4.0 (Ubuntu 11.4.0-1ubuntu1~22.04.3) 
COLLECT_GCC_OPTIONS='-v' '-o' 'CMakeFiles/cmTC_dd23f.dir/CMakeCXXCompilerABI.cpp.o' '-c' '-shared-libgcc' '-mlittle-endian' '-mabi=lp64' '-dumpdir' 'CMakeFiles/cmTC_dd23f.dir/'
 /usr/lib/gcc/aarch64-linux-gnu/11/cc1plus -quiet -v -imultiarch aarch64-linux-gnu -D_GNU_SOURCE /usr/share/cmake-3.22/Modules/CMakeCXXCompilerABI.cpp -quiet -dumpdir CMakeFiles/cmTC_dd23f.dir/ -dumpbase CMakeCXXCompilerABI.cpp.cpp -dumpbase-ext .cpp -mlittle-endian -mabi=lp64 -version -fasynchronous-unwind-tables -fstack-protector-strong -Wformat -Wformat-security -fstack-clash-protection -o /tmp/ccSIG1xA.s
GNU C++17 (Ubuntu 11.4.0-1ubuntu1~22.04.3) version 11.4.0 (aarch64-linux-gnu)
	compiled by GNU C version 11.4.0, GMP version 6.2.1, MPFR version 4.1.0, MPC version 1.2.1, isl version isl-0.24-GMP

GGC heuristics: --param ggc-min-expand=100 --param ggc-min-heapsize=131072
ignoring duplicate directory "/usr/include/aarch64-linux-gnu/c++/11"
ignoring nonexistent directory "/usr/local/include/aarch64-linux-gnu"
ignoring nonexistent directory "/usr/lib/gcc/aarch64-linux-gnu/11/include-fixed"
ignoring nonexistent directory "/usr/lib/gcc/aarch64-linux-gnu/11/../../../../aarch64-linux-gnu/include"
#include "..." search starts here:
#include <...> search starts here:
 /usr/include/c++/11
 /usr/include/aarch64-linux-gnu/c++/11
 /usr/include/c++/11/backward
 /usr/lib/gcc/aarch64-linux-gnu/11/include
 /usr/local/include
 /usr/include/aarch64-linux-gnu
 /usr/include
End of search list.
GNU C++17 (Ubuntu 11.4.0-1ubuntu1~22.04.3) version 11.4.0 (aarch64-linux-gnu)
	compiled by GNU C version 11.4.0, GMP version 6.2.1, MPFR version 4.1.0, MPC version 1.2.1, isl version isl-0.24-GMP

GGC heuristics: --param ggc-min-expand=100 --param ggc-min-heapsize=131072
Compiler executable checksum: 1ec2e7097ef542eddc6fe6fb48e7bad4
COLLECT_GCC_OPTIONS='-v' '-o' 'CMakeFiles/cmTC_dd23f.dir/CMakeCXXCompilerABI.cpp.o' '-c' '-shared-libgcc' '-mlittle-endian' '-mabi=lp64' '-dumpdir' 'CMakeFiles/cmTC_dd23f.dir/'
 as -v -EL -mabi=lp64 -o CMakeFiles/cmTC_dd23f.dir/CMakeCXXCompilerABI.cpp.o /tmp/ccSIG1xA.s
GNU assembler version 2.38 (aarch64-linux-gnu) using BFD version (GNU Binutils for Ubuntu) 2.38
COMPILER_PATH=/usr/lib/gcc/aarch64-linux-gnu/11/:/usr/lib/gcc/aarch64-linux-gnu/11/:/usr/lib/gcc/aarch64-linux-gnu/:/usr/lib/gcc/aarch64-linux-gnu/11/:/usr/lib/gcc/aarch64-linux-gnu/
LIBRARY_PATH=/usr/lib/gcc/aarch64-linux-gnu/11/:/usr/lib/gcc/aarch64-linux-gnu/11/../../../aarch64-linux-gnu/:/usr/lib/gcc/aarch64-linux-gnu/11/../../../../lib/:/lib/aarch64-linux-gnu/:/lib/../lib/:/usr/lib/aarch64-linux-gnu/:/usr/lib/../lib/:/usr/lib/gcc/aarch64-linux-gnu/11/../../../:/lib/:/usr/lib/
COLLECT_GCC_OPTIONS='-v' '-o' 'CMakeFiles/cmTC_dd23f.dir/CMakeCXXCompilerABI.cpp.o' '-c' '-shared-libgcc' '-mlittle-endian' '-mabi=lp64' '-dumpdir' 'CMakeFiles/cmTC_dd23f.dir/CMakeCXXCompilerABI.cpp.'
Linking CXX executable cmTC_dd23f
/usr/bin/cmake -E cmake_link_script CMakeFiles/cmTC_dd23f.dir/link.txt --verbose=1
/usr/bin/c++  -v CMakeFiles/cmTC_dd23f.dir/CMakeCXXCompilerABI.cpp.o -o cmTC_dd23f 
Using built-in specs.
COLLECT_GCC=/usr/bin/c++
COLLECT_LTO_WRAPPER=/usr/lib/gcc/aarch64-linux-gnu/11/lto-wrapper
Target: aarch64-linux-gnu
Configured with: ../src/configure -v --with-pkgversion='Ubuntu 11.4.0-1ubuntu1~22.04.3' --with-bugurl=file:///usr/share/doc/gcc-11/README.Bugs --enable-languages=c,ada,c++,go,d,fortran,objc,obj-c++,m2 --prefix=/usr --with-gcc-major-version-only --program-suffix=-11 --program-prefix=aarch64-linux-gnu- --enable-shared --enable-linker-build-id --libexecdir=/usr/lib --without-included-gettext --enable-threads=posix --libdir=/usr/lib --enable-nls --enable-bootstrap --enable-clocale=gnu --enable-libstdcxx-debug --enable-libstdcxx-time=yes --with-default-libstdcxx-abi=new --enable-gnu-unique-object --disable-libquadmath --disable-libquadmath-support --enable-plugin --enable-default-pie --with-system-zlib --enable-libphobos-checking=release --with-target-system-zlib=auto --enable-objc-gc=auto --enable-multiarch --enable-fix-cortex-a53-843419 --disable-werror --enable-checking=release --build=aarch64-linux-gnu --host=aarch64-linux-gnu --target=aarch64-linux-gnu --with-build-config=bootstrap-lto-lean --enable-link-serialization=4
Thread model: posix
Supported LTO compression algorithms: zlib zstd
gcc version 11.4.0 (Ubuntu 11.4.0-1ubuntu1~22.04.3) 
COMPILER_PATH=/usr/lib/gcc/aarch64-linux-gnu/11/:/usr/lib/gcc/aarch64-linux-gnu/11/:/usr/lib/gcc/aarch64-linux-gnu/:/usr/lib/gcc/aarch64-linux-gnu/11/:/usr/lib/gcc/aarch64-linux-gnu/
LIBRARY_PATH=/usr/lib/gcc/aarch64-linux-gnu/11/:/usr/lib/gcc/aarch64-linux-gnu/11/../../../aarch64-linux-gnu/:/usr/lib/gcc/aarch64-linux-gnu/11/../../../../lib/:/lib/aarch64-linux-gnu/:/lib/../lib/:/usr/lib/aarch64-linux-gnu/:/usr/lib/../lib/:/usr/lib/gcc/aarch64-linux-gnu/11/../../../:/lib/:/usr/lib/
COLLECT_GCC_OPTIONS='-v' '-o' 'cmTC_dd23f' '-shared-libgcc' '-mlittle-endian' '-mabi=lp64' '-dumpdir' 'cmTC_dd23f.'
 /usr/lib/gcc/aarch64-linux-gnu/11/collect2 -plugin /usr/lib/gcc/aarch64-linux-gnu/11/liblto_plugin.so -plugin-opt=/usr/lib/gcc/aarch64-linux-gnu/11/lto-wrapper -plugin-opt=-fresolution=/tmp/ccisg99J.res -plugin-opt=-pass-through=-lgcc_s -plugin-opt=-pass-through=-lgcc -plugin-opt=-pass-through=-lc -plugin-opt=-pass-through=-lgcc_s -plugin-opt=-pass-through=-lgcc --build-id --eh-frame-hdr --hash-style=gnu --as-needed -dynamic-linker /lib/ld-linux-aarch64.so.1 -X -EL -maarch64linux --fix-cortex-a53-843419 -pie -z now -z relro -o cmTC_dd23f /usr/lib/gcc/aarch64-linux-gnu/11/../../../aarch64-linux-gnu/Scrt1.o /usr/lib/gcc/aarch64-linux-gnu/11/../../../aarch64-linux-gnu/crti.o /usr/lib/gcc/aarch64-linux-gnu/11/crtbeginS.o -L/usr/lib/gcc/aarch64-linux-gnu/11 -L/usr/lib/gcc/aarch64-linux-gnu/11/../../../aarch64-linux-gnu -L/usr/lib/gcc/aarch64-linux-gnu/11/../../../../lib -L/lib/aarch64-linux-gnu -L/lib/../lib -L/usr/lib/aarch64-linux-gnu -L/usr/lib/../lib -L/usr/lib/gcc/aarch64-linux-gnu/11/../../.. CMakeFiles/cmTC_dd23f.dir/CMakeCXXCompilerABI.cpp.o -lstdc++ -lm -lgcc_s -lgcc -lc -lgcc_s -lgcc /usr/lib/gcc/aarch64-linux-gnu/11/crtendS.o /usr/lib/gcc/aarch64-linux-gnu/11/../../../aarch64-linux-gnu/crtn.o
COLLECT_GCC_OPTIONS='-v' '-o' 'cmTC_dd23f' '-shared-libgcc' '-mlittle-endian' '-mabi=lp64' '-dumpdir' 'cmTC_dd23f.'
gmake[1]: Leaving directory '/home/autopilot03/Desktop/f1tenth_test0804/f1tenth_project_repo/build/bev_processor/CMakeFiles/CMakeTmp'



Parsed CXX implicit include dir info from above output: rv=done
  found start of include info
  found start of implicit include info
    add: [/usr/include/c++/11]
    add: [/usr/include/aarch64-linux-gnu/c++/11]
    add: [/usr/include/c++/11/backward]
    add: [/usr/lib/gcc/aarch64-linux-gnu/11/include]
    add: [/usr/local/include]
    add: [/usr/include/aarch64-linux-gnu]
    add: [/usr/include]
  end of search list found
  collapse include dir [/usr/include/c++/11] ==> [/usr/include/c++/11]
  collapse include dir [/usr/include/aarch64-linux-gnu/c++/11] ==> [/usr/include/aarch64-linux-gnu/c++/11]
  collapse include dir [/usr/include/c++/11/backward] ==> [/usr/include/c++/11/backward]
  collapse include dir [/usr/lib/gcc/aarch64-linux-gnu/11/include] ==> [/usr/lib/gcc/aarch64-linux-gnu/11/include]
  collapse include dir [/usr/local/include] ==> [/usr/local/include]
  collapse include dir [/usr/include/aarch64-linux-gnu] ==> [/usr/include/aarch64-linux-gnu]
  collapse include dir [/usr/include] ==> [/usr/include]
  implicit include dirs: [/usr/include/c++/11;/usr/include/aarch64-linux-gnu/c++/11;/usr/include/c++/11/backward;/usr/lib/gcc/aarch64-linux-gnu/11/include;/usr/local/include;/usr/include/aarch64-linux-gnu;/usr/include]


Parsed CXX implicit link information from above output:
  link line regex: [^( *|.*[/\])(ld|CMAKE_LINK_STARTFILE-NOTFOUND|([^/\]+-)?ld|collect2)[^/\]*( |$)]
  ignore line: [Change Dir: /home/autopilot03/Desktop/f1tenth_test0804/f1tenth_project_repo/build/bev_processor/CMakeFiles/CMakeTmp]
  ignore line: []
  ignore line: [Run Build Command(s):/usr/bin/gmake -f Makefile cmTC_dd23f/fast && /usr/bin/gmake  -f CMakeFiles/cmTC_dd23f.dir/build.make CMakeFiles/cmTC_dd23f.dir/build]
  ignore line: [gmake[1]: Entering directory '/home/autopilot03/Desktop/f1tenth_test0804/f1tenth_project_repo/build/bev_processor/CMakeFiles/CMakeTmp']
  ignore line: [Building CXX object CMakeFiles/cmTC_dd23f.dir/CMakeCXXCompilerABI.cpp.o]
  ignore line: [/usr/bin/c++   -v -o CMakeFiles/cmTC_dd23f.dir/CMakeCXXCompilerABI.cpp.o -c /usr/share/cmake-3.22/Modules/CMakeCXXCompilerABI.cpp]
  ignore line: [Using built-in specs.]
  ignore line: [COLLECT_GCC=/usr/bin/c++]
  ignore line: [Target: aarch64-linux-gnu]
  ignore line: [Configured with: ../src/configure -v --with-pkgversion='Ubuntu 11.4.0-1ubuntu1~22.04.3' --with-bugurl=file:///usr/share/doc/gcc-11/README.Bugs --enable-languages=c ada c++ go d fortran objc obj-c++ m2 --prefix=/usr --with-gcc-major-version-only --program-suffix=-11 --program-prefix=aarch64-linux-gnu- --enable-shared --enable-linker-build-id --libexecdir=/usr/lib --without-included-gettext --enable-threads=posix --libdir=/usr/lib --enable-nls --enable-bootstrap --enable-clocale=gnu --enable-libstdcxx-debug --enable-libstdcxx-time=yes --with-default-libstdcxx-abi=new --enable-gnu-unique-object --disable-libquadmath --disable-libquadmath-support --enable-plugin --enable-default-pie --with-system-zlib --enable-libphobos-checking=release --with-target-system-zlib=auto --enable-objc-gc=auto --enable-multiarch --enable-fix-cortex-a53-843419 --disable-werror --enable-checking=release --build=aarch64-linux-gnu --host=aarch64-linux-gnu --target=aarch64-linux-gnu --with-build-config=bootstrap-lto-lean --enable-link-serialization=4]
  ignore line: [Thread model: posix]
  ignore line: [Supported LTO compression algorithms: zlib zstd]
  ignore line: [gcc version 11.4.0 (Ubuntu 11.4.0-1ubuntu1~22.04.3) ]
  ignore line: [COLLECT_GCC_OPTIONS='-v' '-o' 'CMakeFiles/cmTC_dd23f.dir/CMakeCXXCompilerABI.cpp.o' '-c' '-shared-libgcc' '-mlittle-endian' '-mabi=lp64' '-dumpdir' 'CMakeFiles/cmTC_dd23f.dir/']
  ignore line: [ /usr/lib/gcc/aarch64-linux-gnu/11/cc1plus -quiet -v -imultiarch aarch64-linux-gnu -D_GNU_SOURCE /usr/share/cmake-3.22/Modules/CMakeCXXCompilerABI.cpp -quiet -dumpdir CMakeFiles/cmTC_dd23f.dir/ -dumpbase CMakeCXXCompilerABI.cpp.cpp -dumpbase-ext .cpp -mlittle-endian -mabi=lp64 -version -fasynchronous-unwind-tables -fstack-protector-strong -Wformat -Wformat-security -fstack-clash-protection -o /tmp/ccSIG1xA.s]
  ignore line: [GNU C++17 (Ubuntu 11.4.0-1ubuntu1~22.04.3) version 11.4.0 (aarch64-linux-gnu)]
  ignore line: [	compiled by GNU C version 11.4.0  GMP version 6.2.1  MPFR version 4.1.0  MPC version 1.2.1  isl version isl-0.24-GMP]
  ignore line: []
  ignore line: [GGC heuristics: --param ggc-min-expand=100 --param ggc-min-heapsize=131072]
  ignore line: [ignoring duplicate directory "/usr/include/aarch64-linux-gnu/c++/11"]
  ignore line: [ignoring nonexistent directory "/usr/local/include/aarch64-linux-gnu"]
  ignore line: [ignoring nonexistent directory "/usr/lib/gcc/aarch64-linux-gnu/11/include-fixed"]
  ignore line: [ignoring nonexistent directory "/usr/lib/gcc/aarch64-linux-gnu/11/../../../../aarch64-linux-gnu/include"]
  ignore line: [#include "..." search starts here:]
  ignore line: [#include <...> search starts here:]
  ignore line: [ /usr/include/c++/11]
  ignore line: [ /usr/include/aarch64-linux-gnu/c++/11]
  ignore line: [ /usr/include/c++/11/backward]
  ignore line: [ /usr/lib/gcc/aarch64-linux-gnu/11/include]
  ignore line: [ /usr/local/include]
  ignore line: [ /usr/include/aarch64-linux-gnu]
  ignore line: [ /usr/include]
  ignore line: [End of search list.]
  ignore line: [GNU C++17 (Ubuntu 11.4.0-1ubuntu1~22.04.3) version 11.4.0 (aarch64-linux-gnu)]
  ignore line: [	compiled by GNU C version 11.4.0  GMP version 6.2.1  MPFR version 4.1.0  MPC version 1.2.1  isl version isl-0.24-GMP]
  ignore line: []
  ignore line: [GGC heuristics: --param ggc-min-expand=100 --param ggc-min-heapsize=131072]
  ignore line: [Compiler executable checksum: 1ec2e7097ef542eddc6fe6fb48e7bad4]
  ignore line: [COLLECT_GCC_OPTIONS='-v' '-o' 'CMakeFiles/cmTC_dd23f.dir/CMakeCXXCompilerABI.cpp.o' '-c' '-shared-libgcc' '-mlittle-endian' '-mabi=lp64' '-dumpdir' 'CMakeFiles/cmTC_dd23f.dir/']
  ignore line: [ as -v -EL -mabi=lp64 -o CMakeFiles/cmTC_dd23f.dir/CMakeCXXCompilerABI.cpp.o /tmp/ccSIG1xA.s]
  ignore line: [GNU assembler version 2.38 (aarch64-linux-gnu) using BFD version (GNU Binutils for Ubuntu) 2.38]
  ignore line: [COMPILER_PATH=/usr/lib/gcc/aarch64-linux-gnu/11/:/usr/lib/gcc/aarch64-linux-gnu/11/:/usr/lib/gcc/aarch64-linux-gnu/:/usr/lib/gcc/aarch64-linux-gnu/11/:/usr/lib/gcc/aarch64-linux-gnu/]
  ignore line: [LIBRARY_PATH=/usr/lib/gcc/aarch64-linux-gnu/11/:/usr/lib/gcc/aarch64-linux-gnu/11/../../../aarch64-linux-gnu/:/usr/lib/gcc/aarch64-linux-gnu/11/../../../../lib/:/lib/aarch64-linux-gnu/:/lib/../lib/:/usr/lib/aarch64-linux-gnu/:/usr/lib/../lib/:/usr/lib/gcc/aarch64-linux-gnu/11/../../../:/lib/:/usr/lib/]
  ignore line: [COLLECT_GCC_OPTIONS='-v' '-o' 'CMakeFiles/cmTC_dd23f.dir/CMakeCXXCompilerABI.cpp.o' '-c' '-shared-libgcc' '-mlittle-endian' '-mabi=lp64' '-dumpdir' 'CMakeFiles/cmTC_dd23f.dir/CMakeCXXCompilerABI.cpp.']
  ignore line: [Linking CXX executable cmTC_dd23f]
  ignore line: [/usr/bin/cmake -E cmake_link_script CMakeFiles/cmTC_dd23f.dir/link.txt --verbose=1]
  ignore line: [/usr/bin/c++  -v CMakeFiles/cmTC_dd23f.dir/CMakeCXXCompilerABI.cpp.o -o cmTC_dd23f ]
  ignore line: [Using built-in specs.]
  ignore line: [COLLECT_GCC=/usr/bin/c++]
  ignore line: [COLLECT_LTO_WRAPPER=/usr/lib/gcc/aarch64-linux-gnu/11/lto-wrapper]
  ignore line: [Target: aarch64-linux-gnu]
  ignore line: [Configured with: ../src/configure -v --with-pkgversion='Ubuntu 11.4.0-1ubuntu1~22.04.3' --with-bugurl=file:///usr/share/doc/gcc-11/README.Bugs --enable-languages=c ada c++ go d fortran objc obj-c++ m2 --prefix=/usr --with-gcc-major-version-only --program-suffix=-11 --program-prefix=aarch64-linux-gnu- --enable-shared --enable-linker-build-id --libexecdir=/usr/lib --without-included-gettext --enable-threads=posix --libdir=/usr/lib --enable-nls --enable-bootstrap --enable-clocale=gnu --enable-libstdcxx-debug --enable-libstdcxx-time=yes --with-default-libstdcxx-abi=new --enable-gnu-unique-object --disable-libquadmath --disable-libquadmath-support --enable-plugin --enable-default-pie --with-system-zlib --enable-libphobos-checking=release --with-target-system-zlib=auto --enable-objc-gc=auto --enable-multiarch --enable-fix-cortex-a53-843419 --disable-werror --enable-checking=release --build=aarch64-linux-gnu --host=aarch64-linux-gnu --target=aarch64-linux-gnu --with-build-config=bootstrap-lto-lean --enable-link-serialization=4]
  ignore line: [Thread model: posix]
  ignore line: [Supported LTO compression algorithms: zlib zstd]
  ignore line: [gcc version 11.4.0 (Ubuntu 11.4.0-1ubuntu1~22.04.3) ]
  ignore line: [COMPILER_PATH=/usr/lib/gcc/aarch64-linux-gnu/11/:/usr/lib/gcc/aarch64-linux-gnu/11/:/usr/lib/gcc/aarch64-linux-gnu/:/usr/lib/gcc/aarch64-linux-gnu/11/:/usr/lib/gcc/aarch64-linux-gnu/]
  ignore line: [LIBRARY_PATH=/usr/lib/gcc/aarch64-linux-gnu/11/:/usr/lib/gcc/aarch64-linux-gnu/11/../../../aarch64-linux-gnu/:/usr/lib/gcc/aarch64-linux-gnu/11/../../../../lib/:/lib/aarch64-linux-gnu/:/lib/../lib/:/usr/lib/aarch64-linux-gnu/:/usr/lib/../lib/:/usr/lib/gcc/aarch64-linux-gnu/11/../../../:/lib/:/usr/lib/]
  ignore line: [COLLECT_GCC_OPTIONS='-v' '-o' 'cmTC_dd23f' '-shared-libgcc' '-mlittle-endian' '-mabi=lp64' '-dumpdir' 'cmTC_dd23f.']
  link line: [ /usr/lib/gcc/aarch64-linux-gnu/11/collect2 -plugin /usr/lib/gcc/aarch64-linux-gnu/11/liblto_plugin.so -plugin-opt=/usr/lib/gcc/aarch64-linux-gnu/11/lto-wrapper -plugin-opt=-fresolution=/tmp/ccisg99J.res -plugin-opt=-pass-through=-lgcc_s -plugin-opt=-pass-through=-lgcc -plugin-opt=-pass-through=-lc -plugin-opt=-pass-through=-lgcc_s -plugin-opt=-pass-through=-lgcc --build-id --eh-frame-hdr --hash-style=gnu --as-needed -dynamic-linker /lib/ld-linux-aarch64.so.1 -X -EL -maarch64linux --fix-cortex-a53-843419 -pie -z now -z relro -o cmTC_dd23f /usr/lib/gcc/aarch64-linux-gnu/11/../../../aarch64-linux-gnu/Scrt1.o /usr/lib/gcc/aarch64-linux-gnu/11/../../../aarch64-linux-gnu/crti.o /usr/lib/gcc/aarch64-linux-gnu/11/crtbeginS.o -L/usr/lib/gcc/aarch64-linux-gnu/11 -L/usr/lib/gcc/aarch64-linux-gnu/11/../../../aarch64-linux-gnu -L/usr/lib/gcc/aarch64-linux-gnu/11/../../../../lib -L/lib/aarch64-linux-gnu -L/lib/../lib -L/usr/lib/aarch64-linux-gnu -L/usr/lib/../lib -L/usr/lib/gcc/aarch64-linux-gnu/11/../../.. CMakeFiles/cmTC_dd23f.dir/CMakeCXXCompilerABI.cpp.o -lstdc++ -lm -lgcc_s -lgcc -lc -lgcc_s -lgcc /usr/lib/gcc/aarch64-linux-gnu/11/crtendS.o /usr/lib/gcc/aarch64-linux-gnu/11/../../../aarch64-linux-gnu/crtn.o]
    arg [/usr/lib/gcc/aarch64-linux-gnu/11/collect2] ==> ignore
    arg [-plugin] ==> ignore
    arg [/usr/lib/gcc/aarch64-linux-gnu/11/liblto_plugin.so] ==> ignore
    arg [-plugin-opt=/usr/lib/gcc/aarch64-linux-gnu/11/lto-wrapper] ==> ignore
    arg [-plugin-opt=-fresolution=/tmp/ccisg99J.res] ==> ignore
    arg [-plugin-opt=-pass-through=-lgcc_s] ==> ignore
    arg [-plugin-opt=-pass-through=-lgcc] ==> ignore
    arg [-plugin-opt=-pass-through=-lc] ==> ignore
    arg [-plugin-opt=-pass-through=-lgcc_s] ==> ignore
    arg [-plugin-opt=-pass-through=-lgcc] ==> ignore
    arg [--build-id] ==> ignore
    arg [--eh-frame-hdr] ==> ignore
    arg [--hash-style=gnu] ==> ignore
    arg [--as-needed] ==> ignore
    arg [-dynamic-linker] ==> ignore
    arg [/lib/ld-linux-aarch64.so.1] ==> ignore
    arg [-X] ==> ignore
    arg [-EL] ==> ignore
    arg [-maarch64linux] ==> ignore
    arg [--fix-cortex-a53-843419] ==> ignore
    arg [-pie] ==> ignore
    arg [-znow] ==> ignore
    arg [-zrelro] ==> ignore
    arg [-o] ==> ignore
    arg [cmTC_dd23f] ==> ignore
    arg [/usr/lib/gcc/aarch64-linux-gnu/11/../../../aarch64-linux-gnu/Scrt1.o] ==> obj [/usr/lib/gcc/aarch64-linux-gnu/11/../../../aarch64-linux-gnu/Scrt1.o]
    arg [/usr/lib/gcc/aarch64-linux-gnu/11/../../../aarch64-linux-gnu/crti.o] ==> obj [/usr/lib/gcc/aarch64-linux-gnu/11/../../../aarch64-linux-gnu/crti.o]
    arg [/usr/lib/gcc/aarch64-linux-gnu/11/crtbeginS.o] ==> obj [/usr/lib/gcc/aarch64-linux-gnu/11/crtbeginS.o]
    arg [-L/usr/lib/gcc/aarch64-linux-gnu/11] ==> dir [/usr/lib/gcc/aarch64-linux-gnu/11]
    arg [-L/usr/lib/gcc/aarch64-linux-gnu/11/../../../aarch64-linux-gnu] ==> dir [/usr/lib/gcc/aarch64-linux-gnu/11/../../../aarch64-linux-gnu]
    arg [-L/usr/lib/gcc/aarch64-linux-gnu/11/../../../../lib] ==> dir [/usr/lib/gcc/aarch64-linux-gnu/11/../../../../lib]
    arg [-L/lib/aarch64-linux-gnu] ==> dir [/lib/aarch64-linux-gnu]
    arg [-L/lib/../lib] ==> dir [/lib/../lib]
    arg [-L/usr/lib/aarch64-linux-gnu] ==> dir [/usr/lib/aarch64-linux-gnu]
    arg [-L/usr/lib/../lib] ==> dir [/usr/lib/../lib]
    arg [-L/usr/lib/gcc/aarch64-linux-gnu/11/../../..] ==> dir [/usr/lib/gcc/aarch64-linux-gnu/11/../../..]
    arg [CMakeFiles/cmTC_dd23f.dir/CMakeCXXCompilerABI.cpp.o] ==> ignore
    arg [-lstdc++] ==> lib [stdc++]
    arg [-lm] ==> lib [m]
    arg [-lgcc_s] ==> lib [gcc_s]
    arg [-lgcc] ==> lib [gcc]
    arg [-lc] ==> lib [c]
    arg [-lgcc_s] ==> lib [gcc_s]
    arg [-lgcc] ==> lib [gcc]
    arg [/usr/lib/gcc/aarch64-linux-gnu/11/crtendS.o] ==> obj [/usr/lib/gcc/aarch64-linux-gnu/11/crtendS.o]
    arg [/usr/lib/gcc/aarch64-linux-gnu/11/../../../aarch64-linux-gnu/crtn.o] ==> obj [/usr/lib/gcc/aarch64-linux-gnu/11/../../../aarch64-linux-gnu/crtn.o]
  collapse obj [/usr/lib/gcc/aarch64-linux-gnu/11/../../../aarch64-linux-gnu/Scrt1.o] ==> [/usr/lib/aarch64-linux-gnu/Scrt1.o]
  collapse obj [/usr/lib/gcc/aarch64-linux-gnu/11/../../../aarch64-linux-gnu/crti.o] ==> [/usr/lib/aarch64-linux-gnu/crti.o]
  collapse obj [/usr/lib/gcc/aarch64-linux-gnu/11/../../../aarch64-linux-gnu/crtn.o] ==> [/usr/lib/aarch64-linux-gnu/crtn.o]
  collapse library dir [/usr/lib/gcc/aarch64-linux-gnu/11] ==> [/usr/lib/gcc/aarch64-linux-gnu/11]
  collapse library dir [/usr/lib/gcc/aarch64-linux-gnu/11/../../../aarch64-linux-gnu] ==> [/usr/lib/aarch64-linux-gnu]
  collapse library dir [/usr/lib/gcc/aarch64-linux-gnu/11/../../../../lib] ==> [/usr/lib]
  collapse library dir [/lib/aarch64-linux-gnu] ==> [/lib/aarch64-linux-gnu]
  collapse library dir [/lib/../lib] ==> [/lib]
  collapse library dir [/usr/lib/aarch64-linux-gnu] ==> [/usr/lib/aarch64-linux-gnu]
  collapse library dir [/usr/lib/../lib] ==> [/usr/lib]
  collapse library dir [/usr/lib/gcc/aarch64-linux-gnu/11/../../..] ==> [/usr/lib]
  implicit libs: [stdc++;m;gcc_s;gcc;c;gcc_s;gcc]
  implicit objs: [/usr/lib/aarch64-linux-gnu/Scrt1.o;/usr/lib/aarch64-linux-gnu/crti.o;/usr/lib/gcc/aarch64-linux-gnu/11/crtbeginS.o;/usr/lib/gcc/aarch64-linux-gnu/11/crtendS.o;/usr/lib/aarch64-linux-gnu/crtn.o]
  implicit dirs: [/usr/lib/gcc/aarch64-linux-gnu/11;/usr/lib/aarch64-linux-gnu;/usr/lib;/lib/aarch64-linux-gnu;/lib]
  implicit fwks: []


Detecting CUDA compiler ABI info compiled with the following output:
Change Dir: /home/autopilot03/Desktop/f1tenth_test0804/f1tenth_project_repo/build/bev_processor/CMakeFiles/CMakeTmp

Run Build Command(s):/usr/bin/gmake -f Makefile cmTC_cb4e8/fast && /usr/bin/gmake  -f CMakeFiles/cmTC_cb4e8.dir/build.make CMakeFiles/cmTC_cb4e8.dir/build
gmake[1]: Entering directory '/home/autopilot03/Desktop/f1tenth_test0804/f1tenth_project_repo/build/bev_processor/CMakeFiles/CMakeTmp'
Building CUDA object CMakeFiles/cmTC_cb4e8.dir/CMakeCUDACompilerABI.cu.o
/usr/local/cuda/bin/nvcc -forward-unknown-to-host-compiler   --generate-code=arch=compute_52,code=[compute_52,sm_52]   -Xcompiler=-v -MD -MT CMakeFiles/cmTC_cb4e8.dir/CMakeCUDACompilerABI.cu.o -MF CMakeFiles/cmTC_cb4e8.dir/CMakeCUDACompilerABI.cu.o.d -x cu -c /usr/share/cmake-3.22/Modules/CMakeCUDACompilerABI.cu -o CMakeFiles/cmTC_cb4e8.dir/CMakeCUDACompilerABI.cu.o
Using built-in specs.
COLLECT_GCC=gcc
Target: aarch64-linux-gnu
Configured with: ../src/configure -v --with-pkgversion='Ubuntu 11.4.0-1ubuntu1~22.04.3' --with-bugurl=file:///usr/share/doc/gcc-11/README.Bugs --enable-languages=c,ada,c++,go,d,fortran,objc,obj-c++,m2 --prefix=/usr --with-gcc-major-version-only --program-suffix=-11 --program-prefix=aarch64-linux-gnu- --enable-shared --enable-linker-build-id --libexecdir=/usr/lib --without-included-gettext --enable-threads=posix --libdir=/usr/lib --enable-nls --enable-bootstrap --enable-clocale=gnu --enable-libstdcxx-debug --enable-libstdcxx-time=yes --with-default-libstdcxx-abi=new --enable-gnu-unique-object --disable-libquadmath --disable-libquadmath-support --enable-plugin --enable-default-pie --with-system-zlib --enable-libphobos-checking=release --with-target-system-zlib=auto --enable-objc-gc=auto --enable-multiarch --enable-fix-cortex-a53-843419 --disable-werror --enable-checking=release --build=aarch64-linux-gnu --host=aarch64-linux-gnu --target=aarch64-linux-gnu --with-build-config=bootstrap-lto-lean --enable-link-serialization=4
Thread model: posix
Supported LTO compression algorithms: zlib zstd
gcc version 11.4.0 (Ubuntu 11.4.0-1ubuntu1~22.04.3) 
COLLECT_GCC_OPTIONS='-D' '__CUDA_ARCH__=520' '-D' '__CUDA_ARCH_LIST__=520' '-D' '__NV_LEGACY_LAUNCH' '-E' '-D' 'CUDA_DOUBLE_MATH_FUNCTIONS' '-D' '__CUDACC__' '-D' '__NVCC__' '-v' '-I' '/usr/local/cuda/bin/../targets/aarch64-linux/include' '-D' '__CUDACC_VER_MAJOR__=12' '-D' '__CUDACC_VER_MINOR__=6' '-D' '__CUDACC_VER_BUILD__=68' '-D' '__CUDA_API_VER_MAJOR__=12' '-D' '__CUDA_API_VER_MINOR__=6' '-D' '__NVCC_DIAG_PRAGMA_SUPPORT__=1' '-include' 'cuda_runtime.h' '-o' '/tmp/tmpxft_000030e1_00000000-7_CMakeCUDACompilerABI.cpp1.ii' '-mlittle-endian' '-mabi=lp64' '-dumpdir' '/tmp/'
 /usr/lib/gcc/aarch64-linux-gnu/11/cc1plus -E -quiet -v -I /usr/local/cuda/bin/../targets/aarch64-linux/include -imultiarch aarch64-linux-gnu -D_GNU_SOURCE -D __CUDA_ARCH__=520 -D __CUDA_ARCH_LIST__=520 -D __NV_LEGACY_LAUNCH -D CUDA_DOUBLE_MATH_FUNCTIONS -D __CUDACC__ -D __NVCC__ -D __CUDACC_VER_MAJOR__=12 -D __CUDACC_VER_MINOR__=6 -D __CUDACC_VER_BUILD__=68 -D __CUDA_API_VER_MAJOR__=12 -D __CUDA_API_VER_MINOR__=6 -D __NVCC_DIAG_PRAGMA_SUPPORT__=1 -include cuda_runtime.h /usr/share/cmake-3.22/Modules/CMakeCUDACompilerABI.cu -o /tmp/tmpxft_000030e1_00000000-7_CMakeCUDACompilerABI.cpp1.ii -mlittle-endian -mabi=lp64 -fasynchronous-unwind-tables -fstack-protector-strong -Wformat -Wformat-security -fstack-clash-protection -dumpdir /tmp/ -dumpbase tmpxft_000030e1_00000000-7_CMakeCUDACompilerABI.cpp1.cu -dumpbase-ext .cu
ignoring duplicate directory "/usr/include/aarch64-linux-gnu/c++/11"
ignoring nonexistent directory "/usr/local/include/aarch64-linux-gnu"
ignoring nonexistent directory "/usr/lib/gcc/aarch64-linux-gnu/11/include-fixed"
ignoring nonexistent directory "/usr/lib/gcc/aarch64-linux-gnu/11/../../../../aarch64-linux-gnu/include"
#include "..." search starts here:
#include <...> search starts here:
 /usr/local/cuda/bin/../targets/aarch64-linux/include
 /usr/include/c++/11
 /usr/include/aarch64-linux-gnu/c++/11
 /usr/include/c++/11/backward
 /usr/lib/gcc/aarch64-linux-gnu/11/include
 /usr/local/include
 /usr/include/aarch64-linux-gnu
 /usr/include
End of search list.
COMPILER_PATH=/usr/lib/gcc/aarch64-linux-gnu/11/:/usr/lib/gcc/aarch64-linux-gnu/11/:/usr/lib/gcc/aarch64-linux-gnu/:/usr/lib/gcc/aarch64-linux-gnu/11/:/usr/lib/gcc/aarch64-linux-gnu/
LIBRARY_PATH=/usr/lib/gcc/aarch64-linux-gnu/11/:/usr/lib/gcc/aarch64-linux-gnu/11/../../../aarch64-linux-gnu/:/usr/lib/gcc/aarch64-linux-gnu/11/../../../../lib/:/lib/aarch64-linux-gnu/:/lib/../lib/:/usr/lib/aarch64-linux-gnu/:/usr/lib/../lib/:/usr/lib/gcc/aarch64-linux-gnu/11/../../../:/lib/:/usr/lib/
COLLECT_GCC_OPTIONS='-D' '__CUDA_ARCH__=520' '-D' '__CUDA_ARCH_LIST__=520' '-D' '__NV_LEGACY_LAUNCH' '-E' '-D' 'CUDA_DOUBLE_MATH_FUNCTIONS' '-D' '__CUDACC__' '-D' '__NVCC__' '-v' '-I' '/usr/local/cuda/bin/../targets/aarch64-linux/include' '-D' '__CUDACC_VER_MAJOR__=12' '-D' '__CUDACC_VER_MINOR__=6' '-D' '__CUDACC_VER_BUILD__=68' '-D' '__CUDA_API_VER_MAJOR__=12' '-D' '__CUDA_API_VER_MINOR__=6' '-D' '__NVCC_DIAG_PRAGMA_SUPPORT__=1' '-include' 'cuda_runtime.h' '-o' '/tmp/tmpxft_000030e1_00000000-7_CMakeCUDACompilerABI.cpp1.ii' '-mlittle-endian' '-mabi=lp64' '-dumpdir' '/tmp/tmpxft_000030e1_00000000-7_CMakeCUDACompilerABI.cpp1.'
Using built-in specs.
COLLECT_GCC=gcc
Target: aarch64-linux-gnu
Configured with: ../src/configure -v --with-pkgversion='Ubuntu 11.4.0-1ubuntu1~22.04.3' --with-bugurl=file:///usr/share/doc/gcc-11/README.Bugs --enable-languages=c,ada,c++,go,d,fortran,objc,obj-c++,m2 --prefix=/usr --with-gcc-major-version-only --program-suffix=-11 --program-prefix=aarch64-linux-gnu- --enable-shared --enable-linker-build-id --libexecdir=/usr/lib --without-included-gettext --enable-threads=posix --libdir=/usr/lib --enable-nls --enable-bootstrap --enable-clocale=gnu --enable-libstdcxx-debug --enable-libstdcxx-time=yes --with-default-libstdcxx-abi=new --enable-gnu-unique-object --disable-libquadmath --disable-libquadmath-support --enable-plugin --enable-default-pie --with-system-zlib --enable-libphobos-checking=release --with-target-system-zlib=auto --enable-objc-gc=auto --enable-multiarch --enable-fix-cortex-a53-843419 --disable-werror --enable-checking=release --build=aarch64-linux-gnu --host=aarch64-linux-gnu --target=aarch64-linux-gnu --with-build-config=bootstrap-lto-lean --enable-link-serialization=4
Thread model: posix
Supported LTO compression algorithms: zlib zstd
gcc version 11.4.0 (Ubuntu 11.4.0-1ubuntu1~22.04.3) 
COLLECT_GCC_OPTIONS='-D' '__CUDA_ARCH_LIST__=520' '-D' '__NV_LEGACY_LAUNCH' '-E' '-D' '__CUDACC__' '-D' '__NVCC__' '-v' '-I' '/usr/local/cuda/bin/../targets/aarch64-linux/include' '-D' '__CUDACC_VER_MAJOR__=12' '-D' '__CUDACC_VER_MINOR__=6' '-D' '__CUDACC_VER_BUILD__=68' '-D' '__CUDA_API_VER_MAJOR__=12' '-D' '__CUDA_API_VER_MINOR__=6' '-D' '__NVCC_DIAG_PRAGMA_SUPPORT__=1' '-include' 'cuda_runtime.h' '-o' '/tmp/tmpxft_000030e1_00000000-5_CMakeCUDACompilerABI.cpp4.ii' '-mlittle-endian' '-mabi=lp64' '-dumpdir' '/tmp/'
 /usr/lib/gcc/aarch64-linux-gnu/11/cc1plus -E -quiet -v -I /usr/local/cuda/bin/../targets/aarch64-linux/include -imultiarch aarch64-linux-gnu -D_GNU_SOURCE -D __CUDA_ARCH_LIST__=520 -D __NV_LEGACY_LAUNCH -D __CUDACC__ -D __NVCC__ -D __CUDACC_VER_MAJOR__=12 -D __CUDACC_VER_MINOR__=6 -D __CUDACC_VER_BUILD__=68 -D __CUDA_API_VER_MAJOR__=12 -D __CUDA_API_VER_MINOR__=6 -D __NVCC_DIAG_PRAGMA_SUPPORT__=1 -include cuda_runtime.h /usr/share/cmake-3.22/Modules/CMakeCUDACompilerABI.cu -o /tmp/tmpxft_000030e1_00000000-5_CMakeCUDACompilerABI.cpp4.ii -mlittle-endian -mabi=lp64 -fasynchronous-unwind-tables -fstack-protector-strong -Wformat -Wformat-security -fstack-clash-protection -dumpdir /tmp/ -dumpbase tmpxft_000030e1_00000000-5_CMakeCUDACompilerABI.cpp4.cu -dumpbase-ext .cu
ignoring duplicate directory "/usr/include/aarch64-linux-gnu/c++/11"
ignoring nonexistent directory "/usr/local/include/aarch64-linux-gnu"
ignoring nonexistent directory "/usr/lib/gcc/aarch64-linux-gnu/11/include-fixed"
ignoring nonexistent directory "/usr/lib/gcc/aarch64-linux-gnu/11/../../../../aarch64-linux-gnu/include"
#include "..." search starts here:
#include <...> search starts here:
 /usr/local/cuda/bin/../targets/aarch64-linux/include
 /usr/include/c++/11
 /usr/include/aarch64-linux-gnu/c++/11
 /usr/include/c++/11/backward
 /usr/lib/gcc/aarch64-linux-gnu/11/include
 /usr/local/include
 /usr/include/aarch64-linux-gnu
 /usr/include
End of search list.
COMPILER_PATH=/usr/lib/gcc/aarch64-linux-gnu/11/:/usr/lib/gcc/aarch64-linux-gnu/11/:/usr/lib/gcc/aarch64-linux-gnu/:/usr/lib/gcc/aarch64-linux-gnu/11/:/usr/lib/gcc/aarch64-linux-gnu/
LIBRARY_PATH=/usr/lib/gcc/aarch64-linux-gnu/11/:/usr/lib/gcc/aarch64-linux-gnu/11/../../../aarch64-linux-gnu/:/usr/lib/gcc/aarch64-linux-gnu/11/../../../../lib/:/lib/aarch64-linux-gnu/:/lib/../lib/:/usr/lib/aarch64-linux-gnu/:/usr/lib/../lib/:/usr/lib/gcc/aarch64-linux-gnu/11/../../../:/lib/:/usr/lib/
COLLECT_GCC_OPTIONS='-D' '__CUDA_ARCH_LIST__=520' '-D' '__NV_LEGACY_LAUNCH' '-E' '-D' '__CUDACC__' '-D' '__NVCC__' '-v' '-I' '/usr/local/cuda/bin/../targets/aarch64-linux/include' '-D' '__CUDACC_VER_MAJOR__=12' '-D' '__CUDACC_VER_MINOR__=6' '-D' '__CUDACC_VER_BUILD__=68' '-D' '__CUDA_API_VER_MAJOR__=12' '-D' '__CUDA_API_VER_MINOR__=6' '-D' '__NVCC_DIAG_PRAGMA_SUPPORT__=1' '-include' 'cuda_runtime.h' '-o' '/tmp/tmpxft_000030e1_00000000-5_CMakeCUDACompilerABI.cpp4.ii' '-mlittle-endian' '-mabi=lp64' '-dumpdir' '/tmp/tmpxft_000030e1_00000000-5_CMakeCUDACompilerABI.cpp4.'
Using built-in specs.
COLLECT_GCC=gcc
Target: aarch64-linux-gnu
Configured with: ../src/configure -v --with-pkgversion='Ubuntu 11.4.0-1ubuntu1~22.04.3' --with-bugurl=file:///usr/share/doc/gcc-11/README.Bugs --enable-languages=c,ada,c++,go,d,fortran,objc,obj-c++,m2 --prefix=/usr --with-gcc-major-version-only --program-suffix=-11 --program-prefix=aarch64-linux-gnu- --enable-shared --enable-linker-build-id --libexecdir=/usr/lib --without-included-gettext --enable-threads=posix --libdir=/usr/lib --enable-nls --enable-bootstrap --enable-clocale=gnu --enable-libstdcxx-debug --enable-libstdcxx-time=yes --with-default-libstdcxx-abi=new --enable-gnu-unique-object --disable-libquadmath --disable-libquadmath-support --enable-plugin --enable-default-pie --with-system-zlib --enable-libphobos-checking=release --with-target-system-zlib=auto --enable-objc-gc=auto --enable-multiarch --enable-fix-cortex-a53-843419 --disable-werror --enable-checking=release --build=aarch64-linux-gnu --host=aarch64-linux-gnu --target=aarch64-linux-gnu --with-build-config=bootstrap-lto-lean --enable-link-serialization=4
Thread model: posix
Supported LTO compression algorithms: zlib zstd
gcc version 11.4.0 (Ubuntu 11.4.0-1ubuntu1~22.04.3) 
COLLECT_GCC_OPTIONS='-D' '__CUDA_ARCH__=520' '-D' '__CUDA_ARCH_LIST__=520' '-D' '__NV_LEGACY_LAUNCH' '-c' '-D' 'CUDA_DOUBLE_MATH_FUNCTIONS' '-v' '-Wno-psabi' '-I' '/usr/local/cuda/bin/../targets/aarch64-linux/include' '-o' 'CMakeFiles/cmTC_cb4e8.dir/CMakeCUDACompilerABI.cu.o' '-mlittle-endian' '-mabi=lp64' '-dumpdir' 'CMakeFiles/cmTC_cb4e8.dir/'
 /usr/lib/gcc/aarch64-linux-gnu/11/cc1plus -quiet -v -I /usr/local/cuda/bin/../targets/aarch64-linux/include -imultiarch aarch64-linux-gnu -D_GNU_SOURCE -D __CUDA_ARCH__=520 -D __CUDA_ARCH_LIST__=520 -D __NV_LEGACY_LAUNCH -D CUDA_DOUBLE_MATH_FUNCTIONS /tmp/tmpxft_000030e1_00000000-6_CMakeCUDACompilerABI.cudafe1.cpp -quiet -dumpdir CMakeFiles/cmTC_cb4e8.dir/ -dumpbase CMakeCUDACompilerABI.cu.cpp -dumpbase-ext .cpp -mlittle-endian -mabi=lp64 -Wno-psabi -version -fasynchronous-unwind-tables -fstack-protector-strong -Wformat -Wformat-security -fstack-clash-protection -o /tmp/cciIzDGT.s
GNU C++17 (Ubuntu 11.4.0-1ubuntu1~22.04.3) version 11.4.0 (aarch64-linux-gnu)
	compiled by GNU C version 11.4.0, GMP version 6.2.1, MPFR version 4.1.0, MPC version 1.2.1, isl version isl-0.24-GMP

GGC heuristics: --param ggc-min-expand=100 --param ggc-min-heapsize=131072
ignoring duplicate directory "/usr/include/aarch64-linux-gnu/c++/11"
ignoring nonexistent directory "/usr/local/include/aarch64-linux-gnu"
ignoring nonexistent directory "/usr/lib/gcc/aarch64-linux-gnu/11/include-fixed"
ignoring nonexistent directory "/usr/lib/gcc/aarch64-linux-gnu/11/../../../../aarch64-linux-gnu/include"
#include "..." search starts here:
#include <...> search starts here:
 /usr/local/cuda/bin/../targets/aarch64-linux/include
 /usr/include/c++/11
 /usr/include/aarch64-linux-gnu/c++/11
 /usr/include/c++/11/backward
 /usr/lib/gcc/aarch64-linux-gnu/11/include
 /usr/local/include
 /usr/include/aarch64-linux-gnu
 /usr/include
End of search list.
GNU C++17 (Ubuntu 11.4.0-1ubuntu1~22.04.3) version 11.4.0 (aarch64-linux-gnu)
	compiled by GNU C version 11.4.0, GMP version 6.2.1, MPFR version 4.1.0, MPC version 1.2.1, isl version isl-0.24-GMP

GGC heuristics: --param ggc-min-expand=100 --param ggc-min-heapsize=131072
Compiler executable checksum: 1ec2e7097ef542eddc6fe6fb48e7bad4
COLLECT_GCC_OPTIONS='-D' '__CUDA_ARCH__=520' '-D' '__CUDA_ARCH_LIST__=520' '-D' '__NV_LEGACY_LAUNCH' '-c' '-D' 'CUDA_DOUBLE_MATH_FUNCTIONS' '-v' '-Wno-psabi' '-I' '/usr/local/cuda/bin/../targets/aarch64-linux/include' '-o' 'CMakeFiles/cmTC_cb4e8.dir/CMakeCUDACompilerABI.cu.o' '-mlittle-endian' '-mabi=lp64' '-dumpdir' 'CMakeFiles/cmTC_cb4e8.dir/'
 as -v -I /usr/local/cuda/bin/../targets/aarch64-linux/include -EL -mabi=lp64 -o CMakeFiles/cmTC_cb4e8.dir/CMakeCUDACompilerABI.cu.o /tmp/cciIzDGT.s
GNU assembler version 2.38 (aarch64-linux-gnu) using BFD version (GNU Binutils for Ubuntu) 2.38
COMPILER_PATH=/usr/lib/gcc/aarch64-linux-gnu/11/:/usr/lib/gcc/aarch64-linux-gnu/11/:/usr/lib/gcc/aarch64-linux-gnu/:/usr/lib/gcc/aarch64-linux-gnu/11/:/usr/lib/gcc/aarch64-linux-gnu/
LIBRARY_PATH=/usr/lib/gcc/aarch64-linux-gnu/11/:/usr/lib/gcc/aarch64-linux-gnu/11/../../../aarch64-linux-gnu/:/usr/lib/gcc/aarch64-linux-gnu/11/../../../../lib/:/lib/aarch64-linux-gnu/:/lib/../lib/:/usr/lib/aarch64-linux-gnu/:/usr/lib/../lib/:/usr/lib/gcc/aarch64-linux-gnu/11/../../../:/lib/:/usr/lib/
COLLECT_GCC_OPTIONS='-D' '__CUDA_ARCH__=520' '-D' '__CUDA_ARCH_LIST__=520' '-D' '__NV_LEGACY_LAUNCH' '-c' '-D' 'CUDA_DOUBLE_MATH_FUNCTIONS' '-v' '-Wno-psabi' '-I' '/usr/local/cuda/bin/../targets/aarch64-linux/include' '-o' 'CMakeFiles/cmTC_cb4e8.dir/CMakeCUDACompilerABI.cu.o' '-mlittle-endian' '-mabi=lp64' '-dumpdir' 'CMakeFiles/cmTC_cb4e8.dir/CMakeCUDACompilerABI.cu.'
Linking CUDA executable cmTC_cb4e8
/usr/bin/cmake -E cmake_link_script CMakeFiles/cmTC_cb4e8.dir/link.txt --verbose=1
/usr/bin/g++  -v CMakeFiles/cmTC_cb4e8.dir/CMakeCUDACompilerABI.cu.o -o cmTC_cb4e8  -lcudadevrt -lcudart_static -lrt -lpthread -ldl  -L"/usr/local/cuda/targets/aarch64-linux/lib/stubs" -L"/usr/local/cuda/targets/aarch64-linux/lib"
Using built-in specs.
COLLECT_GCC=/usr/bin/g++
COLLECT_LTO_WRAPPER=/usr/lib/gcc/aarch64-linux-gnu/11/lto-wrapper
Target: aarch64-linux-gnu
Configured with: ../src/configure -v --with-pkgversion='Ubuntu 11.4.0-1ubuntu1~22.04.3' --with-bugurl=file:///usr/share/doc/gcc-11/README.Bugs --enable-languages=c,ada,c++,go,d,fortran,objc,obj-c++,m2 --prefix=/usr --with-gcc-major-version-only --program-suffix=-11 --program-prefix=aarch64-linux-gnu- --enable-shared --enable-linker-build-id --libexecdir=/usr/lib --without-included-gettext --enable-threads=posix --libdir=/usr/lib --enable-nls --enable-bootstrap --enable-clocale=gnu --enable-libstdcxx-debug --enable-libstdcxx-time=yes --with-default-libstdcxx-abi=new --enable-gnu-unique-object --disable-libquadmath --disable-libquadmath-support --enable-plugin --enable-default-pie --with-system-zlib --enable-libphobos-checking=release --with-target-system-zlib=auto --enable-objc-gc=auto --enable-multiarch --enable-fix-cortex-a53-843419 --disable-werror --enable-checking=release --build=aarch64-linux-gnu --host=aarch64-linux-gnu --target=aarch64-linux-gnu --with-build-config=bootstrap-lto-lean --enable-link-serialization=4
Thread model: posix
Supported LTO compression algorithms: zlib zstd
gcc version 11.4.0 (Ubuntu 11.4.0-1ubuntu1~22.04.3) 
COMPILER_PATH=/usr/lib/gcc/aarch64-linux-gnu/11/:/usr/lib/gcc/aarch64-linux-gnu/11/:/usr/lib/gcc/aarch64-linux-gnu/:/usr/lib/gcc/aarch64-linux-gnu/11/:/usr/lib/gcc/aarch64-linux-gnu/
LIBRARY_PATH=/usr/lib/gcc/aarch64-linux-gnu/11/:/usr/lib/gcc/aarch64-linux-gnu/11/../../../aarch64-linux-gnu/:/usr/lib/gcc/aarch64-linux-gnu/11/../../../../lib/:/lib/aarch64-linux-gnu/:/lib/../lib/:/usr/lib/aarch64-linux-gnu/:/usr/lib/../lib/:/usr/lib/gcc/aarch64-linux-gnu/11/../../../:/lib/:/usr/lib/
COLLECT_GCC_OPTIONS='-v' '-o' 'cmTC_cb4e8' '-L/usr/local/cuda/targets/aarch64-linux/lib/stubs' '-L/usr/local/cuda/targets/aarch64-linux/lib' '-shared-libgcc' '-mlittle-endian' '-mabi=lp64' '-dumpdir' 'cmTC_cb4e8.'
 /usr/lib/gcc/aarch64-linux-gnu/11/collect2 -plugin /usr/lib/gcc/aarch64-linux-gnu/11/liblto_plugin.so -plugin-opt=/usr/lib/gcc/aarch64-linux-gnu/11/lto-wrapper -plugin-opt=-fresolution=/tmp/ccXmGcAl.res -plugin-opt=-pass-through=-lgcc_s -plugin-opt=-pass-through=-lgcc -plugin-opt=-pass-through=-lc -plugin-opt=-pass-through=-lgcc_s -plugin-opt=-pass-through=-lgcc --build-id --eh-frame-hdr --hash-style=gnu --as-needed -dynamic-linker /lib/ld-linux-aarch64.so.1 -X -EL -maarch64linux --fix-cortex-a53-843419 -pie -z now -z relro -o cmTC_cb4e8 /usr/lib/gcc/aarch64-linux-gnu/11/../../../aarch64-linux-gnu/Scrt1.o /usr/lib/gcc/aarch64-linux-gnu/11/../../../aarch64-linux-gnu/crti.o /usr/lib/gcc/aarch64-linux-gnu/11/crtbeginS.o -L/usr/local/cuda/targets/aarch64-linux/lib/stubs -L/usr/local/cuda/targets/aarch64-linux/lib -L/usr/lib/gcc/aarch64-linux-gnu/11 -L/usr/lib/gcc/aarch64-linux-gnu/11/../../../aarch64-linux-gnu -L/usr/lib/gcc/aarch64-linux-gnu/11/../../../../lib -L/lib/aarch64-linux-gnu -L/lib/../lib -L/usr/lib/aarch64-linux-gnu -L/usr/lib/../lib -L/usr/lib/gcc/aarch64-linux-gnu/11/../../.. CMakeFiles/cmTC_cb4e8.dir/CMakeCUDACompilerABI.cu.o -lcudadevrt -lcudart_static -lrt -lpthread -ldl -lstdc++ -lm -lgcc_s -lgcc -lc -lgcc_s -lgcc /usr/lib/gcc/aarch64-linux-gnu/11/crtendS.o /usr/lib/gcc/aarch64-linux-gnu/11/../../../aarch64-linux-gnu/crtn.o
COLLECT_GCC_OPTIONS='-v' '-o' 'cmTC_cb4e8' '-L/usr/local/cuda/targets/aarch64-linux/lib/stubs' '-L/usr/local/cuda/targets/aarch64-linux/lib' '-shared-libgcc' '-mlittle-endian' '-mabi=lp64' '-dumpdir' 'cmTC_cb4e8.'
gmake[1]: Leaving directory '/home/autopilot03/Desktop/f1tenth_test0804/f1tenth_project_repo/build/bev_processor/CMakeFiles/CMakeTmp'



Parsed CUDA implicit include dir info from above output: rv=done
  found start of include info
  found start of implicit include info
    add: [/usr/local/cuda/bin/../targets/aarch64-linux/include]
    add: [/usr/include/c++/11]
    add: [/usr/include/aarch64-linux-gnu/c++/11]
    add: [/usr/include/c++/11/backward]
    add: [/usr/lib/gcc/aarch64-linux-gnu/11/include]
    add: [/usr/local/include]
    add: [/usr/include/aarch64-linux-gnu]
    add: [/usr/include]
  end of search list found
  collapse include dir [/usr/local/cuda/bin/../targets/aarch64-linux/include] ==> [/usr/local/cuda/targets/aarch64-linux/include]
  collapse include dir [/usr/include/c++/11] ==> [/usr/include/c++/11]
  collapse include dir [/usr/include/aarch64-linux-gnu/c++/11] ==> [/usr/include/aarch64-linux-gnu/c++/11]
  collapse include dir [/usr/include/c++/11/backward] ==> [/usr/include/c++/11/backward]
  collapse include dir [/usr/lib/gcc/aarch64-linux-gnu/11/include] ==> [/usr/lib/gcc/aarch64-linux-gnu/11/include]
  collapse include dir [/usr/local/include] ==> [/usr/local/include]
  collapse include dir [/usr/include/aarch64-linux-gnu] ==> [/usr/include/aarch64-linux-gnu]
  collapse include dir [/usr/include] ==> [/usr/include]
  implicit include dirs: [/usr/local/cuda/targets/aarch64-linux/include;/usr/include/c++/11;/usr/include/aarch64-linux-gnu/c++/11;/usr/include/c++/11/backward;/usr/lib/gcc/aarch64-linux-gnu/11/include;/usr/local/include;/usr/include/aarch64-linux-gnu;/usr/include]


Parsed CUDA implicit link information from above output:
  link line regex: [^( *|.*[/\])(ld|CMAKE_LINK_STARTFILE-NOTFOUND|([^/\]+-)?ld|collect2)[^/\]*( |$)]
  ignore line: [Change Dir: /home/autopilot03/Desktop/f1tenth_test0804/f1tenth_project_repo/build/bev_processor/CMakeFiles/CMakeTmp]
  ignore line: []
  ignore line: [Run Build Command(s):/usr/bin/gmake -f Makefile cmTC_cb4e8/fast && /usr/bin/gmake  -f CMakeFiles/cmTC_cb4e8.dir/build.make CMakeFiles/cmTC_cb4e8.dir/build]
  ignore line: [gmake[1]: Entering directory '/home/autopilot03/Desktop/f1tenth_test0804/f1tenth_project_repo/build/bev_processor/CMakeFiles/CMakeTmp']
  ignore line: [Building CUDA object CMakeFiles/cmTC_cb4e8.dir/CMakeCUDACompilerABI.cu.o]
  ignore line: [/usr/local/cuda/bin/nvcc -forward-unknown-to-host-compiler   --generate-code=arch=compute_52 code=[compute_52 sm_52]   -Xcompiler=-v -MD -MT CMakeFiles/cmTC_cb4e8.dir/CMakeCUDACompilerABI.cu.o -MF CMakeFiles/cmTC_cb4e8.dir/CMakeCUDACompilerABI.cu.o.d -x cu -c /usr/share/cmake-3.22/Modules/CMakeCUDACompilerABI.cu -o CMakeFiles/cmTC_cb4e8.dir/CMakeCUDACompilerABI.cu.o]
  ignore line: [Using built-in specs.]
  ignore line: [COLLECT_GCC=gcc]
  ignore line: [Target: aarch64-linux-gnu]
  ignore line: [Configured with: ../src/configure -v --with-pkgversion='Ubuntu 11.4.0-1ubuntu1~22.04.3' --with-bugurl=file:///usr/share/doc/gcc-11/README.Bugs --enable-languages=c ada c++ go d fortran objc obj-c++ m2 --prefix=/usr --with-gcc-major-version-only --program-suffix=-11 --program-prefix=aarch64-linux-gnu- --enable-shared --enable-linker-build-id --libexecdir=/usr/lib --without-included-gettext --enable-threads=posix --libdir=/usr/lib --enable-nls --enable-bootstrap --enable-clocale=gnu --enable-libstdcxx-debug --enable-libstdcxx-time=yes --with-default-libstdcxx-abi=new --enable-gnu-unique-object --disable-libquadmath --disable-libquadmath-support --enable-plugin --enable-default-pie --with-system-zlib --enable-libphobos-checking=release --with-target-system-zlib=auto --enable-objc-gc=auto --enable-multiarch --enable-fix-cortex-a53-843419 --disable-werror --enable-checking=release --build=aarch64-linux-gnu --host=aarch64-linux-gnu --target=aarch64-linux-gnu --with-build-config=bootstrap-lto-lean --enable-link-serialization=4]
  ignore line: [Thread model: posix]
  ignore line: [Supported LTO compression algorithms: zlib zstd]
  ignore line: [gcc version 11.4.0 (Ubuntu 11.4.0-1ubuntu1~22.04.3) ]
  ignore line: [COLLECT_GCC_OPTIONS='-D' '__CUDA_ARCH__=520' '-D' '__CUDA_ARCH_LIST__=520' '-D' '__NV_LEGACY_LAUNCH' '-E' '-D' 'CUDA_DOUBLE_MATH_FUNCTIONS' '-D' '__CUDACC__' '-D' '__NVCC__' '-v' '-I' '/usr/local/cuda/bin/../targets/aarch64-linux/include' '-D' '__CUDACC_VER_MAJOR__=12' '-D' '__CUDACC_VER_MINOR__=6' '-D' '__CUDACC_VER_BUILD__=68' '-D' '__CUDA_API_VER_MAJOR__=12' '-D' '__CUDA_API_VER_MINOR__=6' '-D' '__NVCC_DIAG_PRAGMA_SUPPORT__=1' '-include' 'cuda_runtime.h' '-o' '/tmp/tmpxft_000030e1_00000000-7_CMakeCUDACompilerABI.cpp1.ii' '-mlittle-endian' '-mabi=lp64' '-dumpdir' '/tmp/']
  ignore line: [ /usr/lib/gcc/aarch64-linux-gnu/11/cc1plus -E -quiet -v -I /usr/local/cuda/bin/../targets/aarch64-linux/include -imultiarch aarch64-linux-gnu -D_GNU_SOURCE -D __CUDA_ARCH__=520 -D __CUDA_ARCH_LIST__=520 -D __NV_LEGACY_LAUNCH -D CUDA_DOUBLE_MATH_FUNCTIONS -D __CUDACC__ -D __NVCC__ -D __CUDACC_VER_MAJOR__=12 -D __CUDACC_VER_MINOR__=6 -D __CUDACC_VER_BUILD__=68 -D __CUDA_API_VER_MAJOR__=12 -D __CUDA_API_VER_MINOR__=6 -D __NVCC_DIAG_PRAGMA_SUPPORT__=1 -include cuda_runtime.h /usr/share/cmake-3.22/Modules/CMakeCUDACompilerABI.cu -o /tmp/tmpxft_000030e1_00000000-7_CMakeCUDACompilerABI.cpp1.ii -mlittle-endian -mabi=lp64 -fasynchronous-unwind-tables -fstack-protector-strong -Wformat -Wformat-security -fstack-clash-protection -dumpdir /tmp/ -dumpbase tmpxft_000030e1_00000000-7_CMakeCUDACompilerABI.cpp1.cu -dumpbase-ext .cu]
  ignore line: [ignoring duplicate directory "/usr/include/aarch64-linux-gnu/c++/11"]
  ignore line: [ignoring nonexistent directory "/usr/local/include/aarch64-linux-gnu"]
  ignore line: [ignoring nonexistent directory "/usr/lib/gcc/aarch64-linux-gnu/11/include-fixed"]
  ignore line: [ignoring nonexistent directory "/usr/lib/gcc/aarch64-linux-gnu/11/../../../../aarch64-linux-gnu/include"]
  ignore line: [#include "..." search starts here:]
  ignore line: [#include <...> search starts here:]
  ignore line: [ /usr/local/cuda/bin/../targets/aarch64-linux/include]
  ignore line: [ /usr/include/c++/11]
  ignore line: [ /usr/include/aarch64-linux-gnu/c++/11]
  ignore line: [ /usr/include/c++/11/backward]
  ignore line: [ /usr/lib/gcc/aarch64-linux-gnu/11/include]
  ignore line: [ /usr/local/include]
  ignore line: [ /usr/include/aarch64-linux-gnu]
  ignore line: [ /usr/include]
  ignore line: [End of search list.]
  ignore line: [COMPILER_PATH=/usr/lib/gcc/aarch64-linux-gnu/11/:/usr/lib/gcc/aarch64-linux-gnu/11/:/usr/lib/gcc/aarch64-linux-gnu/:/usr/lib/gcc/aarch64-linux-gnu/11/:/usr/lib/gcc/aarch64-linux-gnu/]
  ignore line: [LIBRARY_PATH=/usr/lib/gcc/aarch64-linux-gnu/11/:/usr/lib/gcc/aarch64-linux-gnu/11/../../../aarch64-linux-gnu/:/usr/lib/gcc/aarch64-linux-gnu/11/../../../../lib/:/lib/aarch64-linux-gnu/:/lib/../lib/:/usr/lib/aarch64-linux-gnu/:/usr/lib/../lib/:/usr/lib/gcc/aarch64-linux-gnu/11/../../../:/lib/:/usr/lib/]
  ignore line: [COLLECT_GCC_OPTIONS='-D' '__CUDA_ARCH__=520' '-D' '__CUDA_ARCH_LIST__=520' '-D' '__NV_LEGACY_LAUNCH' '-E' '-D' 'CUDA_DOUBLE_MATH_FUNCTIONS' '-D' '__CUDACC__' '-D' '__NVCC__' '-v' '-I' '/usr/local/cuda/bin/../targets/aarch64-linux/include' '-D' '__CUDACC_VER_MAJOR__=12' '-D' '__CUDACC_VER_MINOR__=6' '-D' '__CUDACC_VER_BUILD__=68' '-D' '__CUDA_API_VER_MAJOR__=12' '-D' '__CUDA_API_VER_MINOR__=6' '-D' '__NVCC_DIAG_PRAGMA_SUPPORT__=1' '-include' 'cuda_runtime.h' '-o' '/tmp/tmpxft_000030e1_00000000-7_CMakeCUDACompilerABI.cpp1.ii' '-mlittle-endian' '-mabi=lp64' '-dumpdir' '/tmp/tmpxft_000030e1_00000000-7_CMakeCUDACompilerABI.cpp1.']
  ignore line: [Using built-in specs.]
  ignore line: [COLLECT_GCC=gcc]
  ignore line: [Target: aarch64-linux-gnu]
  ignore line: [Configured with: ../src/configure -v --with-pkgversion='Ubuntu 11.4.0-1ubuntu1~22.04.3' --with-bugurl=file:///usr/share/doc/gcc-11/README.Bugs --enable-languages=c ada c++ go d fortran objc obj-c++ m2 --prefix=/usr --with-gcc-major-version-only --program-suffix=-11 --program-prefix=aarch64-linux-gnu- --enable-shared --enable-linker-build-id --libexecdir=/usr/lib --without-included-gettext --enable-threads=posix --libdir=/usr/lib --enable-nls --enable-bootstrap --enable-clocale=gnu --enable-libstdcxx-debug --enable-libstdcxx-time=yes --with-default-libstdcxx-abi=new --enable-gnu-unique-object --disable-libquadmath --disable-libquadmath-support --enable-plugin --enable-default-pie --with-system-zlib --enable-libphobos-checking=release --with-target-system-zlib=auto --enable-objc-gc=auto --enable-multiarch --enable-fix-cortex-a53-843419 --disable-werror --enable-checking=release --build=aarch64-linux-gnu --host=aarch64-linux-gnu --target=aarch64-linux-gnu --with-build-config=bootstrap-lto-lean --enable-link-serialization=4]
  ignore line: [Thread model: posix]
  ignore line: [Supported LTO compression algorithms: zlib zstd]
  ignore line: [gcc version 11.4.0 (Ubuntu 11.4.0-1ubuntu1~22.04.3) ]
  ignore line: [COLLECT_GCC_OPTIONS='-D' '__CUDA_ARCH_LIST__=520' '-D' '__NV_LEGACY_LAUNCH' '-E' '-D' '__CUDACC__' '-D' '__NVCC__' '-v' '-I' '/usr/local/cuda/bin/../targets/aarch64-linux/include' '-D' '__CUDACC_VER_MAJOR__=12' '-D' '__CUDACC_VER_MINOR__=6' '-D' '__CUDACC_VER_BUILD__=68' '-D' '__CUDA_API_VER_MAJOR__=12' '-D' '__CUDA_API_VER_MINOR__=6' '-D' '__NVCC_DIAG_PRAGMA_SUPPORT__=1' '-include' 'cuda_runtime.h' '-o' '/tmp/tmpxft_000030e1_00000000-5_CMakeCUDACompilerABI.cpp4.ii' '-mlittle-endian' '-mabi=lp64' '-dumpdir' '/tmp/']
  ignore line: [ /usr/lib/gcc/aarch64-linux-gnu/11/cc1plus -E -quiet -v -I /usr/local/cuda/bin/../targets/aarch64-linux/include -imultiarch aarch64-linux-gnu -D_GNU_SOURCE -D __CUDA_ARCH_LIST__=520 -D __NV_LEGACY_LAUNCH -D __CUDACC__ -D __NVCC__ -D __CUDACC_VER_MAJOR__=12 -D __CUDACC_VER_MINOR__=6 -D __CUDACC_VER_BUILD__=68 -D __CUDA_API_VER_MAJOR__=12 -D __CUDA_API_VER_MINOR__=6 -D __NVCC_DIAG_PRAGMA_SUPPORT__=1 -include cuda_runtime.h /usr/share/cmake-3.22/Modules/CMakeCUDACompilerABI.cu -o /tmp/tmpxft_000030e1_00000000-5_CMakeCUDACompilerABI.cpp4.ii -mlittle-endian -mabi=lp64 -fasynchronous-unwind-tables -fstack-protector-strong -Wformat -Wformat-security -fstack-clash-protection -dumpdir /tmp/ -dumpbase tmpxft_000030e1_00000000-5_CMakeCUDACompilerABI.cpp4.cu -dumpbase-ext .cu]
  ignore line: [ignoring duplicate directory "/usr/include/aarch64-linux-gnu/c++/11"]
  ignore line: [ignoring nonexistent directory "/usr/local/include/aarch64-linux-gnu"]
  ignore line: [ignoring nonexistent directory "/usr/lib/gcc/aarch64-linux-gnu/11/include-fixed"]
  ignore line: [ignoring nonexistent directory "/usr/lib/gcc/aarch64-linux-gnu/11/../../../../aarch64-linux-gnu/include"]
  ignore line: [#include "..." search starts here:]
  ignore line: [#include <...> search starts here:]
  ignore line: [ /usr/local/cuda/bin/../targets/aarch64-linux/include]
  ignore line: [ /usr/include/c++/11]
  ignore line: [ /usr/include/aarch64-linux-gnu/c++/11]
  ignore line: [ /usr/include/c++/11/backward]
  ignore line: [ /usr/lib/gcc/aarch64-linux-gnu/11/include]
  ignore line: [ /usr/local/include]
  ignore line: [ /usr/include/aarch64-linux-gnu]
  ignore line: [ /usr/include]
  ignore line: [End of search list.]
  ignore line: [COMPILER_PATH=/usr/lib/gcc/aarch64-linux-gnu/11/:/usr/lib/gcc/aarch64-linux-gnu/11/:/usr/lib/gcc/aarch64-linux-gnu/:/usr/lib/gcc/aarch64-linux-gnu/11/:/usr/lib/gcc/aarch64-linux-gnu/]
  ignore line: [LIBRARY_PATH=/usr/lib/gcc/aarch64-linux-gnu/11/:/usr/lib/gcc/aarch64-linux-gnu/11/../../../aarch64-linux-gnu/:/usr/lib/gcc/aarch64-linux-gnu/11/../../../../lib/:/lib/aarch64-linux-gnu/:/lib/../lib/:/usr/lib/aarch64-linux-gnu/:/usr/lib/../lib/:/usr/lib/gcc/aarch64-linux-gnu/11/../../../:/lib/:/usr/lib/]
  ignore line: [COLLECT_GCC_OPTIONS='-D' '__CUDA_ARCH_LIST__=520' '-D' '__NV_LEGACY_LAUNCH' '-E' '-D' '__CUDACC__' '-D' '__NVCC__' '-v' '-I' '/usr/local/cuda/bin/../targets/aarch64-linux/include' '-D' '__CUDACC_VER_MAJOR__=12' '-D' '__CUDACC_VER_MINOR__=6' '-D' '__CUDACC_VER_BUILD__=68' '-D' '__CUDA_API_VER_MAJOR__=12' '-D' '__CUDA_API_VER_MINOR__=6' '-D' '__NVCC_DIAG_PRAGMA_SUPPORT__=1' '-include' 'cuda_runtime.h' '-o' '/tmp/tmpxft_000030e1_00000000-5_CMakeCUDACompilerABI.cpp4.ii' '-mlittle-endian' '-mabi=lp64' '-dumpdir' '/tmp/tmpxft_000030e1_00000000-5_CMakeCUDACompilerABI.cpp4.']
  ignore line: [Using built-in specs.]
  ignore line: [COLLECT_GCC=gcc]
  ignore line: [Target: aarch64-linux-gnu]
  ignore line: [Configured with: ../src/configure -v --with-pkgversion='Ubuntu 11.4.0-1ubuntu1~22.04.3' --with-bugurl=file:///usr/share/doc/gcc-11/README.Bugs --enable-languages=c ada c++ go d fortran objc obj-c++ m2 --prefix=/usr --with-gcc-major-version-only --program-suffix=-11 --program-prefix=aarch64-linux-gnu- --enable-shared --enable-linker-build-id --libexecdir=/usr/lib --without-included-gettext --enable-threads=posix --libdir=/usr/lib --enable-nls --enable-bootstrap --enable-clocale=gnu --enable-libstdcxx-debug --enable-libstdcxx-time=yes --with-default-libstdcxx-abi=new --enable-gnu-unique-object --disable-libquadmath --disable-libquadmath-support --enable-plugin --enable-default-pie --with-system-zlib --enable-libphobos-checking=release --with-target-system-zlib=auto --enable-objc-gc=auto --enable-multiarch --enable-fix-cortex-a53-843419 --disable-werror --enable-checking=release --build=aarch64-linux-gnu --host=aarch64-linux-gnu --target=aarch64-linux-gnu --with-build-config=bootstrap-lto-lean --enable-link-serialization=4]
  ignore line: [Thread model: posix]
  ignore line: [Supported LTO compression algorithms: zlib zstd]
  ignore line: [gcc version 11.4.0 (Ubuntu 11.4.0-1ubuntu1~22.04.3) ]
  ignore line: [COLLECT_GCC_OPTIONS='-D' '__CUDA_ARCH__=520' '-D' '__CUDA_ARCH_LIST__=520' '-D' '__NV_LEGACY_LAUNCH' '-c' '-D' 'CUDA_DOUBLE_MATH_FUNCTIONS' '-v' '-Wno-psabi' '-I' '/usr/local/cuda/bin/../targets/aarch64-linux/include' '-o' 'CMakeFiles/cmTC_cb4e8.dir/CMakeCUDACompilerABI.cu.o' '-mlittle-endian' '-mabi=lp64' '-dumpdir' 'CMakeFiles/cmTC_cb4e8.dir/']
  ignore line: [ /usr/lib/gcc/aarch64-linux-gnu/11/cc1plus -quiet -v -I /usr/local/cuda/bin/../targets/aarch64-linux/include -imultiarch aarch64-linux-gnu -D_GNU_SOURCE -D __CUDA_ARCH__=520 -D __CUDA_ARCH_LIST__=520 -D __NV_LEGACY_LAUNCH -D CUDA_DOUBLE_MATH_FUNCTIONS /tmp/tmpxft_000030e1_00000000-6_CMakeCUDACompilerABI.cudafe1.cpp -quiet -dumpdir CMakeFiles/cmTC_cb4e8.dir/ -dumpbase CMakeCUDACompilerABI.cu.cpp -dumpbase-ext .cpp -mlittle-endian -mabi=lp64 -Wno-psabi -version -fasynchronous-unwind-tables -fstack-protector-strong -Wformat -Wformat-security -fstack-clash-protection -o /tmp/cciIzDGT.s]
  ignore line: [GNU C++17 (Ubuntu 11.4.0-1ubuntu1~22.04.3) version 11.4.0 (aarch64-linux-gnu)]
  ignore line: [	compiled by GNU C version 11.4.0  GMP version 6.2.1  MPFR version 4.1.0  MPC version 1.2.1  isl version isl-0.24-GMP]
  ignore line: []
  ignore line: [GGC heuristics: --param ggc-min-expand=100 --param ggc-min-heapsize=131072]
  ignore line: [ignoring duplicate directory "/usr/include/aarch64-linux-gnu/c++/11"]
  ignore line: [ignoring nonexistent directory "/usr/local/include/aarch64-linux-gnu"]
  ignore line: [ignoring nonexistent directory "/usr/lib/gcc/aarch64-linux-gnu/11/include-fixed"]
  ignore line: [ignoring nonexistent directory "/usr/lib/gcc/aarch64-linux-gnu/11/../../../../aarch64-linux-gnu/include"]
  ignore line: [#include "..." search starts here:]
  ignore line: [#include <...> search starts here:]
  ignore line: [ /usr/local/cuda/bin/../targets/aarch64-linux/include]
  ignore line: [ /usr/include/c++/11]
  ignore line: [ /usr/include/aarch64-linux-gnu/c++/11]
  ignore line: [ /usr/include/c++/11/backward]
  ignore line: [ /usr/lib/gcc/aarch64-linux-gnu/11/include]
  ignore line: [ /usr/local/include]
  ignore line: [ /usr/include/aarch64-linux-gnu]
  ignore line: [ /usr/include]
  ignore line: [End of search list.]
  ignore line: [GNU C++17 (Ubuntu 11.4.0-1ubuntu1~22.04.3) version 11.4.0 (aarch64-linux-gnu)]
  ignore line: [	compiled by GNU C version 11.4.0  GMP version 6.2.1  MPFR version 4.1.0  MPC version 1.2.1  isl version isl-0.24-GMP]
  ignore line: []
  ignore line: [GGC heuristics: --param ggc-min-expand=100 --param ggc-min-heapsize=131072]
  ignore line: [Compiler executable checksum: 1ec2e7097ef542eddc6fe6fb48e7bad4]
  ignore line: [COLLECT_GCC_OPTIONS='-D' '__CUDA_ARCH__=520' '-D' '__CUDA_ARCH_LIST__=520' '-D' '__NV_LEGACY_LAUNCH' '-c' '-D' 'CUDA_DOUBLE_MATH_FUNCTIONS' '-v' '-Wno-psabi' '-I' '/usr/local/cuda/bin/../targets/aarch64-linux/include' '-o' 'CMakeFiles/cmTC_cb4e8.dir/CMakeCUDACompilerABI.cu.o' '-mlittle-endian' '-mabi=lp64' '-dumpdir' 'CMakeFiles/cmTC_cb4e8.dir/']
  ignore line: [ as -v -I /usr/local/cuda/bin/../targets/aarch64-linux/include -EL -mabi=lp64 -o CMakeFiles/cmTC_cb4e8.dir/CMakeCUDACompilerABI.cu.o /tmp/cciIzDGT.s]
  ignore line: [GNU assembler version 2.38 (aarch64-linux-gnu) using BFD version (GNU Binutils for Ubuntu) 2.38]
  ignore line: [COMPILER_PATH=/usr/lib/gcc/aarch64-linux-gnu/11/:/usr/lib/gcc/aarch64-linux-gnu/11/:/usr/lib/gcc/aarch64-linux-gnu/:/usr/lib/gcc/aarch64-linux-gnu/11/:/usr/lib/gcc/aarch64-linux-gnu/]
  ignore line: [LIBRARY_PATH=/usr/lib/gcc/aarch64-linux-gnu/11/:/usr/lib/gcc/aarch64-linux-gnu/11/../../../aarch64-linux-gnu/:/usr/lib/gcc/aarch64-linux-gnu/11/../../../../lib/:/lib/aarch64-linux-gnu/:/lib/../lib/:/usr/lib/aarch64-linux-gnu/:/usr/lib/../lib/:/usr/lib/gcc/aarch64-linux-gnu/11/../../../:/lib/:/usr/lib/]
  ignore line: [COLLECT_GCC_OPTIONS='-D' '__CUDA_ARCH__=520' '-D' '__CUDA_ARCH_LIST__=520' '-D' '__NV_LEGACY_LAUNCH' '-c' '-D' 'CUDA_DOUBLE_MATH_FUNCTIONS' '-v' '-Wno-psabi' '-I' '/usr/local/cuda/bin/../targets/aarch64-linux/include' '-o' 'CMakeFiles/cmTC_cb4e8.dir/CMakeCUDACompilerABI.cu.o' '-mlittle-endian' '-mabi=lp64' '-dumpdir' 'CMakeFiles/cmTC_cb4e8.dir/CMakeCUDACompilerABI.cu.']
  ignore line: [Linking CUDA executable cmTC_cb4e8]
  ignore line: [/usr/bin/cmake -E cmake_link_script CMakeFiles/cmTC_cb4e8.dir/link.txt --verbose=1]
  ignore line: [/usr/bin/g++  -v CMakeFiles/cmTC_cb4e8.dir/CMakeCUDACompilerABI.cu.o -o cmTC_cb4e8  -lcudadevrt -lcudart_static -lrt -lpthread -ldl  -L"/usr/local/cuda/targets/aarch64-linux/lib/stubs" -L"/usr/local/cuda/targets/aarch64-linux/lib"]
  ignore line: [Using built-in specs.]
  ignore line: [COLLECT_GCC=/usr/bin/g++]
  ignore line: [COLLECT_LTO_WRAPPER=/usr/lib/gcc/aarch64-linux-gnu/11/lto-wrapper]
  ignore line: [Target: aarch64-linux-gnu]
  ignore line: [Configured with: ../src/configure -v --with-pkgversion='Ubuntu 11.4.0-1ubuntu1~22.04.3' --with-bugurl=file:///usr/share/doc/gcc-11/README.Bugs --enable-languages=c ada c++ go d fortran objc obj-c++ m2 --prefix=/usr --with-gcc-major-version-only --program-suffix=-11 --program-prefix=aarch64-linux-gnu- --enable-shared --enable-linker-build-id --libexecdir=/usr/lib --without-included-gettext --enable-threads=posix --libdir=/usr/lib --enable-nls --enable-bootstrap --enable-clocale=gnu --enable-libstdcxx-debug --enable-libstdcxx-time=yes --with-default-libstdcxx-abi=new --enable-gnu-unique-object --disable-libquadmath --disable-libquadmath-support --enable-plugin --enable-default-pie --with-system-zlib --enable-libphobos-checking=release --with-target-system-zlib=auto --enable-objc-gc=auto --enable-multiarch --enable-fix-cortex-a53-843419 --disable-werror --enable-checking=release --build=aarch64-linux-gnu --host=aarch64-linux-gnu --target=aarch64-linux-gnu --with-build-config=bootstrap-lto-lean --enable-link-serialization=4]
  ignore line: [Thread model: posix]
  ignore line: [Supported LTO compression algorithms: zlib zstd]
  ignore line: [gcc version 11.4.0 (Ubuntu 11.4.0-1ubuntu1~22.04.3) ]
  ignore line: [COMPILER_PATH=/usr/lib/gcc/aarch64-linux-gnu/11/:/usr/lib/gcc/aarch64-linux-gnu/11/:/usr/lib/gcc/aarch64-linux-gnu/:/usr/lib/gcc/aarch64-linux-gnu/11/:/usr/lib/gcc/aarch64-linux-gnu/]
  ignore line: [LIBRARY_PATH=/usr/lib/gcc/aarch64-linux-gnu/11/:/usr/lib/gcc/aarch64-linux-gnu/11/../../../aarch64-linux-gnu/:/usr/lib/gcc/aarch64-linux-gnu/11/../../../../lib/:/lib/aarch64-linux-gnu/:/lib/../lib/:/usr/lib/aarch64-linux-gnu/:/usr/lib/../lib/:/usr/lib/gcc/aarch64-linux-gnu/11/../../../:/lib/:/usr/lib/]
  ignore line: [COLLECT_GCC_OPTIONS='-v' '-o' 'cmTC_cb4e8' '-L/usr/local/cuda/targets/aarch64-linux/lib/stubs' '-L/usr/local/cuda/targets/aarch64-linux/lib' '-shared-libgcc' '-mlittle-endian' '-mabi=lp64' '-dumpdir' 'cmTC_cb4e8.']
  link line: [ /usr/lib/gcc/aarch64-linux-gnu/11/collect2 -plugin /usr/lib/gcc/aarch64-linux-gnu/11/liblto_plugin.so -plugin-opt=/usr/lib/gcc/aarch64-linux-gnu/11/lto-wrapper -plugin-opt=-fresolution=/tmp/ccXmGcAl.res -plugin-opt=-pass-through=-lgcc_s -plugin-opt=-pass-through=-lgcc -plugin-opt=-pass-through=-lc -plugin-opt=-pass-through=-lgcc_s -plugin-opt=-pass-through=-lgcc --build-id --eh-frame-hdr --hash-style=gnu --as-needed -dynamic-linker /lib/ld-linux-aarch64.so.1 -X -EL -maarch64linux --fix-cortex-a53-843419 -pie -z now -z relro -o cmTC_cb4e8 /usr/lib/gcc/aarch64-linux-gnu/11/../../../aarch64-linux-gnu/Scrt1.o /usr/lib/gcc/aarch64-linux-gnu/11/../../../aarch64-linux-gnu/crti.o /usr/lib/gcc/aarch64-linux-gnu/11/crtbeginS.o -L/usr/local/cuda/targets/aarch64-linux/lib/stubs -L/usr/local/cuda/targets/aarch64-linux/lib -L/usr/lib/gcc/aarch64-linux-gnu/11 -L/usr/lib/gcc/aarch64-linux-gnu/11/../../../aarch64-linux-gnu -L/usr/lib/gcc/aarch64-linux-gnu/11/../../../../lib -L/lib/aarch64-linux-gnu -L/lib/../lib -L/usr/lib/aarch64-linux-gnu -L/usr/lib/../lib -L/usr/lib/gcc/aarch64-linux-gnu/11/../../.. CMakeFiles/cmTC_cb4e8.dir/CMakeCUDACompilerABI.cu.o -lcudadevrt -lcudart_static -lrt -lpthread -ldl -lstdc++ -lm -lgcc_s -lgcc -lc -lgcc_s -lgcc /usr/lib/gcc/aarch64-linux-gnu/11/crtendS.o /usr/lib/gcc/aarch64-linux-gnu/11/../../../aarch64-linux-gnu/crtn.o]
    arg [/usr/lib/gcc/aarch64-linux-gnu/11/collect2] ==> ignore
    arg [-plugin] ==> ignore
    arg [/usr/lib/gcc/aarch64-linux-gnu/11/liblto_plugin.so] ==> ignore
    arg [-plugin-opt=/usr/lib/gcc/aarch64-linux-gnu/11/lto-wrapper] ==> ignore
    arg [-plugin-opt=-fresolution=/tmp/ccXmGcAl.res] ==> ignore
    arg [-plugin-opt=-pass-through=-lgcc_s] ==> ignore
    arg [-plugin-opt=-pass-through=-lgcc] ==> ignore
    arg [-plugin-opt=-pass-through=-lc] ==> ignore
    arg [-plugin-opt=-pass-through=-lgcc_s] ==> ignore
    arg [-plugin-opt=-pass-through=-lgcc] ==> ignore
    arg [--build-id] ==> ignore
    arg [--eh-frame-hdr] ==> ignore
    arg [--hash-style=gnu] ==> ignore
    arg [--as-needed] ==> ignore
    arg [-dynamic-linker] ==> ignore
    arg [/lib/ld-linux-aarch64.so.1] ==> ignore
    arg [-X] ==> ignore
    arg [-EL] ==> ignore
    arg [-maarch64linux] ==> ignore
    arg [--fix-cortex-a53-843419] ==> ignore
    arg [-pie] ==> ignore
    arg [-znow] ==> ignore
    arg [-zrelro] ==> ignore
    arg [-o] ==> ignore
    arg [cmTC_cb4e8] ==> ignore
    arg [/usr/lib/gcc/aarch64-linux-gnu/11/../../../aarch64-linux-gnu/Scrt1.o] ==> obj [/usr/lib/gcc/aarch64-linux-gnu/11/../../../aarch64-linux-gnu/Scrt1.o]
    arg [/usr/lib/gcc/aarch64-linux-gnu/11/../../../aarch64-linux-gnu/crti.o] ==> obj [/usr/lib/gcc/aarch64-linux-gnu/11/../../../aarch64-linux-gnu/crti.o]
    arg [/usr/lib/gcc/aarch64-linux-gnu/11/crtbeginS.o] ==> obj [/usr/lib/gcc/aarch64-linux-gnu/11/crtbeginS.o]
    arg [-L/usr/local/cuda/targets/aarch64-linux/lib/stubs] ==> dir [/usr/local/cuda/targets/aarch64-linux/lib/stubs]
    arg [-L/usr/local/cuda/targets/aarch64-linux/lib] ==> dir [/usr/local/cuda/targets/aarch64-linux/lib]
    arg [-L/usr/lib/gcc/aarch64-linux-gnu/11] ==> dir [/usr/lib/gcc/aarch64-linux-gnu/11]
    arg [-L/usr/lib/gcc/aarch64-linux-gnu/11/../../../aarch64-linux-gnu] ==> dir [/usr/lib/gcc/aarch64-linux-gnu/11/../../../aarch64-linux-gnu]
    arg [-L/usr/lib/gcc/aarch64-linux-gnu/11/../../../../lib] ==> dir [/usr/lib/gcc/aarch64-linux-gnu/11/../../../../lib]
    arg [-L/lib/aarch64-linux-gnu] ==> dir [/lib/aarch64-linux-gnu]
    arg [-L/lib/../lib] ==> dir [/lib/../lib]
    arg [-L/usr/lib/aarch64-linux-gnu] ==> dir [/usr/lib/aarch64-linux-gnu]
    arg [-L/usr/lib/../lib] ==> dir [/usr/lib/../lib]
    arg [-L/usr/lib/gcc/aarch64-linux-gnu/11/../../..] ==> dir [/usr/lib/gcc/aarch64-linux-gnu/11/../../..]
    arg [CMakeFiles/cmTC_cb4e8.dir/CMakeCUDACompilerABI.cu.o] ==> ignore
    arg [-lcudadevrt] ==> lib [cudadevrt]
    arg [-lcudart_static] ==> lib [cudart_static]
    arg [-lrt] ==> lib [rt]
    arg [-lpthread] ==> lib [pthread]
    arg [-ldl] ==> lib [dl]
    arg [-lstdc++] ==> lib [stdc++]
    arg [-lm] ==> lib [m]
    arg [-lgcc_s] ==> lib [gcc_s]
    arg [-lgcc] ==> lib [gcc]
    arg [-lc] ==> lib [c]
    arg [-lgcc_s] ==> lib [gcc_s]
    arg [-lgcc] ==> lib [gcc]
    arg [/usr/lib/gcc/aarch64-linux-gnu/11/crtendS.o] ==> obj [/usr/lib/gcc/aarch64-linux-gnu/11/crtendS.o]
    arg [/usr/lib/gcc/aarch64-linux-gnu/11/../../../aarch64-linux-gnu/crtn.o] ==> obj [/usr/lib/gcc/aarch64-linux-gnu/11/../../../aarch64-linux-gnu/crtn.o]
  collapse obj [/usr/lib/gcc/aarch64-linux-gnu/11/../../../aarch64-linux-gnu/Scrt1.o] ==> [/usr/lib/aarch64-linux-gnu/Scrt1.o]
  collapse obj [/usr/lib/gcc/aarch64-linux-gnu/11/../../../aarch64-linux-gnu/crti.o] ==> [/usr/lib/aarch64-linux-gnu/crti.o]
  collapse obj [/usr/lib/gcc/aarch64-linux-gnu/11/../../../aarch64-linux-gnu/crtn.o] ==> [/usr/lib/aarch64-linux-gnu/crtn.o]
  collapse library dir [/usr/local/cuda/targets/aarch64-linux/lib/stubs] ==> [/usr/local/cuda/targets/aarch64-linux/lib/stubs]
  collapse library dir [/usr/local/cuda/targets/aarch64-linux/lib] ==> [/usr/local/cuda/targets/aarch64-linux/lib]
  collapse library dir [/usr/lib/gcc/aarch64-linux-gnu/11] ==> [/usr/lib/gcc/aarch64-linux-gnu/11]
  collapse library dir [/usr/lib/gcc/aarch64-linux-gnu/11/../../../aarch64-linux-gnu] ==> [/usr/lib/aarch64-linux-gnu]
  collapse library dir [/usr/lib/gcc/aarch64-linux-gnu/11/../../../../lib] ==> [/usr/lib]
  collapse library dir [/lib/aarch64-linux-gnu] ==> [/lib/aarch64-linux-gnu]
  collapse library dir [/lib/../lib] ==> [/lib]
  collapse library dir [/usr/lib/aarch64-linux-gnu] ==> [/usr/lib/aarch64-linux-gnu]
  collapse library dir [/usr/lib/../lib] ==> [/usr/lib]
  collapse library dir [/usr/lib/gcc/aarch64-linux-gnu/11/../../..] ==> [/usr/lib]
  implicit libs: [cudadevrt;cudart_static;rt;pthread;dl;stdc++;m;gcc_s;gcc;c;gcc_s;gcc]
  implicit objs: [/usr/lib/aarch64-linux-gnu/Scrt1.o;/usr/lib/aarch64-linux-gnu/crti.o;/usr/lib/gcc/aarch64-linux-gnu/11/crtbeginS.o;/usr/lib/gcc/aarch64-linux-gnu/11/crtendS.o;/usr/lib/aarch64-linux-gnu/crtn.o]
  implicit dirs: [/usr/local/cuda/targets/aarch64-linux/lib/stubs;/usr/local/cuda/targets/aarch64-linux/lib;/usr/lib/gcc/aarch64-linux-gnu/11;/usr/lib/aarch64-linux-gnu;/usr/lib;/lib/aarch64-linux-gnu;/lib]
  implicit fwks: []


Determining if the include file pthread.h exists passed with the following output:
Change Dir: /home/autopilot03/Desktop/f1tenth_test0804/f1tenth_project_repo/build/bev_processor/CMakeFiles/CMakeTmp

Run Build Command(s):/usr/bin/gmake -f Makefile cmTC_81f58/fast && /usr/bin/gmake  -f CMakeFiles/cmTC_81f58.dir/build.make CMakeFiles/cmTC_81f58.dir/build
gmake[1]: Entering directory '/home/autopilot03/Desktop/f1tenth_test0804/f1tenth_project_repo/build/bev_processor/CMakeFiles/CMakeTmp'
Building CXX object CMakeFiles/cmTC_81f58.dir/CheckIncludeFile.cxx.o
/usr/bin/c++   -std=c++17 -o CMakeFiles/cmTC_81f58.dir/CheckIncludeFile.cxx.o -c /home/autopilot03/Desktop/f1tenth_test0804/f1tenth_project_repo/build/bev_processor/CMakeFiles/CMakeTmp/CheckIncludeFile.cxx
Linking CXX executable cmTC_81f58
/usr/bin/cmake -E cmake_link_script CMakeFiles/cmTC_81f58.dir/link.txt --verbose=1
/usr/bin/c++ CMakeFiles/cmTC_81f58.dir/CheckIncludeFile.cxx.o -o cmTC_81f58 
gmake[1]: Leaving directory '/home/autopilot03/Desktop/f1tenth_test0804/f1tenth_project_repo/build/bev_processor/CMakeFiles/CMakeTmp'



Performing C++ SOURCE FILE Test CMAKE_HAVE_LIBC_PTHREAD succeeded with the following output:
Change Dir: /home/autopilot03/Desktop/f1tenth_test0804/f1tenth_project_repo/build/bev_processor/CMakeFiles/CMakeTmp

Run Build Command(s):/usr/bin/gmake -f Makefile cmTC_081cd/fast && /usr/bin/gmake  -f CMakeFiles/cmTC_081cd.dir/build.make CMakeFiles/cmTC_081cd.dir/build
gmake[1]: Entering directory '/home/autopilot03/Desktop/f1tenth_test0804/f1tenth_project_repo/build/bev_processor/CMakeFiles/CMakeTmp'
Building CXX object CMakeFiles/cmTC_081cd.dir/src.cxx.o
/usr/bin/c++ -DCMAKE_HAVE_LIBC_PTHREAD  -std=c++17 -o CMakeFiles/cmTC_081cd.dir/src.cxx.o -c /home/autopilot03/Desktop/f1tenth_test0804/f1tenth_project_repo/build/bev_processor/CMakeFiles/CMakeTmp/src.cxx
Linking CXX executable cmTC_081cd
/usr/bin/cmake -E cmake_link_script CMakeFiles/cmTC_081cd.dir/link.txt --verbose=1
/usr/bin/c++ CMakeFiles/cmTC_081cd.dir/src.cxx.o -o cmTC_081cd 
gmake[1]: Leaving directory '/home/autopilot03/Desktop/f1tenth_test0804/f1tenth_project_repo/build/bev_processor/CMakeFiles/CMakeTmp'


Source file was:
#include <pthread.h>

static void* test_func(void* data)
{
  return data;
}

int main(void)
{
  pthread_t thread;
  pthread_create(&thread, NULL, test_func, NULL);
  pthread_detach(thread);
  pthread_cancel(thread);
  pthread_join(thread, NULL);
  pthread_atfork(NULL, NULL, NULL);
  pthread_exit(NULL);

  return 0;
}

Performing C++ SOURCE FILE Test arch_native_supported succeeded with the following output:
Change Dir: /home/autopilot03/Desktop/f1tenth_test0804/f1tenth_project_repo/build/bev_processor/CMakeFiles/CMakeTmp

Run Build Command(s):/usr/bin/gmake -f Makefile cmTC_613ec/fast && /usr/bin/gmake  -f CMakeFiles/cmTC_613ec.dir/build.make CMakeFiles/cmTC_613ec.dir/build
gmake[1]: Entering directory '/home/autopilot03/Desktop/f1tenth_test0804/f1tenth_project_repo/build/bev_processor/CMakeFiles/CMakeTmp'
Building CXX object CMakeFiles/cmTC_613ec.dir/src.cxx.o
/usr/bin/c++ -Darch_native_supported  -march=native -std=c++17 -o CMakeFiles/cmTC_613ec.dir/src.cxx.o -c /home/autopilot03/Desktop/f1tenth_test0804/f1tenth_project_repo/build/bev_processor/CMakeFiles/CMakeTmp/src.cxx
Linking CXX executable cmTC_613ec
/usr/bin/cmake -E cmake_link_script CMakeFiles/cmTC_613ec.dir/link.txt --verbose=1
/usr/bin/c++ CMakeFiles/cmTC_613ec.dir/src.cxx.o -o cmTC_613ec 
gmake[1]: Leaving directory '/home/autopilot03/Desktop/f1tenth_test0804/f1tenth_project_repo/build/bev_processor/CMakeFiles/CMakeTmp'


Source file was:
int main() { return 0; }
The system is: Linux - 5.15.148-tegra - aarch64
Compiling the CXX compiler identification source file "CMakeCXXCompilerId.cpp" succeeded.
Compiler: /usr/bin/c++ 
Build flags: 
Id flags:  

The output was:
0


Compilation of the CXX compiler identification source "CMakeCXXCompilerId.cpp" produced "a.out"

The CXX compiler identification is GNU, found in "/home/autopilot03/Desktop/f1tenth_test0806/f1tenth_project_repo/build/bev_processor/CMakeFiles/3.22.1/CompilerIdCXX/a.out"

Checking whether the CUDA compiler is NVIDIA using "" matched "nvcc: NVIDIA \(R\) Cuda compiler driver":
nvcc: NVIDIA (R) Cuda compiler driver
Copyright (c) 2005-2024 NVIDIA Corporation
Built on Wed_Aug_14_10:14:07_PDT_2024
Cuda compilation tools, release 12.6, V12.6.68
Build cuda_12.6.r12.6/compiler.34714021_0
Compiling the CUDA compiler identification source file "CMakeCUDACompilerId.cu" succeeded.
Compiler: /usr/local/cuda/bin/nvcc 
Build flags: 
Id flags: --keep;--keep-dir;tmp -v

The output was:
0
#$ _NVVM_BRANCH_=nvvm
#$ _SPACE_= 
#$ _CUDART_=cudart
#$ _HERE_=/usr/local/cuda/bin
#$ _THERE_=/usr/local/cuda/bin
#$ _TARGET_SIZE_=
#$ _TARGET_DIR_=
#$ _TARGET_DIR_=targets/aarch64-linux
#$ TOP=/usr/local/cuda/bin/..
#$ CICC_PATH=/usr/local/cuda/bin/../nvvm/bin
#$ NVVMIR_LIBRARY_DIR=/usr/local/cuda/bin/../nvvm/libdevice
#$ LD_LIBRARY_PATH=/usr/local/cuda/bin/../lib:/home/autopilot03/Desktop/f1tenth_test0806/f1tenth_project_repo/install/camera_driver/lib:/opt/ros/humble/opt/rviz_ogre_vendor/lib:/opt/ros/humble/lib/aarch64-linux-gnu:/opt/ros/humble/lib:/usr/local/cuda/lib64
#$ PATH=/usr/local/cuda/bin/../nvvm/bin:/usr/local/cuda/bin:/opt/ros/humble/bin:/usr/local/cuda/bin:/home/autopilot03/.local/bin:/usr/local/sbin:/usr/local/bin:/usr/sbin:/usr/bin:/sbin:/bin:/usr/games:/usr/local/games:/snap/bin:/snap/bin
#$ INCLUDES="-I/usr/local/cuda/bin/../targets/aarch64-linux/include"  
#$ LIBRARIES=  "-L/usr/local/cuda/bin/../targets/aarch64-linux/lib/stubs" "-L/usr/local/cuda/bin/../targets/aarch64-linux/lib"
#$ CUDAFE_FLAGS=
#$ PTXAS_FLAGS=
#$ rm tmp/a_dlink.reg.c
#$ gcc -D__CUDA_ARCH_LIST__=520 -D__NV_LEGACY_LAUNCH -E -x c++ -D__CUDACC__ -D__NVCC__  "-I/usr/local/cuda/bin/../targets/aarch64-linux/include"    -D__CUDACC_VER_MAJOR__=12 -D__CUDACC_VER_MINOR__=6 -D__CUDACC_VER_BUILD__=68 -D__CUDA_API_VER_MAJOR__=12 -D__CUDA_API_VER_MINOR__=6 -D__NVCC_DIAG_PRAGMA_SUPPORT__=1 -include "cuda_runtime.h" "CMakeCUDACompilerId.cu" -o "tmp/CMakeCUDACompilerId.cpp4.ii" 
#$ cudafe++ --c++17 --gnu_version=110400 --display_error_number --orig_src_file_name "CMakeCUDACompilerId.cu" --orig_src_path_name "/home/autopilot03/Desktop/f1tenth_test0806/f1tenth_project_repo/build/bev_processor/CMakeFiles/3.22.1/CompilerIdCUDA/CMakeCUDACompilerId.cu" --allow_managed --unsigned_chars --unsigned_wchar_t  --m64 --parse_templates --gen_c_file_name "tmp/CMakeCUDACompilerId.cudafe1.cpp" --stub_file_name "CMakeCUDACompilerId.cudafe1.stub.c" --gen_module_id_file --module_id_file_name "tmp/CMakeCUDACompilerId.module_id" "tmp/CMakeCUDACompilerId.cpp4.ii" 
#$ gcc -D__CUDA_ARCH__=520 -D__CUDA_ARCH_LIST__=520 -D__NV_LEGACY_LAUNCH -E -x c++  -DCUDA_DOUBLE_MATH_FUNCTIONS -D__CUDACC__ -D__NVCC__  "-I/usr/local/cuda/bin/../targets/aarch64-linux/include"    -D__CUDACC_VER_MAJOR__=12 -D__CUDACC_VER_MINOR__=6 -D__CUDACC_VER_BUILD__=68 -D__CUDA_API_VER_MAJOR__=12 -D__CUDA_API_VER_MINOR__=6 -D__NVCC_DIAG_PRAGMA_SUPPORT__=1 -include "cuda_runtime.h" "CMakeCUDACompilerId.cu" -o "tmp/CMakeCUDACompilerId.cpp1.ii" 
#$ "$CICC_PATH/cicc" --c++17 --gnu_version=110400 --display_error_number --orig_src_file_name "CMakeCUDACompilerId.cu" --orig_src_path_name "/home/autopilot03/Desktop/f1tenth_test0806/f1tenth_project_repo/build/bev_processor/CMakeFiles/3.22.1/CompilerIdCUDA/CMakeCUDACompilerId.cu" --allow_managed --unsigned_chars --unsigned_wchar_t   -arch compute_52 -m64 --no-version-ident -ftz=0 -prec_div=1 -prec_sqrt=1 -fmad=1 --include_file_name "CMakeCUDACompilerId.fatbin.c" -tused --module_id_file_name "tmp/CMakeCUDACompilerId.module_id" --gen_c_file_name "tmp/CMakeCUDACompilerId.cudafe1.c" --stub_file_name "tmp/CMakeCUDACompilerId.cudafe1.stub.c" --gen_device_file_name "tmp/CMakeCUDACompilerId.cudafe1.gpu"  "tmp/CMakeCUDACompilerId.cpp1.ii" -o "tmp/CMakeCUDACompilerId.ptx"
#$ ptxas -arch=sm_52 -m64  "tmp/CMakeCUDACompilerId.ptx"  -o "tmp/CMakeCUDACompilerId.sm_52.cubin" 
#$ fatbinary --create="tmp/CMakeCUDACompilerId.fatbin" -64 --cicc-cmdline="-ftz=0 -prec_div=1 -prec_sqrt=1 -fmad=1 " "--image3=kind=elf,sm=52,file=tmp/CMakeCUDACompilerId.sm_52.cubin" "--image3=kind=ptx,sm=52,file=tmp/CMakeCUDACompilerId.ptx" --embedded-fatbin="tmp/CMakeCUDACompilerId.fatbin.c" 
#$ gcc -D__CUDA_ARCH__=520 -D__CUDA_ARCH_LIST__=520 -D__NV_LEGACY_LAUNCH -c -x c++  -DCUDA_DOUBLE_MATH_FUNCTIONS -Wno-psabi "-I/usr/local/cuda/bin/../targets/aarch64-linux/include"   "tmp/CMakeCUDACompilerId.cudafe1.cpp" -o "tmp/CMakeCUDACompilerId.o" 
#$ nvlink -m64 --arch=sm_52 --register-link-binaries="tmp/a_dlink.reg.c"    "-L/usr/local/cuda/bin/../targets/aarch64-linux/lib/stubs" "-L/usr/local/cuda/bin/../targets/aarch64-linux/lib" -cpu-arch=AARCH64 "tmp/CMakeCUDACompilerId.o"  -lcudadevrt  -o "tmp/a_dlink.sm_52.cubin" --host-ccbin "gcc"
#$ fatbinary --create="tmp/a_dlink.fatbin" -64 --cicc-cmdline="-ftz=0 -prec_div=1 -prec_sqrt=1 -fmad=1 " -link "--image3=kind=elf,sm=52,file=tmp/a_dlink.sm_52.cubin" --embedded-fatbin="tmp/a_dlink.fatbin.c" 
#$ gcc -D__CUDA_ARCH_LIST__=520 -D__NV_LEGACY_LAUNCH -c -x c++ -DFATBINFILE="\"tmp/a_dlink.fatbin.c\"" -DREGISTERLINKBINARYFILE="\"tmp/a_dlink.reg.c\"" -I. -D__NV_EXTRA_INITIALIZATION= -D__NV_EXTRA_FINALIZATION= -D__CUDA_INCLUDE_COMPILER_INTERNAL_HEADERS__  -Wno-psabi "-I/usr/local/cuda/bin/../targets/aarch64-linux/include"    -D__CUDACC_VER_MAJOR__=12 -D__CUDACC_VER_MINOR__=6 -D__CUDACC_VER_BUILD__=68 -D__CUDA_API_VER_MAJOR__=12 -D__CUDA_API_VER_MINOR__=6 -D__NVCC_DIAG_PRAGMA_SUPPORT__=1 "/usr/local/cuda/bin/crt/link.stub" -o "tmp/a_dlink.o" 
#$ g++ -D__CUDA_ARCH_LIST__=520 -D__NV_LEGACY_LAUNCH -Wl,--start-group "tmp/a_dlink.o" "tmp/CMakeCUDACompilerId.o"   "-L/usr/local/cuda/bin/../targets/aarch64-linux/lib/stubs" "-L/usr/local/cuda/bin/../targets/aarch64-linux/lib"  -lcudadevrt  -lcudart_static  -lrt -lpthread  -ldl  -Wl,--end-group -o "a.out" 


Compilation of the CUDA compiler identification source "CMakeCUDACompilerId.cu" produced "a.out"

The CUDA compiler identification is NVIDIA, found in "/home/autopilot03/Desktop/f1tenth_test0806/f1tenth_project_repo/build/bev_processor/CMakeFiles/3.22.1/CompilerIdCUDA/a.out"

Parsed CUDA nvcc implicit link information from above output:
  found 'PATH=' string: [/usr/local/cuda/bin/../nvvm/bin:/usr/local/cuda/bin:/opt/ros/humble/bin:/usr/local/cuda/bin:/home/autopilot03/.local/bin:/usr/local/sbin:/usr/local/bin:/usr/sbin:/usr/bin:/sbin:/bin:/usr/games:/usr/local/games:/snap/bin:/snap/bin]
  found 'LIBRARIES=' string: ["-L/usr/local/cuda/bin/../targets/aarch64-linux/lib/stubs" "-L/usr/local/cuda/bin/../targets/aarch64-linux/lib"]
  considering line: [#$ rm tmp/a_dlink.reg.c]
  considering line: [gcc -D__CUDA_ARCH_LIST__=520 -D__NV_LEGACY_LAUNCH -E -x c++ -D__CUDACC__ -D__NVCC__  "-I/usr/local/cuda/bin/../targets/aarch64-linux/include"    -D__CUDACC_VER_MAJOR__=12 -D__CUDACC_VER_MINOR__=6 -D__CUDACC_VER_BUILD__=68 -D__CUDA_API_VER_MAJOR__=12 -D__CUDA_API_VER_MINOR__=6 -D__NVCC_DIAG_PRAGMA_SUPPORT__=1 -include "cuda_runtime.h" "CMakeCUDACompilerId.cu" -o "tmp/CMakeCUDACompilerId.cpp4.ii" ]
  considering line: [cudafe++ --c++17 --gnu_version=110400 --display_error_number --orig_src_file_name "CMakeCUDACompilerId.cu" --orig_src_path_name "/home/autopilot03/Desktop/f1tenth_test0806/f1tenth_project_repo/build/bev_processor/CMakeFiles/3.22.1/CompilerIdCUDA/CMakeCUDACompilerId.cu" --allow_managed --unsigned_chars --unsigned_wchar_t  --m64 --parse_templates --gen_c_file_name "tmp/CMakeCUDACompilerId.cudafe1.cpp" --stub_file_name "CMakeCUDACompilerId.cudafe1.stub.c" --gen_module_id_file --module_id_file_name "tmp/CMakeCUDACompilerId.module_id" "tmp/CMakeCUDACompilerId.cpp4.ii" ]
  considering line: [gcc -D__CUDA_ARCH__=520 -D__CUDA_ARCH_LIST__=520 -D__NV_LEGACY_LAUNCH -E -x c++  -DCUDA_DOUBLE_MATH_FUNCTIONS -D__CUDACC__ -D__NVCC__  "-I/usr/local/cuda/bin/../targets/aarch64-linux/include"    -D__CUDACC_VER_MAJOR__=12 -D__CUDACC_VER_MINOR__=6 -D__CUDACC_VER_BUILD__=68 -D__CUDA_API_VER_MAJOR__=12 -D__CUDA_API_VER_MINOR__=6 -D__NVCC_DIAG_PRAGMA_SUPPORT__=1 -include "cuda_runtime.h" "CMakeCUDACompilerId.cu" -o "tmp/CMakeCUDACompilerId.cpp1.ii" ]
  considering line: ["$CICC_PATH/cicc" --c++17 --gnu_version=110400 --display_error_number --orig_src_file_name "CMakeCUDACompilerId.cu" --orig_src_path_name "/home/autopilot03/Desktop/f1tenth_test0806/f1tenth_project_repo/build/bev_processor/CMakeFiles/3.22.1/CompilerIdCUDA/CMakeCUDACompilerId.cu" --allow_managed --unsigned_chars --unsigned_wchar_t   -arch compute_52 -m64 --no-version-ident -ftz=0 -prec_div=1 -prec_sqrt=1 -fmad=1 --include_file_name "CMakeCUDACompilerId.fatbin.c" -tused --module_id_file_name "tmp/CMakeCUDACompilerId.module_id" --gen_c_file_name "tmp/CMakeCUDACompilerId.cudafe1.c" --stub_file_name "tmp/CMakeCUDACompilerId.cudafe1.stub.c" --gen_device_file_name "tmp/CMakeCUDACompilerId.cudafe1.gpu"  "tmp/CMakeCUDACompilerId.cpp1.ii" -o "tmp/CMakeCUDACompilerId.ptx"]
  considering line: [ptxas -arch=sm_52 -m64  "tmp/CMakeCUDACompilerId.ptx"  -o "tmp/CMakeCUDACompilerId.sm_52.cubin" ]
  considering line: [fatbinary --create="tmp/CMakeCUDACompilerId.fatbin" -64 --cicc-cmdline="-ftz=0 -prec_div=1 -prec_sqrt=1 -fmad=1 " "--image3=kind=elf,sm=52,file=tmp/CMakeCUDACompilerId.sm_52.cubin" "--image3=kind=ptx,sm=52,file=tmp/CMakeCUDACompilerId.ptx" --embedded-fatbin="tmp/CMakeCUDACompilerId.fatbin.c" ]
  considering line: [gcc -D__CUDA_ARCH__=520 -D__CUDA_ARCH_LIST__=520 -D__NV_LEGACY_LAUNCH -c -x c++  -DCUDA_DOUBLE_MATH_FUNCTIONS -Wno-psabi "-I/usr/local/cuda/bin/../targets/aarch64-linux/include"   "tmp/CMakeCUDACompilerId.cudafe1.cpp" -o "tmp/CMakeCUDACompilerId.o" ]
  considering line: [nvlink -m64 --arch=sm_52 --register-link-binaries="tmp/a_dlink.reg.c"    "-L/usr/local/cuda/bin/../targets/aarch64-linux/lib/stubs" "-L/usr/local/cuda/bin/../targets/aarch64-linux/lib" -cpu-arch=AARCH64 "tmp/CMakeCUDACompilerId.o"  -lcudadevrt  -o "tmp/a_dlink.sm_52.cubin" --host-ccbin "gcc"]
    ignoring nvlink line
  considering line: [fatbinary --create="tmp/a_dlink.fatbin" -64 --cicc-cmdline="-ftz=0 -prec_div=1 -prec_sqrt=1 -fmad=1 " -link "--image3=kind=elf,sm=52,file=tmp/a_dlink.sm_52.cubin" --embedded-fatbin="tmp/a_dlink.fatbin.c" ]
  considering line: [gcc -D__CUDA_ARCH_LIST__=520 -D__NV_LEGACY_LAUNCH -c -x c++ -DFATBINFILE="\"tmp/a_dlink.fatbin.c\"" -DREGISTERLINKBINARYFILE="\"tmp/a_dlink.reg.c\"" -I. -D__NV_EXTRA_INITIALIZATION= -D__NV_EXTRA_FINALIZATION= -D__CUDA_INCLUDE_COMPILER_INTERNAL_HEADERS__  -Wno-psabi "-I/usr/local/cuda/bin/../targets/aarch64-linux/include"    -D__CUDACC_VER_MAJOR__=12 -D__CUDACC_VER_MINOR__=6 -D__CUDACC_VER_BUILD__=68 -D__CUDA_API_VER_MAJOR__=12 -D__CUDA_API_VER_MINOR__=6 -D__NVCC_DIAG_PRAGMA_SUPPORT__=1 "/usr/local/cuda/bin/crt/link.stub" -o "tmp/a_dlink.o" ]
  considering line: [g++ -D__CUDA_ARCH_LIST__=520 -D__NV_LEGACY_LAUNCH -Wl,--start-group "tmp/a_dlink.o" "tmp/CMakeCUDACompilerId.o"   "-L/usr/local/cuda/bin/../targets/aarch64-linux/lib/stubs" "-L/usr/local/cuda/bin/../targets/aarch64-linux/lib"  -lcudadevrt  -lcudart_static  -lrt -lpthread  -ldl  -Wl,--end-group -o "a.out" ]
    extracted link line: [g++ -D__CUDA_ARCH_LIST__=520 -D__NV_LEGACY_LAUNCH -Wl,--start-group "tmp/a_dlink.o" "tmp/CMakeCUDACompilerId.o"   "-L/usr/local/cuda/bin/../targets/aarch64-linux/lib/stubs" "-L/usr/local/cuda/bin/../targets/aarch64-linux/lib"  -lcudadevrt  -lcudart_static  -lrt -lpthread  -ldl  -Wl,--end-group -o "a.out" ]
  considering line: []
  extracted link launcher name: [g++]
  found link launcher absolute path: [/usr/bin/g++]

  link line regex: [^( *|.*[/\])(ld|CMAKE_LINK_STARTFILE-NOTFOUND|([^/\]+-)?ld|collect2)[^/\]*( |$)]
  link line: [cuda-fake-ld g++ -D__CUDA_ARCH_LIST__=520 -D__NV_LEGACY_LAUNCH -Wl,--start-group "tmp/a_dlink.o" "tmp/CMakeCUDACompilerId.o"   "-L/usr/local/cuda/bin/../targets/aarch64-linux/lib/stubs" "-L/usr/local/cuda/bin/../targets/aarch64-linux/lib"  -lcudadevrt  -lcudart_static  -lrt -lpthread  -ldl  -Wl,--end-group -o "a.out" ]
    arg [cuda-fake-ld] ==> ignore
    arg [g++] ==> ignore
    arg [-D__CUDA_ARCH_LIST__=520] ==> ignore
    arg [-D__NV_LEGACY_LAUNCH] ==> ignore
    arg [-Wl,--start-group] ==> ignore
    arg [tmp/a_dlink.o] ==> ignore
    arg [tmp/CMakeCUDACompilerId.o] ==> ignore
    arg [-L/usr/local/cuda/bin/../targets/aarch64-linux/lib/stubs] ==> dir [/usr/local/cuda/bin/../targets/aarch64-linux/lib/stubs]
    arg [-L/usr/local/cuda/bin/../targets/aarch64-linux/lib] ==> dir [/usr/local/cuda/bin/../targets/aarch64-linux/lib]
    arg [-lcudadevrt] ==> lib [cudadevrt]
    arg [-lcudart_static] ==> lib [cudart_static]
    arg [-lrt] ==> lib [rt]
    arg [-lpthread] ==> lib [pthread]
    arg [-ldl] ==> lib [dl]
    arg [-Wl,--end-group] ==> ignore
    arg [-o] ==> ignore
    arg [a.out] ==> ignore
  collapse library dir [/usr/local/cuda/bin/../targets/aarch64-linux/lib/stubs] ==> [/usr/local/cuda/targets/aarch64-linux/lib/stubs]
  collapse library dir [/usr/local/cuda/bin/../targets/aarch64-linux/lib] ==> [/usr/local/cuda/targets/aarch64-linux/lib]
  implicit libs: [cudadevrt;cudart_static;rt;pthread;dl]
  implicit objs: []
  implicit dirs: [/usr/local/cuda/targets/aarch64-linux/lib/stubs;/usr/local/cuda/targets/aarch64-linux/lib]
  implicit fwks: []


Parsed CUDA nvcc include information from above output:
  found 'PATH=' string: [/usr/local/cuda/bin/../nvvm/bin:/usr/local/cuda/bin:/opt/ros/humble/bin:/usr/local/cuda/bin:/home/autopilot03/.local/bin:/usr/local/sbin:/usr/local/bin:/usr/sbin:/usr/bin:/sbin:/bin:/usr/games:/usr/local/games:/snap/bin:/snap/bin]
  found 'LIBRARIES=' string: ["-L/usr/local/cuda/bin/../targets/aarch64-linux/lib/stubs" "-L/usr/local/cuda/bin/../targets/aarch64-linux/lib"]
  considering line: [#$ rm tmp/a_dlink.reg.c]
  considering line: [gcc -D__CUDA_ARCH_LIST__=520 -D__NV_LEGACY_LAUNCH -E -x c++ -D__CUDACC__ -D__NVCC__  "-I/usr/local/cuda/bin/../targets/aarch64-linux/include"    -D__CUDACC_VER_MAJOR__=12 -D__CUDACC_VER_MINOR__=6 -D__CUDACC_VER_BUILD__=68 -D__CUDA_API_VER_MAJOR__=12 -D__CUDA_API_VER_MINOR__=6 -D__NVCC_DIAG_PRAGMA_SUPPORT__=1 -include "cuda_runtime.h" "CMakeCUDACompilerId.cu" -o "tmp/CMakeCUDACompilerId.cpp4.ii" ]
  considering line: [cudafe++ --c++17 --gnu_version=110400 --display_error_number --orig_src_file_name "CMakeCUDACompilerId.cu" --orig_src_path_name "/home/autopilot03/Desktop/f1tenth_test0806/f1tenth_project_repo/build/bev_processor/CMakeFiles/3.22.1/CompilerIdCUDA/CMakeCUDACompilerId.cu" --allow_managed --unsigned_chars --unsigned_wchar_t  --m64 --parse_templates --gen_c_file_name "tmp/CMakeCUDACompilerId.cudafe1.cpp" --stub_file_name "CMakeCUDACompilerId.cudafe1.stub.c" --gen_module_id_file --module_id_file_name "tmp/CMakeCUDACompilerId.module_id" "tmp/CMakeCUDACompilerId.cpp4.ii" ]
  considering line: [gcc -D__CUDA_ARCH__=520 -D__CUDA_ARCH_LIST__=520 -D__NV_LEGACY_LAUNCH -E -x c++  -DCUDA_DOUBLE_MATH_FUNCTIONS -D__CUDACC__ -D__NVCC__  "-I/usr/local/cuda/bin/../targets/aarch64-linux/include"    -D__CUDACC_VER_MAJOR__=12 -D__CUDACC_VER_MINOR__=6 -D__CUDACC_VER_BUILD__=68 -D__CUDA_API_VER_MAJOR__=12 -D__CUDA_API_VER_MINOR__=6 -D__NVCC_DIAG_PRAGMA_SUPPORT__=1 -include "cuda_runtime.h" "CMakeCUDACompilerId.cu" -o "tmp/CMakeCUDACompilerId.cpp1.ii" ]
  considering line: ["$CICC_PATH/cicc" --c++17 --gnu_version=110400 --display_error_number --orig_src_file_name "CMakeCUDACompilerId.cu" --orig_src_path_name "/home/autopilot03/Desktop/f1tenth_test0806/f1tenth_project_repo/build/bev_processor/CMakeFiles/3.22.1/CompilerIdCUDA/CMakeCUDACompilerId.cu" --allow_managed --unsigned_chars --unsigned_wchar_t   -arch compute_52 -m64 --no-version-ident -ftz=0 -prec_div=1 -prec_sqrt=1 -fmad=1 --include_file_name "CMakeCUDACompilerId.fatbin.c" -tused --module_id_file_name "tmp/CMakeCUDACompilerId.module_id" --gen_c_file_name "tmp/CMakeCUDACompilerId.cudafe1.c" --stub_file_name "tmp/CMakeCUDACompilerId.cudafe1.stub.c" --gen_device_file_name "tmp/CMakeCUDACompilerId.cudafe1.gpu"  "tmp/CMakeCUDACompilerId.cpp1.ii" -o "tmp/CMakeCUDACompilerId.ptx"]
  considering line: [ptxas -arch=sm_52 -m64  "tmp/CMakeCUDACompilerId.ptx"  -o "tmp/CMakeCUDACompilerId.sm_52.cubin" ]
  considering line: [fatbinary --create="tmp/CMakeCUDACompilerId.fatbin" -64 --cicc-cmdline="-ftz=0 -prec_div=1 -prec_sqrt=1 -fmad=1 " "--image3=kind=elf,sm=52,file=tmp/CMakeCUDACompilerId.sm_52.cubin" "--image3=kind=ptx,sm=52,file=tmp/CMakeCUDACompilerId.ptx" --embedded-fatbin="tmp/CMakeCUDACompilerId.fatbin.c" ]
  considering line: [gcc -D__CUDA_ARCH__=520 -D__CUDA_ARCH_LIST__=520 -D__NV_LEGACY_LAUNCH -c -x c++  -DCUDA_DOUBLE_MATH_FUNCTIONS -Wno-psabi "-I/usr/local/cuda/bin/../targets/aarch64-linux/include"   "tmp/CMakeCUDACompilerId.cudafe1.cpp" -o "tmp/CMakeCUDACompilerId.o" ]
  considering line: [nvlink -m64 --arch=sm_52 --register-link-binaries="tmp/a_dlink.reg.c"    "-L/usr/local/cuda/bin/../targets/aarch64-linux/lib/stubs" "-L/usr/local/cuda/bin/../targets/aarch64-linux/lib" -cpu-arch=AARCH64 "tmp/CMakeCUDACompilerId.o"  -lcudadevrt  -o "tmp/a_dlink.sm_52.cubin" --host-ccbin "gcc"]
    ignoring nvlink line
  considering line: [fatbinary --create="tmp/a_dlink.fatbin" -64 --cicc-cmdline="-ftz=0 -prec_div=1 -prec_sqrt=1 -fmad=1 " -link "--image3=kind=elf,sm=52,file=tmp/a_dlink.sm_52.cubin" --embedded-fatbin="tmp/a_dlink.fatbin.c" ]
  considering line: [gcc -D__CUDA_ARCH_LIST__=520 -D__NV_LEGACY_LAUNCH -c -x c++ -DFATBINFILE="\"tmp/a_dlink.fatbin.c\"" -DREGISTERLINKBINARYFILE="\"tmp/a_dlink.reg.c\"" -I. -D__NV_EXTRA_INITIALIZATION= -D__NV_EXTRA_FINALIZATION= -D__CUDA_INCLUDE_COMPILER_INTERNAL_HEADERS__  -Wno-psabi "-I/usr/local/cuda/bin/../targets/aarch64-linux/include"    -D__CUDACC_VER_MAJOR__=12 -D__CUDACC_VER_MINOR__=6 -D__CUDACC_VER_BUILD__=68 -D__CUDA_API_VER_MAJOR__=12 -D__CUDA_API_VER_MINOR__=6 -D__NVCC_DIAG_PRAGMA_SUPPORT__=1 "/usr/local/cuda/bin/crt/link.stub" -o "tmp/a_dlink.o" ]
  considering line: [g++ -D__CUDA_ARCH_LIST__=520 -D__NV_LEGACY_LAUNCH -Wl,--start-group "tmp/a_dlink.o" "tmp/CMakeCUDACompilerId.o"   "-L/usr/local/cuda/bin/../targets/aarch64-linux/lib/stubs" "-L/usr/local/cuda/bin/../targets/aarch64-linux/lib"  -lcudadevrt  -lcudart_static  -lrt -lpthread  -ldl  -Wl,--end-group -o "a.out" ]
    extracted link line: [g++ -D__CUDA_ARCH_LIST__=520 -D__NV_LEGACY_LAUNCH -Wl,--start-group "tmp/a_dlink.o" "tmp/CMakeCUDACompilerId.o"   "-L/usr/local/cuda/bin/../targets/aarch64-linux/lib/stubs" "-L/usr/local/cuda/bin/../targets/aarch64-linux/lib"  -lcudadevrt  -lcudart_static  -lrt -lpthread  -ldl  -Wl,--end-group -o "a.out" ]
  considering line: []
  extracted link launcher name: [g++]
  found link launcher absolute path: [/usr/bin/g++]
  found 'INCLUDES=' string: ["-I/usr/local/cuda/bin/../targets/aarch64-linux/include"  ]

  link line regex: [^( *|.*[/\])(ld|CMAKE_LINK_STARTFILE-NOTFOUND|([^/\]+-)?ld|collect2)[^/\]*( |$)]
  link line: [cuda-fake-ld g++ -D__CUDA_ARCH_LIST__=520 -D__NV_LEGACY_LAUNCH -Wl,--start-group "tmp/a_dlink.o" "tmp/CMakeCUDACompilerId.o"   "-L/usr/local/cuda/bin/../targets/aarch64-linux/lib/stubs" "-L/usr/local/cuda/bin/../targets/aarch64-linux/lib"  -lcudadevrt  -lcudart_static  -lrt -lpthread  -ldl  -Wl,--end-group -o "a.out" ]
    arg [cuda-fake-ld] ==> ignore
    arg [g++] ==> ignore
    arg [-D__CUDA_ARCH_LIST__=520] ==> ignore
    arg [-D__NV_LEGACY_LAUNCH] ==> ignore
    arg [-Wl,--start-group] ==> ignore
    arg [tmp/a_dlink.o] ==> ignore
    arg [tmp/CMakeCUDACompilerId.o] ==> ignore
    arg [-L/usr/local/cuda/bin/../targets/aarch64-linux/lib/stubs] ==> dir [/usr/local/cuda/bin/../targets/aarch64-linux/lib/stubs]
    arg [-L/usr/local/cuda/bin/../targets/aarch64-linux/lib] ==> dir [/usr/local/cuda/bin/../targets/aarch64-linux/lib]
    arg [-lcudadevrt] ==> lib [cudadevrt]
    arg [-lcudart_static] ==> lib [cudart_static]
    arg [-lrt] ==> lib [rt]
    arg [-lpthread] ==> lib [pthread]
    arg [-ldl] ==> lib [dl]
    arg [-Wl,--end-group] ==> ignore
    arg [-o] ==> ignore
    arg [a.out] ==> ignore
  collapse library dir [/usr/local/cuda/bin/../targets/aarch64-linux/lib/stubs] ==> [/usr/local/cuda/targets/aarch64-linux/lib/stubs]
  collapse library dir [/usr/local/cuda/bin/../targets/aarch64-linux/lib] ==> [/usr/local/cuda/targets/aarch64-linux/lib]
  implicit libs: [cudadevrt;cudart_static;rt;pthread;dl]
  implicit objs: []
  implicit dirs: [/usr/local/cuda/targets/aarch64-linux/lib/stubs;/usr/local/cuda/targets/aarch64-linux/lib]
  implicit fwks: []


Detecting CXX compiler ABI info compiled with the following output:
Change Dir: /home/autopilot03/Desktop/f1tenth_test0806/f1tenth_project_repo/build/bev_processor/CMakeFiles/CMakeTmp

Run Build Command(s):/usr/bin/gmake -f Makefile cmTC_55cb4/fast && /usr/bin/gmake  -f CMakeFiles/cmTC_55cb4.dir/build.make CMakeFiles/cmTC_55cb4.dir/build
gmake[1]: Entering directory '/home/autopilot03/Desktop/f1tenth_test0806/f1tenth_project_repo/build/bev_processor/CMakeFiles/CMakeTmp'
Building CXX object CMakeFiles/cmTC_55cb4.dir/CMakeCXXCompilerABI.cpp.o
/usr/bin/c++   -v -o CMakeFiles/cmTC_55cb4.dir/CMakeCXXCompilerABI.cpp.o -c /usr/share/cmake-3.22/Modules/CMakeCXXCompilerABI.cpp
Using built-in specs.
COLLECT_GCC=/usr/bin/c++
Target: aarch64-linux-gnu
Configured with: ../src/configure -v --with-pkgversion='Ubuntu 11.4.0-1ubuntu1~22.04.3' --with-bugurl=file:///usr/share/doc/gcc-11/README.Bugs --enable-languages=c,ada,c++,go,d,fortran,objc,obj-c++,m2 --prefix=/usr --with-gcc-major-version-only --program-suffix=-11 --program-prefix=aarch64-linux-gnu- --enable-shared --enable-linker-build-id --libexecdir=/usr/lib --without-included-gettext --enable-threads=posix --libdir=/usr/lib --enable-nls --enable-bootstrap --enable-clocale=gnu --enable-libstdcxx-debug --enable-libstdcxx-time=yes --with-default-libstdcxx-abi=new --enable-gnu-unique-object --disable-libquadmath --disable-libquadmath-support --enable-plugin --enable-default-pie --with-system-zlib --enable-libphobos-checking=release --with-target-system-zlib=auto --enable-objc-gc=auto --enable-multiarch --enable-fix-cortex-a53-843419 --disable-werror --enable-checking=release --build=aarch64-linux-gnu --host=aarch64-linux-gnu --target=aarch64-linux-gnu --with-build-config=bootstrap-lto-lean --enable-link-serialization=4
Thread model: posix
Supported LTO compression algorithms: zlib zstd
gcc version 11.4.0 (Ubuntu 11.4.0-1ubuntu1~22.04.3) 
COLLECT_GCC_OPTIONS='-v' '-o' 'CMakeFiles/cmTC_55cb4.dir/CMakeCXXCompilerABI.cpp.o' '-c' '-shared-libgcc' '-mlittle-endian' '-mabi=lp64' '-dumpdir' 'CMakeFiles/cmTC_55cb4.dir/'
 /usr/lib/gcc/aarch64-linux-gnu/11/cc1plus -quiet -v -imultiarch aarch64-linux-gnu -D_GNU_SOURCE /usr/share/cmake-3.22/Modules/CMakeCXXCompilerABI.cpp -quiet -dumpdir CMakeFiles/cmTC_55cb4.dir/ -dumpbase CMakeCXXCompilerABI.cpp.cpp -dumpbase-ext .cpp -mlittle-endian -mabi=lp64 -version -fasynchronous-unwind-tables -fstack-protector-strong -Wformat -Wformat-security -fstack-clash-protection -o /tmp/ccSNXZNT.s
GNU C++17 (Ubuntu 11.4.0-1ubuntu1~22.04.3) version 11.4.0 (aarch64-linux-gnu)
	compiled by GNU C version 11.4.0, GMP version 6.2.1, MPFR version 4.1.0, MPC version 1.2.1, isl version isl-0.24-GMP

GGC heuristics: --param ggc-min-expand=100 --param ggc-min-heapsize=131072
ignoring duplicate directory "/usr/include/aarch64-linux-gnu/c++/11"
ignoring nonexistent directory "/usr/local/include/aarch64-linux-gnu"
ignoring nonexistent directory "/usr/lib/gcc/aarch64-linux-gnu/11/include-fixed"
ignoring nonexistent directory "/usr/lib/gcc/aarch64-linux-gnu/11/../../../../aarch64-linux-gnu/include"
#include "..." search starts here:
#include <...> search starts here:
 /usr/include/c++/11
 /usr/include/aarch64-linux-gnu/c++/11
 /usr/include/c++/11/backward
 /usr/lib/gcc/aarch64-linux-gnu/11/include
 /usr/local/include
 /usr/include/aarch64-linux-gnu
 /usr/include
End of search list.
GNU C++17 (Ubuntu 11.4.0-1ubuntu1~22.04.3) version 11.4.0 (aarch64-linux-gnu)
	compiled by GNU C version 11.4.0, GMP version 6.2.1, MPFR version 4.1.0, MPC version 1.2.1, isl version isl-0.24-GMP

GGC heuristics: --param ggc-min-expand=100 --param ggc-min-heapsize=131072
Compiler executable checksum: 1ec2e7097ef542eddc6fe6fb48e7bad4
COLLECT_GCC_OPTIONS='-v' '-o' 'CMakeFiles/cmTC_55cb4.dir/CMakeCXXCompilerABI.cpp.o' '-c' '-shared-libgcc' '-mlittle-endian' '-mabi=lp64' '-dumpdir' 'CMakeFiles/cmTC_55cb4.dir/'
 as -v -EL -mabi=lp64 -o CMakeFiles/cmTC_55cb4.dir/CMakeCXXCompilerABI.cpp.o /tmp/ccSNXZNT.s
GNU assembler version 2.38 (aarch64-linux-gnu) using BFD version (GNU Binutils for Ubuntu) 2.38
COMPILER_PATH=/usr/lib/gcc/aarch64-linux-gnu/11/:/usr/lib/gcc/aarch64-linux-gnu/11/:/usr/lib/gcc/aarch64-linux-gnu/:/usr/lib/gcc/aarch64-linux-gnu/11/:/usr/lib/gcc/aarch64-linux-gnu/
LIBRARY_PATH=/usr/lib/gcc/aarch64-linux-gnu/11/:/usr/lib/gcc/aarch64-linux-gnu/11/../../../aarch64-linux-gnu/:/usr/lib/gcc/aarch64-linux-gnu/11/../../../../lib/:/lib/aarch64-linux-gnu/:/lib/../lib/:/usr/lib/aarch64-linux-gnu/:/usr/lib/../lib/:/usr/lib/gcc/aarch64-linux-gnu/11/../../../:/lib/:/usr/lib/
COLLECT_GCC_OPTIONS='-v' '-o' 'CMakeFiles/cmTC_55cb4.dir/CMakeCXXCompilerABI.cpp.o' '-c' '-shared-libgcc' '-mlittle-endian' '-mabi=lp64' '-dumpdir' 'CMakeFiles/cmTC_55cb4.dir/CMakeCXXCompilerABI.cpp.'
Linking CXX executable cmTC_55cb4
/usr/bin/cmake -E cmake_link_script CMakeFiles/cmTC_55cb4.dir/link.txt --verbose=1
/usr/bin/c++  -v CMakeFiles/cmTC_55cb4.dir/CMakeCXXCompilerABI.cpp.o -o cmTC_55cb4 
Using built-in specs.
COLLECT_GCC=/usr/bin/c++
COLLECT_LTO_WRAPPER=/usr/lib/gcc/aarch64-linux-gnu/11/lto-wrapper
Target: aarch64-linux-gnu
Configured with: ../src/configure -v --with-pkgversion='Ubuntu 11.4.0-1ubuntu1~22.04.3' --with-bugurl=file:///usr/share/doc/gcc-11/README.Bugs --enable-languages=c,ada,c++,go,d,fortran,objc,obj-c++,m2 --prefix=/usr --with-gcc-major-version-only --program-suffix=-11 --program-prefix=aarch64-linux-gnu- --enable-shared --enable-linker-build-id --libexecdir=/usr/lib --without-included-gettext --enable-threads=posix --libdir=/usr/lib --enable-nls --enable-bootstrap --enable-clocale=gnu --enable-libstdcxx-debug --enable-libstdcxx-time=yes --with-default-libstdcxx-abi=new --enable-gnu-unique-object --disable-libquadmath --disable-libquadmath-support --enable-plugin --enable-default-pie --with-system-zlib --enable-libphobos-checking=release --with-target-system-zlib=auto --enable-objc-gc=auto --enable-multiarch --enable-fix-cortex-a53-843419 --disable-werror --enable-checking=release --build=aarch64-linux-gnu --host=aarch64-linux-gnu --target=aarch64-linux-gnu --with-build-config=bootstrap-lto-lean --enable-link-serialization=4
Thread model: posix
Supported LTO compression algorithms: zlib zstd
gcc version 11.4.0 (Ubuntu 11.4.0-1ubuntu1~22.04.3) 
COMPILER_PATH=/usr/lib/gcc/aarch64-linux-gnu/11/:/usr/lib/gcc/aarch64-linux-gnu/11/:/usr/lib/gcc/aarch64-linux-gnu/:/usr/lib/gcc/aarch64-linux-gnu/11/:/usr/lib/gcc/aarch64-linux-gnu/
LIBRARY_PATH=/usr/lib/gcc/aarch64-linux-gnu/11/:/usr/lib/gcc/aarch64-linux-gnu/11/../../../aarch64-linux-gnu/:/usr/lib/gcc/aarch64-linux-gnu/11/../../../../lib/:/lib/aarch64-linux-gnu/:/lib/../lib/:/usr/lib/aarch64-linux-gnu/:/usr/lib/../lib/:/usr/lib/gcc/aarch64-linux-gnu/11/../../../:/lib/:/usr/lib/
COLLECT_GCC_OPTIONS='-v' '-o' 'cmTC_55cb4' '-shared-libgcc' '-mlittle-endian' '-mabi=lp64' '-dumpdir' 'cmTC_55cb4.'
 /usr/lib/gcc/aarch64-linux-gnu/11/collect2 -plugin /usr/lib/gcc/aarch64-linux-gnu/11/liblto_plugin.so -plugin-opt=/usr/lib/gcc/aarch64-linux-gnu/11/lto-wrapper -plugin-opt=-fresolution=/tmp/ccQBT4Y0.res -plugin-opt=-pass-through=-lgcc_s -plugin-opt=-pass-through=-lgcc -plugin-opt=-pass-through=-lc -plugin-opt=-pass-through=-lgcc_s -plugin-opt=-pass-through=-lgcc --build-id --eh-frame-hdr --hash-style=gnu --as-needed -dynamic-linker /lib/ld-linux-aarch64.so.1 -X -EL -maarch64linux --fix-cortex-a53-843419 -pie -z now -z relro -o cmTC_55cb4 /usr/lib/gcc/aarch64-linux-gnu/11/../../../aarch64-linux-gnu/Scrt1.o /usr/lib/gcc/aarch64-linux-gnu/11/../../../aarch64-linux-gnu/crti.o /usr/lib/gcc/aarch64-linux-gnu/11/crtbeginS.o -L/usr/lib/gcc/aarch64-linux-gnu/11 -L/usr/lib/gcc/aarch64-linux-gnu/11/../../../aarch64-linux-gnu -L/usr/lib/gcc/aarch64-linux-gnu/11/../../../../lib -L/lib/aarch64-linux-gnu -L/lib/../lib -L/usr/lib/aarch64-linux-gnu -L/usr/lib/../lib -L/usr/lib/gcc/aarch64-linux-gnu/11/../../.. CMakeFiles/cmTC_55cb4.dir/CMakeCXXCompilerABI.cpp.o -lstdc++ -lm -lgcc_s -lgcc -lc -lgcc_s -lgcc /usr/lib/gcc/aarch64-linux-gnu/11/crtendS.o /usr/lib/gcc/aarch64-linux-gnu/11/../../../aarch64-linux-gnu/crtn.o
COLLECT_GCC_OPTIONS='-v' '-o' 'cmTC_55cb4' '-shared-libgcc' '-mlittle-endian' '-mabi=lp64' '-dumpdir' 'cmTC_55cb4.'
gmake[1]: Leaving directory '/home/autopilot03/Desktop/f1tenth_test0806/f1tenth_project_repo/build/bev_processor/CMakeFiles/CMakeTmp'



Parsed CXX implicit include dir info from above output: rv=done
  found start of include info
  found start of implicit include info
    add: [/usr/include/c++/11]
    add: [/usr/include/aarch64-linux-gnu/c++/11]
    add: [/usr/include/c++/11/backward]
    add: [/usr/lib/gcc/aarch64-linux-gnu/11/include]
    add: [/usr/local/include]
    add: [/usr/include/aarch64-linux-gnu]
    add: [/usr/include]
  end of search list found
  collapse include dir [/usr/include/c++/11] ==> [/usr/include/c++/11]
  collapse include dir [/usr/include/aarch64-linux-gnu/c++/11] ==> [/usr/include/aarch64-linux-gnu/c++/11]
  collapse include dir [/usr/include/c++/11/backward] ==> [/usr/include/c++/11/backward]
  collapse include dir [/usr/lib/gcc/aarch64-linux-gnu/11/include] ==> [/usr/lib/gcc/aarch64-linux-gnu/11/include]
  collapse include dir [/usr/local/include] ==> [/usr/local/include]
  collapse include dir [/usr/include/aarch64-linux-gnu] ==> [/usr/include/aarch64-linux-gnu]
  collapse include dir [/usr/include] ==> [/usr/include]
  implicit include dirs: [/usr/include/c++/11;/usr/include/aarch64-linux-gnu/c++/11;/usr/include/c++/11/backward;/usr/lib/gcc/aarch64-linux-gnu/11/include;/usr/local/include;/usr/include/aarch64-linux-gnu;/usr/include]


Parsed CXX implicit link information from above output:
  link line regex: [^( *|.*[/\])(ld|CMAKE_LINK_STARTFILE-NOTFOUND|([^/\]+-)?ld|collect2)[^/\]*( |$)]
  ignore line: [Change Dir: /home/autopilot03/Desktop/f1tenth_test0806/f1tenth_project_repo/build/bev_processor/CMakeFiles/CMakeTmp]
  ignore line: []
  ignore line: [Run Build Command(s):/usr/bin/gmake -f Makefile cmTC_55cb4/fast && /usr/bin/gmake  -f CMakeFiles/cmTC_55cb4.dir/build.make CMakeFiles/cmTC_55cb4.dir/build]
  ignore line: [gmake[1]: Entering directory '/home/autopilot03/Desktop/f1tenth_test0806/f1tenth_project_repo/build/bev_processor/CMakeFiles/CMakeTmp']
  ignore line: [Building CXX object CMakeFiles/cmTC_55cb4.dir/CMakeCXXCompilerABI.cpp.o]
  ignore line: [/usr/bin/c++   -v -o CMakeFiles/cmTC_55cb4.dir/CMakeCXXCompilerABI.cpp.o -c /usr/share/cmake-3.22/Modules/CMakeCXXCompilerABI.cpp]
  ignore line: [Using built-in specs.]
  ignore line: [COLLECT_GCC=/usr/bin/c++]
  ignore line: [Target: aarch64-linux-gnu]
  ignore line: [Configured with: ../src/configure -v --with-pkgversion='Ubuntu 11.4.0-1ubuntu1~22.04.3' --with-bugurl=file:///usr/share/doc/gcc-11/README.Bugs --enable-languages=c ada c++ go d fortran objc obj-c++ m2 --prefix=/usr --with-gcc-major-version-only --program-suffix=-11 --program-prefix=aarch64-linux-gnu- --enable-shared --enable-linker-build-id --libexecdir=/usr/lib --without-included-gettext --enable-threads=posix --libdir=/usr/lib --enable-nls --enable-bootstrap --enable-clocale=gnu --enable-libstdcxx-debug --enable-libstdcxx-time=yes --with-default-libstdcxx-abi=new --enable-gnu-unique-object --disable-libquadmath --disable-libquadmath-support --enable-plugin --enable-default-pie --with-system-zlib --enable-libphobos-checking=release --with-target-system-zlib=auto --enable-objc-gc=auto --enable-multiarch --enable-fix-cortex-a53-843419 --disable-werror --enable-checking=release --build=aarch64-linux-gnu --host=aarch64-linux-gnu --target=aarch64-linux-gnu --with-build-config=bootstrap-lto-lean --enable-link-serialization=4]
  ignore line: [Thread model: posix]
  ignore line: [Supported LTO compression algorithms: zlib zstd]
  ignore line: [gcc version 11.4.0 (Ubuntu 11.4.0-1ubuntu1~22.04.3) ]
  ignore line: [COLLECT_GCC_OPTIONS='-v' '-o' 'CMakeFiles/cmTC_55cb4.dir/CMakeCXXCompilerABI.cpp.o' '-c' '-shared-libgcc' '-mlittle-endian' '-mabi=lp64' '-dumpdir' 'CMakeFiles/cmTC_55cb4.dir/']
  ignore line: [ /usr/lib/gcc/aarch64-linux-gnu/11/cc1plus -quiet -v -imultiarch aarch64-linux-gnu -D_GNU_SOURCE /usr/share/cmake-3.22/Modules/CMakeCXXCompilerABI.cpp -quiet -dumpdir CMakeFiles/cmTC_55cb4.dir/ -dumpbase CMakeCXXCompilerABI.cpp.cpp -dumpbase-ext .cpp -mlittle-endian -mabi=lp64 -version -fasynchronous-unwind-tables -fstack-protector-strong -Wformat -Wformat-security -fstack-clash-protection -o /tmp/ccSNXZNT.s]
  ignore line: [GNU C++17 (Ubuntu 11.4.0-1ubuntu1~22.04.3) version 11.4.0 (aarch64-linux-gnu)]
  ignore line: [	compiled by GNU C version 11.4.0  GMP version 6.2.1  MPFR version 4.1.0  MPC version 1.2.1  isl version isl-0.24-GMP]
  ignore line: []
  ignore line: [GGC heuristics: --param ggc-min-expand=100 --param ggc-min-heapsize=131072]
  ignore line: [ignoring duplicate directory "/usr/include/aarch64-linux-gnu/c++/11"]
  ignore line: [ignoring nonexistent directory "/usr/local/include/aarch64-linux-gnu"]
  ignore line: [ignoring nonexistent directory "/usr/lib/gcc/aarch64-linux-gnu/11/include-fixed"]
  ignore line: [ignoring nonexistent directory "/usr/lib/gcc/aarch64-linux-gnu/11/../../../../aarch64-linux-gnu/include"]
  ignore line: [#include "..." search starts here:]
  ignore line: [#include <...> search starts here:]
  ignore line: [ /usr/include/c++/11]
  ignore line: [ /usr/include/aarch64-linux-gnu/c++/11]
  ignore line: [ /usr/include/c++/11/backward]
  ignore line: [ /usr/lib/gcc/aarch64-linux-gnu/11/include]
  ignore line: [ /usr/local/include]
  ignore line: [ /usr/include/aarch64-linux-gnu]
  ignore line: [ /usr/include]
  ignore line: [End of search list.]
  ignore line: [GNU C++17 (Ubuntu 11.4.0-1ubuntu1~22.04.3) version 11.4.0 (aarch64-linux-gnu)]
  ignore line: [	compiled by GNU C version 11.4.0  GMP version 6.2.1  MPFR version 4.1.0  MPC version 1.2.1  isl version isl-0.24-GMP]
  ignore line: []
  ignore line: [GGC heuristics: --param ggc-min-expand=100 --param ggc-min-heapsize=131072]
  ignore line: [Compiler executable checksum: 1ec2e7097ef542eddc6fe6fb48e7bad4]
  ignore line: [COLLECT_GCC_OPTIONS='-v' '-o' 'CMakeFiles/cmTC_55cb4.dir/CMakeCXXCompilerABI.cpp.o' '-c' '-shared-libgcc' '-mlittle-endian' '-mabi=lp64' '-dumpdir' 'CMakeFiles/cmTC_55cb4.dir/']
  ignore line: [ as -v -EL -mabi=lp64 -o CMakeFiles/cmTC_55cb4.dir/CMakeCXXCompilerABI.cpp.o /tmp/ccSNXZNT.s]
  ignore line: [GNU assembler version 2.38 (aarch64-linux-gnu) using BFD version (GNU Binutils for Ubuntu) 2.38]
  ignore line: [COMPILER_PATH=/usr/lib/gcc/aarch64-linux-gnu/11/:/usr/lib/gcc/aarch64-linux-gnu/11/:/usr/lib/gcc/aarch64-linux-gnu/:/usr/lib/gcc/aarch64-linux-gnu/11/:/usr/lib/gcc/aarch64-linux-gnu/]
  ignore line: [LIBRARY_PATH=/usr/lib/gcc/aarch64-linux-gnu/11/:/usr/lib/gcc/aarch64-linux-gnu/11/../../../aarch64-linux-gnu/:/usr/lib/gcc/aarch64-linux-gnu/11/../../../../lib/:/lib/aarch64-linux-gnu/:/lib/../lib/:/usr/lib/aarch64-linux-gnu/:/usr/lib/../lib/:/usr/lib/gcc/aarch64-linux-gnu/11/../../../:/lib/:/usr/lib/]
  ignore line: [COLLECT_GCC_OPTIONS='-v' '-o' 'CMakeFiles/cmTC_55cb4.dir/CMakeCXXCompilerABI.cpp.o' '-c' '-shared-libgcc' '-mlittle-endian' '-mabi=lp64' '-dumpdir' 'CMakeFiles/cmTC_55cb4.dir/CMakeCXXCompilerABI.cpp.']
  ignore line: [Linking CXX executable cmTC_55cb4]
  ignore line: [/usr/bin/cmake -E cmake_link_script CMakeFiles/cmTC_55cb4.dir/link.txt --verbose=1]
  ignore line: [/usr/bin/c++  -v CMakeFiles/cmTC_55cb4.dir/CMakeCXXCompilerABI.cpp.o -o cmTC_55cb4 ]
  ignore line: [Using built-in specs.]
  ignore line: [COLLECT_GCC=/usr/bin/c++]
  ignore line: [COLLECT_LTO_WRAPPER=/usr/lib/gcc/aarch64-linux-gnu/11/lto-wrapper]
  ignore line: [Target: aarch64-linux-gnu]
  ignore line: [Configured with: ../src/configure -v --with-pkgversion='Ubuntu 11.4.0-1ubuntu1~22.04.3' --with-bugurl=file:///usr/share/doc/gcc-11/README.Bugs --enable-languages=c ada c++ go d fortran objc obj-c++ m2 --prefix=/usr --with-gcc-major-version-only --program-suffix=-11 --program-prefix=aarch64-linux-gnu- --enable-shared --enable-linker-build-id --libexecdir=/usr/lib --without-included-gettext --enable-threads=posix --libdir=/usr/lib --enable-nls --enable-bootstrap --enable-clocale=gnu --enable-libstdcxx-debug --enable-libstdcxx-time=yes --with-default-libstdcxx-abi=new --enable-gnu-unique-object --disable-libquadmath --disable-libquadmath-support --enable-plugin --enable-default-pie --with-system-zlib --enable-libphobos-checking=release --with-target-system-zlib=auto --enable-objc-gc=auto --enable-multiarch --enable-fix-cortex-a53-843419 --disable-werror --enable-checking=release --build=aarch64-linux-gnu --host=aarch64-linux-gnu --target=aarch64-linux-gnu --with-build-config=bootstrap-lto-lean --enable-link-serialization=4]
  ignore line: [Thread model: posix]
  ignore line: [Supported LTO compression algorithms: zlib zstd]
  ignore line: [gcc version 11.4.0 (Ubuntu 11.4.0-1ubuntu1~22.04.3) ]
  ignore line: [COMPILER_PATH=/usr/lib/gcc/aarch64-linux-gnu/11/:/usr/lib/gcc/aarch64-linux-gnu/11/:/usr/lib/gcc/aarch64-linux-gnu/:/usr/lib/gcc/aarch64-linux-gnu/11/:/usr/lib/gcc/aarch64-linux-gnu/]
  ignore line: [LIBRARY_PATH=/usr/lib/gcc/aarch64-linux-gnu/11/:/usr/lib/gcc/aarch64-linux-gnu/11/../../../aarch64-linux-gnu/:/usr/lib/gcc/aarch64-linux-gnu/11/../../../../lib/:/lib/aarch64-linux-gnu/:/lib/../lib/:/usr/lib/aarch64-linux-gnu/:/usr/lib/../lib/:/usr/lib/gcc/aarch64-linux-gnu/11/../../../:/lib/:/usr/lib/]
  ignore line: [COLLECT_GCC_OPTIONS='-v' '-o' 'cmTC_55cb4' '-shared-libgcc' '-mlittle-endian' '-mabi=lp64' '-dumpdir' 'cmTC_55cb4.']
  link line: [ /usr/lib/gcc/aarch64-linux-gnu/11/collect2 -plugin /usr/lib/gcc/aarch64-linux-gnu/11/liblto_plugin.so -plugin-opt=/usr/lib/gcc/aarch64-linux-gnu/11/lto-wrapper -plugin-opt=-fresolution=/tmp/ccQBT4Y0.res -plugin-opt=-pass-through=-lgcc_s -plugin-opt=-pass-through=-lgcc -plugin-opt=-pass-through=-lc -plugin-opt=-pass-through=-lgcc_s -plugin-opt=-pass-through=-lgcc --build-id --eh-frame-hdr --hash-style=gnu --as-needed -dynamic-linker /lib/ld-linux-aarch64.so.1 -X -EL -maarch64linux --fix-cortex-a53-843419 -pie -z now -z relro -o cmTC_55cb4 /usr/lib/gcc/aarch64-linux-gnu/11/../../../aarch64-linux-gnu/Scrt1.o /usr/lib/gcc/aarch64-linux-gnu/11/../../../aarch64-linux-gnu/crti.o /usr/lib/gcc/aarch64-linux-gnu/11/crtbeginS.o -L/usr/lib/gcc/aarch64-linux-gnu/11 -L/usr/lib/gcc/aarch64-linux-gnu/11/../../../aarch64-linux-gnu -L/usr/lib/gcc/aarch64-linux-gnu/11/../../../../lib -L/lib/aarch64-linux-gnu -L/lib/../lib -L/usr/lib/aarch64-linux-gnu -L/usr/lib/../lib -L/usr/lib/gcc/aarch64-linux-gnu/11/../../.. CMakeFiles/cmTC_55cb4.dir/CMakeCXXCompilerABI.cpp.o -lstdc++ -lm -lgcc_s -lgcc -lc -lgcc_s -lgcc /usr/lib/gcc/aarch64-linux-gnu/11/crtendS.o /usr/lib/gcc/aarch64-linux-gnu/11/../../../aarch64-linux-gnu/crtn.o]
    arg [/usr/lib/gcc/aarch64-linux-gnu/11/collect2] ==> ignore
    arg [-plugin] ==> ignore
    arg [/usr/lib/gcc/aarch64-linux-gnu/11/liblto_plugin.so] ==> ignore
    arg [-plugin-opt=/usr/lib/gcc/aarch64-linux-gnu/11/lto-wrapper] ==> ignore
    arg [-plugin-opt=-fresolution=/tmp/ccQBT4Y0.res] ==> ignore
    arg [-plugin-opt=-pass-through=-lgcc_s] ==> ignore
    arg [-plugin-opt=-pass-through=-lgcc] ==> ignore
    arg [-plugin-opt=-pass-through=-lc] ==> ignore
    arg [-plugin-opt=-pass-through=-lgcc_s] ==> ignore
    arg [-plugin-opt=-pass-through=-lgcc] ==> ignore
    arg [--build-id] ==> ignore
    arg [--eh-frame-hdr] ==> ignore
    arg [--hash-style=gnu] ==> ignore
    arg [--as-needed] ==> ignore
    arg [-dynamic-linker] ==> ignore
    arg [/lib/ld-linux-aarch64.so.1] ==> ignore
    arg [-X] ==> ignore
    arg [-EL] ==> ignore
    arg [-maarch64linux] ==> ignore
    arg [--fix-cortex-a53-843419] ==> ignore
    arg [-pie] ==> ignore
    arg [-znow] ==> ignore
    arg [-zrelro] ==> ignore
    arg [-o] ==> ignore
    arg [cmTC_55cb4] ==> ignore
    arg [/usr/lib/gcc/aarch64-linux-gnu/11/../../../aarch64-linux-gnu/Scrt1.o] ==> obj [/usr/lib/gcc/aarch64-linux-gnu/11/../../../aarch64-linux-gnu/Scrt1.o]
    arg [/usr/lib/gcc/aarch64-linux-gnu/11/../../../aarch64-linux-gnu/crti.o] ==> obj [/usr/lib/gcc/aarch64-linux-gnu/11/../../../aarch64-linux-gnu/crti.o]
    arg [/usr/lib/gcc/aarch64-linux-gnu/11/crtbeginS.o] ==> obj [/usr/lib/gcc/aarch64-linux-gnu/11/crtbeginS.o]
    arg [-L/usr/lib/gcc/aarch64-linux-gnu/11] ==> dir [/usr/lib/gcc/aarch64-linux-gnu/11]
    arg [-L/usr/lib/gcc/aarch64-linux-gnu/11/../../../aarch64-linux-gnu] ==> dir [/usr/lib/gcc/aarch64-linux-gnu/11/../../../aarch64-linux-gnu]
    arg [-L/usr/lib/gcc/aarch64-linux-gnu/11/../../../../lib] ==> dir [/usr/lib/gcc/aarch64-linux-gnu/11/../../../../lib]
    arg [-L/lib/aarch64-linux-gnu] ==> dir [/lib/aarch64-linux-gnu]
    arg [-L/lib/../lib] ==> dir [/lib/../lib]
    arg [-L/usr/lib/aarch64-linux-gnu] ==> dir [/usr/lib/aarch64-linux-gnu]
    arg [-L/usr/lib/../lib] ==> dir [/usr/lib/../lib]
    arg [-L/usr/lib/gcc/aarch64-linux-gnu/11/../../..] ==> dir [/usr/lib/gcc/aarch64-linux-gnu/11/../../..]
    arg [CMakeFiles/cmTC_55cb4.dir/CMakeCXXCompilerABI.cpp.o] ==> ignore
    arg [-lstdc++] ==> lib [stdc++]
    arg [-lm] ==> lib [m]
    arg [-lgcc_s] ==> lib [gcc_s]
    arg [-lgcc] ==> lib [gcc]
    arg [-lc] ==> lib [c]
    arg [-lgcc_s] ==> lib [gcc_s]
    arg [-lgcc] ==> lib [gcc]
    arg [/usr/lib/gcc/aarch64-linux-gnu/11/crtendS.o] ==> obj [/usr/lib/gcc/aarch64-linux-gnu/11/crtendS.o]
    arg [/usr/lib/gcc/aarch64-linux-gnu/11/../../../aarch64-linux-gnu/crtn.o] ==> obj [/usr/lib/gcc/aarch64-linux-gnu/11/../../../aarch64-linux-gnu/crtn.o]
  collapse obj [/usr/lib/gcc/aarch64-linux-gnu/11/../../../aarch64-linux-gnu/Scrt1.o] ==> [/usr/lib/aarch64-linux-gnu/Scrt1.o]
  collapse obj [/usr/lib/gcc/aarch64-linux-gnu/11/../../../aarch64-linux-gnu/crti.o] ==> [/usr/lib/aarch64-linux-gnu/crti.o]
  collapse obj [/usr/lib/gcc/aarch64-linux-gnu/11/../../../aarch64-linux-gnu/crtn.o] ==> [/usr/lib/aarch64-linux-gnu/crtn.o]
  collapse library dir [/usr/lib/gcc/aarch64-linux-gnu/11] ==> [/usr/lib/gcc/aarch64-linux-gnu/11]
  collapse library dir [/usr/lib/gcc/aarch64-linux-gnu/11/../../../aarch64-linux-gnu] ==> [/usr/lib/aarch64-linux-gnu]
  collapse library dir [/usr/lib/gcc/aarch64-linux-gnu/11/../../../../lib] ==> [/usr/lib]
  collapse library dir [/lib/aarch64-linux-gnu] ==> [/lib/aarch64-linux-gnu]
  collapse library dir [/lib/../lib] ==> [/lib]
  collapse library dir [/usr/lib/aarch64-linux-gnu] ==> [/usr/lib/aarch64-linux-gnu]
  collapse library dir [/usr/lib/../lib] ==> [/usr/lib]
  collapse library dir [/usr/lib/gcc/aarch64-linux-gnu/11/../../..] ==> [/usr/lib]
  implicit libs: [stdc++;m;gcc_s;gcc;c;gcc_s;gcc]
  implicit objs: [/usr/lib/aarch64-linux-gnu/Scrt1.o;/usr/lib/aarch64-linux-gnu/crti.o;/usr/lib/gcc/aarch64-linux-gnu/11/crtbeginS.o;/usr/lib/gcc/aarch64-linux-gnu/11/crtendS.o;/usr/lib/aarch64-linux-gnu/crtn.o]
  implicit dirs: [/usr/lib/gcc/aarch64-linux-gnu/11;/usr/lib/aarch64-linux-gnu;/usr/lib;/lib/aarch64-linux-gnu;/lib]
  implicit fwks: []


Detecting CUDA compiler ABI info compiled with the following output:
Change Dir: /home/autopilot03/Desktop/f1tenth_test0806/f1tenth_project_repo/build/bev_processor/CMakeFiles/CMakeTmp

Run Build Command(s):/usr/bin/gmake -f Makefile cmTC_9bd1c/fast && /usr/bin/gmake  -f CMakeFiles/cmTC_9bd1c.dir/build.make CMakeFiles/cmTC_9bd1c.dir/build
gmake[1]: Entering directory '/home/autopilot03/Desktop/f1tenth_test0806/f1tenth_project_repo/build/bev_processor/CMakeFiles/CMakeTmp'
Building CUDA object CMakeFiles/cmTC_9bd1c.dir/CMakeCUDACompilerABI.cu.o
/usr/local/cuda/bin/nvcc -forward-unknown-to-host-compiler   --generate-code=arch=compute_52,code=[compute_52,sm_52]   -Xcompiler=-v -MD -MT CMakeFiles/cmTC_9bd1c.dir/CMakeCUDACompilerABI.cu.o -MF CMakeFiles/cmTC_9bd1c.dir/CMakeCUDACompilerABI.cu.o.d -x cu -c /usr/share/cmake-3.22/Modules/CMakeCUDACompilerABI.cu -o CMakeFiles/cmTC_9bd1c.dir/CMakeCUDACompilerABI.cu.o
Using built-in specs.
COLLECT_GCC=gcc
Target: aarch64-linux-gnu
Configured with: ../src/configure -v --with-pkgversion='Ubuntu 11.4.0-1ubuntu1~22.04.3' --with-bugurl=file:///usr/share/doc/gcc-11/README.Bugs --enable-languages=c,ada,c++,go,d,fortran,objc,obj-c++,m2 --prefix=/usr --with-gcc-major-version-only --program-suffix=-11 --program-prefix=aarch64-linux-gnu- --enable-shared --enable-linker-build-id --libexecdir=/usr/lib --without-included-gettext --enable-threads=posix --libdir=/usr/lib --enable-nls --enable-bootstrap --enable-clocale=gnu --enable-libstdcxx-debug --enable-libstdcxx-time=yes --with-default-libstdcxx-abi=new --enable-gnu-unique-object --disable-libquadmath --disable-libquadmath-support --enable-plugin --enable-default-pie --with-system-zlib --enable-libphobos-checking=release --with-target-system-zlib=auto --enable-objc-gc=auto --enable-multiarch --enable-fix-cortex-a53-843419 --disable-werror --enable-checking=release --build=aarch64-linux-gnu --host=aarch64-linux-gnu --target=aarch64-linux-gnu --with-build-config=bootstrap-lto-lean --enable-link-serialization=4
Thread model: posix
Supported LTO compression algorithms: zlib zstd
gcc version 11.4.0 (Ubuntu 11.4.0-1ubuntu1~22.04.3) 
COLLECT_GCC_OPTIONS='-D' '__CUDA_ARCH__=520' '-D' '__CUDA_ARCH_LIST__=520' '-D' '__NV_LEGACY_LAUNCH' '-E' '-D' 'CUDA_DOUBLE_MATH_FUNCTIONS' '-D' '__CUDACC__' '-D' '__NVCC__' '-v' '-I' '/usr/local/cuda/bin/../targets/aarch64-linux/include' '-D' '__CUDACC_VER_MAJOR__=12' '-D' '__CUDACC_VER_MINOR__=6' '-D' '__CUDACC_VER_BUILD__=68' '-D' '__CUDA_API_VER_MAJOR__=12' '-D' '__CUDA_API_VER_MINOR__=6' '-D' '__NVCC_DIAG_PRAGMA_SUPPORT__=1' '-include' 'cuda_runtime.h' '-o' '/tmp/tmpxft_00001788_00000000-7_CMakeCUDACompilerABI.cpp1.ii' '-mlittle-endian' '-mabi=lp64' '-dumpdir' '/tmp/'
 /usr/lib/gcc/aarch64-linux-gnu/11/cc1plus -E -quiet -v -I /usr/local/cuda/bin/../targets/aarch64-linux/include -imultiarch aarch64-linux-gnu -D_GNU_SOURCE -D __CUDA_ARCH__=520 -D __CUDA_ARCH_LIST__=520 -D __NV_LEGACY_LAUNCH -D CUDA_DOUBLE_MATH_FUNCTIONS -D __CUDACC__ -D __NVCC__ -D __CUDACC_VER_MAJOR__=12 -D __CUDACC_VER_MINOR__=6 -D __CUDACC_VER_BUILD__=68 -D __CUDA_API_VER_MAJOR__=12 -D __CUDA_API_VER_MINOR__=6 -D __NVCC_DIAG_PRAGMA_SUPPORT__=1 -include cuda_runtime.h /usr/share/cmake-3.22/Modules/CMakeCUDACompilerABI.cu -o /tmp/tmpxft_00001788_00000000-7_CMakeCUDACompilerABI.cpp1.ii -mlittle-endian -mabi=lp64 -fasynchronous-unwind-tables -fstack-protector-strong -Wformat -Wformat-security -fstack-clash-protection -dumpdir /tmp/ -dumpbase tmpxft_00001788_00000000-7_CMakeCUDACompilerABI.cpp1.cu -dumpbase-ext .cu
ignoring duplicate directory "/usr/include/aarch64-linux-gnu/c++/11"
ignoring nonexistent directory "/usr/local/include/aarch64-linux-gnu"
ignoring nonexistent directory "/usr/lib/gcc/aarch64-linux-gnu/11/include-fixed"
ignoring nonexistent directory "/usr/lib/gcc/aarch64-linux-gnu/11/../../../../aarch64-linux-gnu/include"
#include "..." search starts here:
#include <...> search starts here:
 /usr/local/cuda/bin/../targets/aarch64-linux/include
 /usr/include/c++/11
 /usr/include/aarch64-linux-gnu/c++/11
 /usr/include/c++/11/backward
 /usr/lib/gcc/aarch64-linux-gnu/11/include
 /usr/local/include
 /usr/include/aarch64-linux-gnu
 /usr/include
End of search list.
COMPILER_PATH=/usr/lib/gcc/aarch64-linux-gnu/11/:/usr/lib/gcc/aarch64-linux-gnu/11/:/usr/lib/gcc/aarch64-linux-gnu/:/usr/lib/gcc/aarch64-linux-gnu/11/:/usr/lib/gcc/aarch64-linux-gnu/
LIBRARY_PATH=/usr/lib/gcc/aarch64-linux-gnu/11/:/usr/lib/gcc/aarch64-linux-gnu/11/../../../aarch64-linux-gnu/:/usr/lib/gcc/aarch64-linux-gnu/11/../../../../lib/:/lib/aarch64-linux-gnu/:/lib/../lib/:/usr/lib/aarch64-linux-gnu/:/usr/lib/../lib/:/usr/lib/gcc/aarch64-linux-gnu/11/../../../:/lib/:/usr/lib/
COLLECT_GCC_OPTIONS='-D' '__CUDA_ARCH__=520' '-D' '__CUDA_ARCH_LIST__=520' '-D' '__NV_LEGACY_LAUNCH' '-E' '-D' 'CUDA_DOUBLE_MATH_FUNCTIONS' '-D' '__CUDACC__' '-D' '__NVCC__' '-v' '-I' '/usr/local/cuda/bin/../targets/aarch64-linux/include' '-D' '__CUDACC_VER_MAJOR__=12' '-D' '__CUDACC_VER_MINOR__=6' '-D' '__CUDACC_VER_BUILD__=68' '-D' '__CUDA_API_VER_MAJOR__=12' '-D' '__CUDA_API_VER_MINOR__=6' '-D' '__NVCC_DIAG_PRAGMA_SUPPORT__=1' '-include' 'cuda_runtime.h' '-o' '/tmp/tmpxft_00001788_00000000-7_CMakeCUDACompilerABI.cpp1.ii' '-mlittle-endian' '-mabi=lp64' '-dumpdir' '/tmp/tmpxft_00001788_00000000-7_CMakeCUDACompilerABI.cpp1.'
Using built-in specs.
COLLECT_GCC=gcc
Target: aarch64-linux-gnu
Configured with: ../src/configure -v --with-pkgversion='Ubuntu 11.4.0-1ubuntu1~22.04.3' --with-bugurl=file:///usr/share/doc/gcc-11/README.Bugs --enable-languages=c,ada,c++,go,d,fortran,objc,obj-c++,m2 --prefix=/usr --with-gcc-major-version-only --program-suffix=-11 --program-prefix=aarch64-linux-gnu- --enable-shared --enable-linker-build-id --libexecdir=/usr/lib --without-included-gettext --enable-threads=posix --libdir=/usr/lib --enable-nls --enable-bootstrap --enable-clocale=gnu --enable-libstdcxx-debug --enable-libstdcxx-time=yes --with-default-libstdcxx-abi=new --enable-gnu-unique-object --disable-libquadmath --disable-libquadmath-support --enable-plugin --enable-default-pie --with-system-zlib --enable-libphobos-checking=release --with-target-system-zlib=auto --enable-objc-gc=auto --enable-multiarch --enable-fix-cortex-a53-843419 --disable-werror --enable-checking=release --build=aarch64-linux-gnu --host=aarch64-linux-gnu --target=aarch64-linux-gnu --with-build-config=bootstrap-lto-lean --enable-link-serialization=4
Thread model: posix
Supported LTO compression algorithms: zlib zstd
gcc version 11.4.0 (Ubuntu 11.4.0-1ubuntu1~22.04.3) 
COLLECT_GCC_OPTIONS='-D' '__CUDA_ARCH_LIST__=520' '-D' '__NV_LEGACY_LAUNCH' '-E' '-D' '__CUDACC__' '-D' '__NVCC__' '-v' '-I' '/usr/local/cuda/bin/../targets/aarch64-linux/include' '-D' '__CUDACC_VER_MAJOR__=12' '-D' '__CUDACC_VER_MINOR__=6' '-D' '__CUDACC_VER_BUILD__=68' '-D' '__CUDA_API_VER_MAJOR__=12' '-D' '__CUDA_API_VER_MINOR__=6' '-D' '__NVCC_DIAG_PRAGMA_SUPPORT__=1' '-include' 'cuda_runtime.h' '-o' '/tmp/tmpxft_00001788_00000000-5_CMakeCUDACompilerABI.cpp4.ii' '-mlittle-endian' '-mabi=lp64' '-dumpdir' '/tmp/'
 /usr/lib/gcc/aarch64-linux-gnu/11/cc1plus -E -quiet -v -I /usr/local/cuda/bin/../targets/aarch64-linux/include -imultiarch aarch64-linux-gnu -D_GNU_SOURCE -D __CUDA_ARCH_LIST__=520 -D __NV_LEGACY_LAUNCH -D __CUDACC__ -D __NVCC__ -D __CUDACC_VER_MAJOR__=12 -D __CUDACC_VER_MINOR__=6 -D __CUDACC_VER_BUILD__=68 -D __CUDA_API_VER_MAJOR__=12 -D __CUDA_API_VER_MINOR__=6 -D __NVCC_DIAG_PRAGMA_SUPPORT__=1 -include cuda_runtime.h /usr/share/cmake-3.22/Modules/CMakeCUDACompilerABI.cu -o /tmp/tmpxft_00001788_00000000-5_CMakeCUDACompilerABI.cpp4.ii -mlittle-endian -mabi=lp64 -fasynchronous-unwind-tables -fstack-protector-strong -Wformat -Wformat-security -fstack-clash-protection -dumpdir /tmp/ -dumpbase tmpxft_00001788_00000000-5_CMakeCUDACompilerABI.cpp4.cu -dumpbase-ext .cu
ignoring duplicate directory "/usr/include/aarch64-linux-gnu/c++/11"
ignoring nonexistent directory "/usr/local/include/aarch64-linux-gnu"
ignoring nonexistent directory "/usr/lib/gcc/aarch64-linux-gnu/11/include-fixed"
ignoring nonexistent directory "/usr/lib/gcc/aarch64-linux-gnu/11/../../../../aarch64-linux-gnu/include"
#include "..." search starts here:
#include <...> search starts here:
 /usr/local/cuda/bin/../targets/aarch64-linux/include
 /usr/include/c++/11
 /usr/include/aarch64-linux-gnu/c++/11
 /usr/include/c++/11/backward
 /usr/lib/gcc/aarch64-linux-gnu/11/include
 /usr/local/include
 /usr/include/aarch64-linux-gnu
 /usr/include
End of search list.
COMPILER_PATH=/usr/lib/gcc/aarch64-linux-gnu/11/:/usr/lib/gcc/aarch64-linux-gnu/11/:/usr/lib/gcc/aarch64-linux-gnu/:/usr/lib/gcc/aarch64-linux-gnu/11/:/usr/lib/gcc/aarch64-linux-gnu/
LIBRARY_PATH=/usr/lib/gcc/aarch64-linux-gnu/11/:/usr/lib/gcc/aarch64-linux-gnu/11/../../../aarch64-linux-gnu/:/usr/lib/gcc/aarch64-linux-gnu/11/../../../../lib/:/lib/aarch64-linux-gnu/:/lib/../lib/:/usr/lib/aarch64-linux-gnu/:/usr/lib/../lib/:/usr/lib/gcc/aarch64-linux-gnu/11/../../../:/lib/:/usr/lib/
COLLECT_GCC_OPTIONS='-D' '__CUDA_ARCH_LIST__=520' '-D' '__NV_LEGACY_LAUNCH' '-E' '-D' '__CUDACC__' '-D' '__NVCC__' '-v' '-I' '/usr/local/cuda/bin/../targets/aarch64-linux/include' '-D' '__CUDACC_VER_MAJOR__=12' '-D' '__CUDACC_VER_MINOR__=6' '-D' '__CUDACC_VER_BUILD__=68' '-D' '__CUDA_API_VER_MAJOR__=12' '-D' '__CUDA_API_VER_MINOR__=6' '-D' '__NVCC_DIAG_PRAGMA_SUPPORT__=1' '-include' 'cuda_runtime.h' '-o' '/tmp/tmpxft_00001788_00000000-5_CMakeCUDACompilerABI.cpp4.ii' '-mlittle-endian' '-mabi=lp64' '-dumpdir' '/tmp/tmpxft_00001788_00000000-5_CMakeCUDACompilerABI.cpp4.'
Using built-in specs.
COLLECT_GCC=gcc
Target: aarch64-linux-gnu
Configured with: ../src/configure -v --with-pkgversion='Ubuntu 11.4.0-1ubuntu1~22.04.3' --with-bugurl=file:///usr/share/doc/gcc-11/README.Bugs --enable-languages=c,ada,c++,go,d,fortran,objc,obj-c++,m2 --prefix=/usr --with-gcc-major-version-only --program-suffix=-11 --program-prefix=aarch64-linux-gnu- --enable-shared --enable-linker-build-id --libexecdir=/usr/lib --without-included-gettext --enable-threads=posix --libdir=/usr/lib --enable-nls --enable-bootstrap --enable-clocale=gnu --enable-libstdcxx-debug --enable-libstdcxx-time=yes --with-default-libstdcxx-abi=new --enable-gnu-unique-object --disable-libquadmath --disable-libquadmath-support --enable-plugin --enable-default-pie --with-system-zlib --enable-libphobos-checking=release --with-target-system-zlib=auto --enable-objc-gc=auto --enable-multiarch --enable-fix-cortex-a53-843419 --disable-werror --enable-checking=release --build=aarch64-linux-gnu --host=aarch64-linux-gnu --target=aarch64-linux-gnu --with-build-config=bootstrap-lto-lean --enable-link-serialization=4
Thread model: posix
Supported LTO compression algorithms: zlib zstd
gcc version 11.4.0 (Ubuntu 11.4.0-1ubuntu1~22.04.3) 
COLLECT_GCC_OPTIONS='-D' '__CUDA_ARCH__=520' '-D' '__CUDA_ARCH_LIST__=520' '-D' '__NV_LEGACY_LAUNCH' '-c' '-D' 'CUDA_DOUBLE_MATH_FUNCTIONS' '-v' '-Wno-psabi' '-I' '/usr/local/cuda/bin/../targets/aarch64-linux/include' '-o' 'CMakeFiles/cmTC_9bd1c.dir/CMakeCUDACompilerABI.cu.o' '-mlittle-endian' '-mabi=lp64' '-dumpdir' 'CMakeFiles/cmTC_9bd1c.dir/'
 /usr/lib/gcc/aarch64-linux-gnu/11/cc1plus -quiet -v -I /usr/local/cuda/bin/../targets/aarch64-linux/include -imultiarch aarch64-linux-gnu -D_GNU_SOURCE -D __CUDA_ARCH__=520 -D __CUDA_ARCH_LIST__=520 -D __NV_LEGACY_LAUNCH -D CUDA_DOUBLE_MATH_FUNCTIONS /tmp/tmpxft_00001788_00000000-6_CMakeCUDACompilerABI.cudafe1.cpp -quiet -dumpdir CMakeFiles/cmTC_9bd1c.dir/ -dumpbase CMakeCUDACompilerABI.cu.cpp -dumpbase-ext .cpp -mlittle-endian -mabi=lp64 -Wno-psabi -version -fasynchronous-unwind-tables -fstack-protector-strong -Wformat -Wformat-security -fstack-clash-protection -o /tmp/ccQhS3mg.s
GNU C++17 (Ubuntu 11.4.0-1ubuntu1~22.04.3) version 11.4.0 (aarch64-linux-gnu)
	compiled by GNU C version 11.4.0, GMP version 6.2.1, MPFR version 4.1.0, MPC version 1.2.1, isl version isl-0.24-GMP

GGC heuristics: --param ggc-min-expand=100 --param ggc-min-heapsize=131072
ignoring duplicate directory "/usr/include/aarch64-linux-gnu/c++/11"
ignoring nonexistent directory "/usr/local/include/aarch64-linux-gnu"
ignoring nonexistent directory "/usr/lib/gcc/aarch64-linux-gnu/11/include-fixed"
ignoring nonexistent directory "/usr/lib/gcc/aarch64-linux-gnu/11/../../../../aarch64-linux-gnu/include"
#include "..." search starts here:
#include <...> search starts here:
 /usr/local/cuda/bin/../targets/aarch64-linux/include
 /usr/include/c++/11
 /usr/include/aarch64-linux-gnu/c++/11
 /usr/include/c++/11/backward
 /usr/lib/gcc/aarch64-linux-gnu/11/include
 /usr/local/include
 /usr/include/aarch64-linux-gnu
 /usr/include
End of search list.
GNU C++17 (Ubuntu 11.4.0-1ubuntu1~22.04.3) version 11.4.0 (aarch64-linux-gnu)
	compiled by GNU C version 11.4.0, GMP version 6.2.1, MPFR version 4.1.0, MPC version 1.2.1, isl version isl-0.24-GMP

GGC heuristics: --param ggc-min-expand=100 --param ggc-min-heapsize=131072
Compiler executable checksum: 1ec2e7097ef542eddc6fe6fb48e7bad4
COLLECT_GCC_OPTIONS='-D' '__CUDA_ARCH__=520' '-D' '__CUDA_ARCH_LIST__=520' '-D' '__NV_LEGACY_LAUNCH' '-c' '-D' 'CUDA_DOUBLE_MATH_FUNCTIONS' '-v' '-Wno-psabi' '-I' '/usr/local/cuda/bin/../targets/aarch64-linux/include' '-o' 'CMakeFiles/cmTC_9bd1c.dir/CMakeCUDACompilerABI.cu.o' '-mlittle-endian' '-mabi=lp64' '-dumpdir' 'CMakeFiles/cmTC_9bd1c.dir/'
 as -v -I /usr/local/cuda/bin/../targets/aarch64-linux/include -EL -mabi=lp64 -o CMakeFiles/cmTC_9bd1c.dir/CMakeCUDACompilerABI.cu.o /tmp/ccQhS3mg.s
GNU assembler version 2.38 (aarch64-linux-gnu) using BFD version (GNU Binutils for Ubuntu) 2.38
COMPILER_PATH=/usr/lib/gcc/aarch64-linux-gnu/11/:/usr/lib/gcc/aarch64-linux-gnu/11/:/usr/lib/gcc/aarch64-linux-gnu/:/usr/lib/gcc/aarch64-linux-gnu/11/:/usr/lib/gcc/aarch64-linux-gnu/
LIBRARY_PATH=/usr/lib/gcc/aarch64-linux-gnu/11/:/usr/lib/gcc/aarch64-linux-gnu/11/../../../aarch64-linux-gnu/:/usr/lib/gcc/aarch64-linux-gnu/11/../../../../lib/:/lib/aarch64-linux-gnu/:/lib/../lib/:/usr/lib/aarch64-linux-gnu/:/usr/lib/../lib/:/usr/lib/gcc/aarch64-linux-gnu/11/../../../:/lib/:/usr/lib/
COLLECT_GCC_OPTIONS='-D' '__CUDA_ARCH__=520' '-D' '__CUDA_ARCH_LIST__=520' '-D' '__NV_LEGACY_LAUNCH' '-c' '-D' 'CUDA_DOUBLE_MATH_FUNCTIONS' '-v' '-Wno-psabi' '-I' '/usr/local/cuda/bin/../targets/aarch64-linux/include' '-o' 'CMakeFiles/cmTC_9bd1c.dir/CMakeCUDACompilerABI.cu.o' '-mlittle-endian' '-mabi=lp64' '-dumpdir' 'CMakeFiles/cmTC_9bd1c.dir/CMakeCUDACompilerABI.cu.'
Linking CUDA executable cmTC_9bd1c
/usr/bin/cmake -E cmake_link_script CMakeFiles/cmTC_9bd1c.dir/link.txt --verbose=1
/usr/bin/g++  -v CMakeFiles/cmTC_9bd1c.dir/CMakeCUDACompilerABI.cu.o -o cmTC_9bd1c  -lcudadevrt -lcudart_static -lrt -lpthread -ldl  -L"/usr/local/cuda/targets/aarch64-linux/lib/stubs" -L"/usr/local/cuda/targets/aarch64-linux/lib"
Using built-in specs.
COLLECT_GCC=/usr/bin/g++
COLLECT_LTO_WRAPPER=/usr/lib/gcc/aarch64-linux-gnu/11/lto-wrapper
Target: aarch64-linux-gnu
Configured with: ../src/configure -v --with-pkgversion='Ubuntu 11.4.0-1ubuntu1~22.04.3' --with-bugurl=file:///usr/share/doc/gcc-11/README.Bugs --enable-languages=c,ada,c++,go,d,fortran,objc,obj-c++,m2 --prefix=/usr --with-gcc-major-version-only --program-suffix=-11 --program-prefix=aarch64-linux-gnu- --enable-shared --enable-linker-build-id --libexecdir=/usr/lib --without-included-gettext --enable-threads=posix --libdir=/usr/lib --enable-nls --enable-bootstrap --enable-clocale=gnu --enable-libstdcxx-debug --enable-libstdcxx-time=yes --with-default-libstdcxx-abi=new --enable-gnu-unique-object --disable-libquadmath --disable-libquadmath-support --enable-plugin --enable-default-pie --with-system-zlib --enable-libphobos-checking=release --with-target-system-zlib=auto --enable-objc-gc=auto --enable-multiarch --enable-fix-cortex-a53-843419 --disable-werror --enable-checking=release --build=aarch64-linux-gnu --host=aarch64-linux-gnu --target=aarch64-linux-gnu --with-build-config=bootstrap-lto-lean --enable-link-serialization=4
Thread model: posix
Supported LTO compression algorithms: zlib zstd
gcc version 11.4.0 (Ubuntu 11.4.0-1ubuntu1~22.04.3) 
COMPILER_PATH=/usr/lib/gcc/aarch64-linux-gnu/11/:/usr/lib/gcc/aarch64-linux-gnu/11/:/usr/lib/gcc/aarch64-linux-gnu/:/usr/lib/gcc/aarch64-linux-gnu/11/:/usr/lib/gcc/aarch64-linux-gnu/
LIBRARY_PATH=/usr/lib/gcc/aarch64-linux-gnu/11/:/usr/lib/gcc/aarch64-linux-gnu/11/../../../aarch64-linux-gnu/:/usr/lib/gcc/aarch64-linux-gnu/11/../../../../lib/:/lib/aarch64-linux-gnu/:/lib/../lib/:/usr/lib/aarch64-linux-gnu/:/usr/lib/../lib/:/usr/lib/gcc/aarch64-linux-gnu/11/../../../:/lib/:/usr/lib/
COLLECT_GCC_OPTIONS='-v' '-o' 'cmTC_9bd1c' '-L/usr/local/cuda/targets/aarch64-linux/lib/stubs' '-L/usr/local/cuda/targets/aarch64-linux/lib' '-shared-libgcc' '-mlittle-endian' '-mabi=lp64' '-dumpdir' 'cmTC_9bd1c.'
 /usr/lib/gcc/aarch64-linux-gnu/11/collect2 -plugin /usr/lib/gcc/aarch64-linux-gnu/11/liblto_plugin.so -plugin-opt=/usr/lib/gcc/aarch64-linux-gnu/11/lto-wrapper -plugin-opt=-fresolution=/tmp/ccino7GU.res -plugin-opt=-pass-through=-lgcc_s -plugin-opt=-pass-through=-lgcc -plugin-opt=-pass-through=-lc -plugin-opt=-pass-through=-lgcc_s -plugin-opt=-pass-through=-lgcc --build-id --eh-frame-hdr --hash-style=gnu --as-needed -dynamic-linker /lib/ld-linux-aarch64.so.1 -X -EL -maarch64linux --fix-cortex-a53-843419 -pie -z now -z relro -o cmTC_9bd1c /usr/lib/gcc/aarch64-linux-gnu/11/../../../aarch64-linux-gnu/Scrt1.o /usr/lib/gcc/aarch64-linux-gnu/11/../../../aarch64-linux-gnu/crti.o /usr/lib/gcc/aarch64-linux-gnu/11/crtbeginS.o -L/usr/local/cuda/targets/aarch64-linux/lib/stubs -L/usr/local/cuda/targets/aarch64-linux/lib -L/usr/lib/gcc/aarch64-linux-gnu/11 -L/usr/lib/gcc/aarch64-linux-gnu/11/../../../aarch64-linux-gnu -L/usr/lib/gcc/aarch64-linux-gnu/11/../../../../lib -L/lib/aarch64-linux-gnu -L/lib/../lib -L/usr/lib/aarch64-linux-gnu -L/usr/lib/../lib -L/usr/lib/gcc/aarch64-linux-gnu/11/../../.. CMakeFiles/cmTC_9bd1c.dir/CMakeCUDACompilerABI.cu.o -lcudadevrt -lcudart_static -lrt -lpthread -ldl -lstdc++ -lm -lgcc_s -lgcc -lc -lgcc_s -lgcc /usr/lib/gcc/aarch64-linux-gnu/11/crtendS.o /usr/lib/gcc/aarch64-linux-gnu/11/../../../aarch64-linux-gnu/crtn.o
COLLECT_GCC_OPTIONS='-v' '-o' 'cmTC_9bd1c' '-L/usr/local/cuda/targets/aarch64-linux/lib/stubs' '-L/usr/local/cuda/targets/aarch64-linux/lib' '-shared-libgcc' '-mlittle-endian' '-mabi=lp64' '-dumpdir' 'cmTC_9bd1c.'
gmake[1]: Leaving directory '/home/autopilot03/Desktop/f1tenth_test0806/f1tenth_project_repo/build/bev_processor/CMakeFiles/CMakeTmp'



Parsed CUDA implicit include dir info from above output: rv=done
  found start of include info
  found start of implicit include info
    add: [/usr/local/cuda/bin/../targets/aarch64-linux/include]
    add: [/usr/include/c++/11]
    add: [/usr/include/aarch64-linux-gnu/c++/11]
    add: [/usr/include/c++/11/backward]
    add: [/usr/lib/gcc/aarch64-linux-gnu/11/include]
    add: [/usr/local/include]
    add: [/usr/include/aarch64-linux-gnu]
    add: [/usr/include]
  end of search list found
  collapse include dir [/usr/local/cuda/bin/../targets/aarch64-linux/include] ==> [/usr/local/cuda/targets/aarch64-linux/include]
  collapse include dir [/usr/include/c++/11] ==> [/usr/include/c++/11]
  collapse include dir [/usr/include/aarch64-linux-gnu/c++/11] ==> [/usr/include/aarch64-linux-gnu/c++/11]
  collapse include dir [/usr/include/c++/11/backward] ==> [/usr/include/c++/11/backward]
  collapse include dir [/usr/lib/gcc/aarch64-linux-gnu/11/include] ==> [/usr/lib/gcc/aarch64-linux-gnu/11/include]
  collapse include dir [/usr/local/include] ==> [/usr/local/include]
  collapse include dir [/usr/include/aarch64-linux-gnu] ==> [/usr/include/aarch64-linux-gnu]
  collapse include dir [/usr/include] ==> [/usr/include]
  implicit include dirs: [/usr/local/cuda/targets/aarch64-linux/include;/usr/include/c++/11;/usr/include/aarch64-linux-gnu/c++/11;/usr/include/c++/11/backward;/usr/lib/gcc/aarch64-linux-gnu/11/include;/usr/local/include;/usr/include/aarch64-linux-gnu;/usr/include]


Parsed CUDA implicit link information from above output:
  link line regex: [^( *|.*[/\])(ld|CMAKE_LINK_STARTFILE-NOTFOUND|([^/\]+-)?ld|collect2)[^/\]*( |$)]
  ignore line: [Change Dir: /home/autopilot03/Desktop/f1tenth_test0806/f1tenth_project_repo/build/bev_processor/CMakeFiles/CMakeTmp]
  ignore line: []
  ignore line: [Run Build Command(s):/usr/bin/gmake -f Makefile cmTC_9bd1c/fast && /usr/bin/gmake  -f CMakeFiles/cmTC_9bd1c.dir/build.make CMakeFiles/cmTC_9bd1c.dir/build]
  ignore line: [gmake[1]: Entering directory '/home/autopilot03/Desktop/f1tenth_test0806/f1tenth_project_repo/build/bev_processor/CMakeFiles/CMakeTmp']
  ignore line: [Building CUDA object CMakeFiles/cmTC_9bd1c.dir/CMakeCUDACompilerABI.cu.o]
  ignore line: [/usr/local/cuda/bin/nvcc -forward-unknown-to-host-compiler   --generate-code=arch=compute_52 code=[compute_52 sm_52]   -Xcompiler=-v -MD -MT CMakeFiles/cmTC_9bd1c.dir/CMakeCUDACompilerABI.cu.o -MF CMakeFiles/cmTC_9bd1c.dir/CMakeCUDACompilerABI.cu.o.d -x cu -c /usr/share/cmake-3.22/Modules/CMakeCUDACompilerABI.cu -o CMakeFiles/cmTC_9bd1c.dir/CMakeCUDACompilerABI.cu.o]
  ignore line: [Using built-in specs.]
  ignore line: [COLLECT_GCC=gcc]
  ignore line: [Target: aarch64-linux-gnu]
  ignore line: [Configured with: ../src/configure -v --with-pkgversion='Ubuntu 11.4.0-1ubuntu1~22.04.3' --with-bugurl=file:///usr/share/doc/gcc-11/README.Bugs --enable-languages=c ada c++ go d fortran objc obj-c++ m2 --prefix=/usr --with-gcc-major-version-only --program-suffix=-11 --program-prefix=aarch64-linux-gnu- --enable-shared --enable-linker-build-id --libexecdir=/usr/lib --without-included-gettext --enable-threads=posix --libdir=/usr/lib --enable-nls --enable-bootstrap --enable-clocale=gnu --enable-libstdcxx-debug --enable-libstdcxx-time=yes --with-default-libstdcxx-abi=new --enable-gnu-unique-object --disable-libquadmath --disable-libquadmath-support --enable-plugin --enable-default-pie --with-system-zlib --enable-libphobos-checking=release --with-target-system-zlib=auto --enable-objc-gc=auto --enable-multiarch --enable-fix-cortex-a53-843419 --disable-werror --enable-checking=release --build=aarch64-linux-gnu --host=aarch64-linux-gnu --target=aarch64-linux-gnu --with-build-config=bootstrap-lto-lean --enable-link-serialization=4]
  ignore line: [Thread model: posix]
  ignore line: [Supported LTO compression algorithms: zlib zstd]
  ignore line: [gcc version 11.4.0 (Ubuntu 11.4.0-1ubuntu1~22.04.3) ]
  ignore line: [COLLECT_GCC_OPTIONS='-D' '__CUDA_ARCH__=520' '-D' '__CUDA_ARCH_LIST__=520' '-D' '__NV_LEGACY_LAUNCH' '-E' '-D' 'CUDA_DOUBLE_MATH_FUNCTIONS' '-D' '__CUDACC__' '-D' '__NVCC__' '-v' '-I' '/usr/local/cuda/bin/../targets/aarch64-linux/include' '-D' '__CUDACC_VER_MAJOR__=12' '-D' '__CUDACC_VER_MINOR__=6' '-D' '__CUDACC_VER_BUILD__=68' '-D' '__CUDA_API_VER_MAJOR__=12' '-D' '__CUDA_API_VER_MINOR__=6' '-D' '__NVCC_DIAG_PRAGMA_SUPPORT__=1' '-include' 'cuda_runtime.h' '-o' '/tmp/tmpxft_00001788_00000000-7_CMakeCUDACompilerABI.cpp1.ii' '-mlittle-endian' '-mabi=lp64' '-dumpdir' '/tmp/']
  ignore line: [ /usr/lib/gcc/aarch64-linux-gnu/11/cc1plus -E -quiet -v -I /usr/local/cuda/bin/../targets/aarch64-linux/include -imultiarch aarch64-linux-gnu -D_GNU_SOURCE -D __CUDA_ARCH__=520 -D __CUDA_ARCH_LIST__=520 -D __NV_LEGACY_LAUNCH -D CUDA_DOUBLE_MATH_FUNCTIONS -D __CUDACC__ -D __NVCC__ -D __CUDACC_VER_MAJOR__=12 -D __CUDACC_VER_MINOR__=6 -D __CUDACC_VER_BUILD__=68 -D __CUDA_API_VER_MAJOR__=12 -D __CUDA_API_VER_MINOR__=6 -D __NVCC_DIAG_PRAGMA_SUPPORT__=1 -include cuda_runtime.h /usr/share/cmake-3.22/Modules/CMakeCUDACompilerABI.cu -o /tmp/tmpxft_00001788_00000000-7_CMakeCUDACompilerABI.cpp1.ii -mlittle-endian -mabi=lp64 -fasynchronous-unwind-tables -fstack-protector-strong -Wformat -Wformat-security -fstack-clash-protection -dumpdir /tmp/ -dumpbase tmpxft_00001788_00000000-7_CMakeCUDACompilerABI.cpp1.cu -dumpbase-ext .cu]
  ignore line: [ignoring duplicate directory "/usr/include/aarch64-linux-gnu/c++/11"]
  ignore line: [ignoring nonexistent directory "/usr/local/include/aarch64-linux-gnu"]
  ignore line: [ignoring nonexistent directory "/usr/lib/gcc/aarch64-linux-gnu/11/include-fixed"]
  ignore line: [ignoring nonexistent directory "/usr/lib/gcc/aarch64-linux-gnu/11/../../../../aarch64-linux-gnu/include"]
  ignore line: [#include "..." search starts here:]
  ignore line: [#include <...> search starts here:]
  ignore line: [ /usr/local/cuda/bin/../targets/aarch64-linux/include]
  ignore line: [ /usr/include/c++/11]
  ignore line: [ /usr/include/aarch64-linux-gnu/c++/11]
  ignore line: [ /usr/include/c++/11/backward]
  ignore line: [ /usr/lib/gcc/aarch64-linux-gnu/11/include]
  ignore line: [ /usr/local/include]
  ignore line: [ /usr/include/aarch64-linux-gnu]
  ignore line: [ /usr/include]
  ignore line: [End of search list.]
  ignore line: [COMPILER_PATH=/usr/lib/gcc/aarch64-linux-gnu/11/:/usr/lib/gcc/aarch64-linux-gnu/11/:/usr/lib/gcc/aarch64-linux-gnu/:/usr/lib/gcc/aarch64-linux-gnu/11/:/usr/lib/gcc/aarch64-linux-gnu/]
  ignore line: [LIBRARY_PATH=/usr/lib/gcc/aarch64-linux-gnu/11/:/usr/lib/gcc/aarch64-linux-gnu/11/../../../aarch64-linux-gnu/:/usr/lib/gcc/aarch64-linux-gnu/11/../../../../lib/:/lib/aarch64-linux-gnu/:/lib/../lib/:/usr/lib/aarch64-linux-gnu/:/usr/lib/../lib/:/usr/lib/gcc/aarch64-linux-gnu/11/../../../:/lib/:/usr/lib/]
  ignore line: [COLLECT_GCC_OPTIONS='-D' '__CUDA_ARCH__=520' '-D' '__CUDA_ARCH_LIST__=520' '-D' '__NV_LEGACY_LAUNCH' '-E' '-D' 'CUDA_DOUBLE_MATH_FUNCTIONS' '-D' '__CUDACC__' '-D' '__NVCC__' '-v' '-I' '/usr/local/cuda/bin/../targets/aarch64-linux/include' '-D' '__CUDACC_VER_MAJOR__=12' '-D' '__CUDACC_VER_MINOR__=6' '-D' '__CUDACC_VER_BUILD__=68' '-D' '__CUDA_API_VER_MAJOR__=12' '-D' '__CUDA_API_VER_MINOR__=6' '-D' '__NVCC_DIAG_PRAGMA_SUPPORT__=1' '-include' 'cuda_runtime.h' '-o' '/tmp/tmpxft_00001788_00000000-7_CMakeCUDACompilerABI.cpp1.ii' '-mlittle-endian' '-mabi=lp64' '-dumpdir' '/tmp/tmpxft_00001788_00000000-7_CMakeCUDACompilerABI.cpp1.']
  ignore line: [Using built-in specs.]
  ignore line: [COLLECT_GCC=gcc]
  ignore line: [Target: aarch64-linux-gnu]
  ignore line: [Configured with: ../src/configure -v --with-pkgversion='Ubuntu 11.4.0-1ubuntu1~22.04.3' --with-bugurl=file:///usr/share/doc/gcc-11/README.Bugs --enable-languages=c ada c++ go d fortran objc obj-c++ m2 --prefix=/usr --with-gcc-major-version-only --program-suffix=-11 --program-prefix=aarch64-linux-gnu- --enable-shared --enable-linker-build-id --libexecdir=/usr/lib --without-included-gettext --enable-threads=posix --libdir=/usr/lib --enable-nls --enable-bootstrap --enable-clocale=gnu --enable-libstdcxx-debug --enable-libstdcxx-time=yes --with-default-libstdcxx-abi=new --enable-gnu-unique-object --disable-libquadmath --disable-libquadmath-support --enable-plugin --enable-default-pie --with-system-zlib --enable-libphobos-checking=release --with-target-system-zlib=auto --enable-objc-gc=auto --enable-multiarch --enable-fix-cortex-a53-843419 --disable-werror --enable-checking=release --build=aarch64-linux-gnu --host=aarch64-linux-gnu --target=aarch64-linux-gnu --with-build-config=bootstrap-lto-lean --enable-link-serialization=4]
  ignore line: [Thread model: posix]
  ignore line: [Supported LTO compression algorithms: zlib zstd]
  ignore line: [gcc version 11.4.0 (Ubuntu 11.4.0-1ubuntu1~22.04.3) ]
  ignore line: [COLLECT_GCC_OPTIONS='-D' '__CUDA_ARCH_LIST__=520' '-D' '__NV_LEGACY_LAUNCH' '-E' '-D' '__CUDACC__' '-D' '__NVCC__' '-v' '-I' '/usr/local/cuda/bin/../targets/aarch64-linux/include' '-D' '__CUDACC_VER_MAJOR__=12' '-D' '__CUDACC_VER_MINOR__=6' '-D' '__CUDACC_VER_BUILD__=68' '-D' '__CUDA_API_VER_MAJOR__=12' '-D' '__CUDA_API_VER_MINOR__=6' '-D' '__NVCC_DIAG_PRAGMA_SUPPORT__=1' '-include' 'cuda_runtime.h' '-o' '/tmp/tmpxft_00001788_00000000-5_CMakeCUDACompilerABI.cpp4.ii' '-mlittle-endian' '-mabi=lp64' '-dumpdir' '/tmp/']
  ignore line: [ /usr/lib/gcc/aarch64-linux-gnu/11/cc1plus -E -quiet -v -I /usr/local/cuda/bin/../targets/aarch64-linux/include -imultiarch aarch64-linux-gnu -D_GNU_SOURCE -D __CUDA_ARCH_LIST__=520 -D __NV_LEGACY_LAUNCH -D __CUDACC__ -D __NVCC__ -D __CUDACC_VER_MAJOR__=12 -D __CUDACC_VER_MINOR__=6 -D __CUDACC_VER_BUILD__=68 -D __CUDA_API_VER_MAJOR__=12 -D __CUDA_API_VER_MINOR__=6 -D __NVCC_DIAG_PRAGMA_SUPPORT__=1 -include cuda_runtime.h /usr/share/cmake-3.22/Modules/CMakeCUDACompilerABI.cu -o /tmp/tmpxft_00001788_00000000-5_CMakeCUDACompilerABI.cpp4.ii -mlittle-endian -mabi=lp64 -fasynchronous-unwind-tables -fstack-protector-strong -Wformat -Wformat-security -fstack-clash-protection -dumpdir /tmp/ -dumpbase tmpxft_00001788_00000000-5_CMakeCUDACompilerABI.cpp4.cu -dumpbase-ext .cu]
  ignore line: [ignoring duplicate directory "/usr/include/aarch64-linux-gnu/c++/11"]
  ignore line: [ignoring nonexistent directory "/usr/local/include/aarch64-linux-gnu"]
  ignore line: [ignoring nonexistent directory "/usr/lib/gcc/aarch64-linux-gnu/11/include-fixed"]
  ignore line: [ignoring nonexistent directory "/usr/lib/gcc/aarch64-linux-gnu/11/../../../../aarch64-linux-gnu/include"]
  ignore line: [#include "..." search starts here:]
  ignore line: [#include <...> search starts here:]
  ignore line: [ /usr/local/cuda/bin/../targets/aarch64-linux/include]
  ignore line: [ /usr/include/c++/11]
  ignore line: [ /usr/include/aarch64-linux-gnu/c++/11]
  ignore line: [ /usr/include/c++/11/backward]
  ignore line: [ /usr/lib/gcc/aarch64-linux-gnu/11/include]
  ignore line: [ /usr/local/include]
  ignore line: [ /usr/include/aarch64-linux-gnu]
  ignore line: [ /usr/include]
  ignore line: [End of search list.]
  ignore line: [COMPILER_PATH=/usr/lib/gcc/aarch64-linux-gnu/11/:/usr/lib/gcc/aarch64-linux-gnu/11/:/usr/lib/gcc/aarch64-linux-gnu/:/usr/lib/gcc/aarch64-linux-gnu/11/:/usr/lib/gcc/aarch64-linux-gnu/]
  ignore line: [LIBRARY_PATH=/usr/lib/gcc/aarch64-linux-gnu/11/:/usr/lib/gcc/aarch64-linux-gnu/11/../../../aarch64-linux-gnu/:/usr/lib/gcc/aarch64-linux-gnu/11/../../../../lib/:/lib/aarch64-linux-gnu/:/lib/../lib/:/usr/lib/aarch64-linux-gnu/:/usr/lib/../lib/:/usr/lib/gcc/aarch64-linux-gnu/11/../../../:/lib/:/usr/lib/]
  ignore line: [COLLECT_GCC_OPTIONS='-D' '__CUDA_ARCH_LIST__=520' '-D' '__NV_LEGACY_LAUNCH' '-E' '-D' '__CUDACC__' '-D' '__NVCC__' '-v' '-I' '/usr/local/cuda/bin/../targets/aarch64-linux/include' '-D' '__CUDACC_VER_MAJOR__=12' '-D' '__CUDACC_VER_MINOR__=6' '-D' '__CUDACC_VER_BUILD__=68' '-D' '__CUDA_API_VER_MAJOR__=12' '-D' '__CUDA_API_VER_MINOR__=6' '-D' '__NVCC_DIAG_PRAGMA_SUPPORT__=1' '-include' 'cuda_runtime.h' '-o' '/tmp/tmpxft_00001788_00000000-5_CMakeCUDACompilerABI.cpp4.ii' '-mlittle-endian' '-mabi=lp64' '-dumpdir' '/tmp/tmpxft_00001788_00000000-5_CMakeCUDACompilerABI.cpp4.']
  ignore line: [Using built-in specs.]
  ignore line: [COLLECT_GCC=gcc]
  ignore line: [Target: aarch64-linux-gnu]
  ignore line: [Configured with: ../src/configure -v --with-pkgversion='Ubuntu 11.4.0-1ubuntu1~22.04.3' --with-bugurl=file:///usr/share/doc/gcc-11/README.Bugs --enable-languages=c ada c++ go d fortran objc obj-c++ m2 --prefix=/usr --with-gcc-major-version-only --program-suffix=-11 --program-prefix=aarch64-linux-gnu- --enable-shared --enable-linker-build-id --libexecdir=/usr/lib --without-included-gettext --enable-threads=posix --libdir=/usr/lib --enable-nls --enable-bootstrap --enable-clocale=gnu --enable-libstdcxx-debug --enable-libstdcxx-time=yes --with-default-libstdcxx-abi=new --enable-gnu-unique-object --disable-libquadmath --disable-libquadmath-support --enable-plugin --enable-default-pie --with-system-zlib --enable-libphobos-checking=release --with-target-system-zlib=auto --enable-objc-gc=auto --enable-multiarch --enable-fix-cortex-a53-843419 --disable-werror --enable-checking=release --build=aarch64-linux-gnu --host=aarch64-linux-gnu --target=aarch64-linux-gnu --with-build-config=bootstrap-lto-lean --enable-link-serialization=4]
  ignore line: [Thread model: posix]
  ignore line: [Supported LTO compression algorithms: zlib zstd]
  ignore line: [gcc version 11.4.0 (Ubuntu 11.4.0-1ubuntu1~22.04.3) ]
  ignore line: [COLLECT_GCC_OPTIONS='-D' '__CUDA_ARCH__=520' '-D' '__CUDA_ARCH_LIST__=520' '-D' '__NV_LEGACY_LAUNCH' '-c' '-D' 'CUDA_DOUBLE_MATH_FUNCTIONS' '-v' '-Wno-psabi' '-I' '/usr/local/cuda/bin/../targets/aarch64-linux/include' '-o' 'CMakeFiles/cmTC_9bd1c.dir/CMakeCUDACompilerABI.cu.o' '-mlittle-endian' '-mabi=lp64' '-dumpdir' 'CMakeFiles/cmTC_9bd1c.dir/']
  ignore line: [ /usr/lib/gcc/aarch64-linux-gnu/11/cc1plus -quiet -v -I /usr/local/cuda/bin/../targets/aarch64-linux/include -imultiarch aarch64-linux-gnu -D_GNU_SOURCE -D __CUDA_ARCH__=520 -D __CUDA_ARCH_LIST__=520 -D __NV_LEGACY_LAUNCH -D CUDA_DOUBLE_MATH_FUNCTIONS /tmp/tmpxft_00001788_00000000-6_CMakeCUDACompilerABI.cudafe1.cpp -quiet -dumpdir CMakeFiles/cmTC_9bd1c.dir/ -dumpbase CMakeCUDACompilerABI.cu.cpp -dumpbase-ext .cpp -mlittle-endian -mabi=lp64 -Wno-psabi -version -fasynchronous-unwind-tables -fstack-protector-strong -Wformat -Wformat-security -fstack-clash-protection -o /tmp/ccQhS3mg.s]
  ignore line: [GNU C++17 (Ubuntu 11.4.0-1ubuntu1~22.04.3) version 11.4.0 (aarch64-linux-gnu)]
  ignore line: [	compiled by GNU C version 11.4.0  GMP version 6.2.1  MPFR version 4.1.0  MPC version 1.2.1  isl version isl-0.24-GMP]
  ignore line: []
  ignore line: [GGC heuristics: --param ggc-min-expand=100 --param ggc-min-heapsize=131072]
  ignore line: [ignoring duplicate directory "/usr/include/aarch64-linux-gnu/c++/11"]
  ignore line: [ignoring nonexistent directory "/usr/local/include/aarch64-linux-gnu"]
  ignore line: [ignoring nonexistent directory "/usr/lib/gcc/aarch64-linux-gnu/11/include-fixed"]
  ignore line: [ignoring nonexistent directory "/usr/lib/gcc/aarch64-linux-gnu/11/../../../../aarch64-linux-gnu/include"]
  ignore line: [#include "..." search starts here:]
  ignore line: [#include <...> search starts here:]
  ignore line: [ /usr/local/cuda/bin/../targets/aarch64-linux/include]
  ignore line: [ /usr/include/c++/11]
  ignore line: [ /usr/include/aarch64-linux-gnu/c++/11]
  ignore line: [ /usr/include/c++/11/backward]
  ignore line: [ /usr/lib/gcc/aarch64-linux-gnu/11/include]
  ignore line: [ /usr/local/include]
  ignore line: [ /usr/include/aarch64-linux-gnu]
  ignore line: [ /usr/include]
  ignore line: [End of search list.]
  ignore line: [GNU C++17 (Ubuntu 11.4.0-1ubuntu1~22.04.3) version 11.4.0 (aarch64-linux-gnu)]
  ignore line: [	compiled by GNU C version 11.4.0  GMP version 6.2.1  MPFR version 4.1.0  MPC version 1.2.1  isl version isl-0.24-GMP]
  ignore line: []
  ignore line: [GGC heuristics: --param ggc-min-expand=100 --param ggc-min-heapsize=131072]
  ignore line: [Compiler executable checksum: 1ec2e7097ef542eddc6fe6fb48e7bad4]
  ignore line: [COLLECT_GCC_OPTIONS='-D' '__CUDA_ARCH__=520' '-D' '__CUDA_ARCH_LIST__=520' '-D' '__NV_LEGACY_LAUNCH' '-c' '-D' 'CUDA_DOUBLE_MATH_FUNCTIONS' '-v' '-Wno-psabi' '-I' '/usr/local/cuda/bin/../targets/aarch64-linux/include' '-o' 'CMakeFiles/cmTC_9bd1c.dir/CMakeCUDACompilerABI.cu.o' '-mlittle-endian' '-mabi=lp64' '-dumpdir' 'CMakeFiles/cmTC_9bd1c.dir/']
  ignore line: [ as -v -I /usr/local/cuda/bin/../targets/aarch64-linux/include -EL -mabi=lp64 -o CMakeFiles/cmTC_9bd1c.dir/CMakeCUDACompilerABI.cu.o /tmp/ccQhS3mg.s]
  ignore line: [GNU assembler version 2.38 (aarch64-linux-gnu) using BFD version (GNU Binutils for Ubuntu) 2.38]
  ignore line: [COMPILER_PATH=/usr/lib/gcc/aarch64-linux-gnu/11/:/usr/lib/gcc/aarch64-linux-gnu/11/:/usr/lib/gcc/aarch64-linux-gnu/:/usr/lib/gcc/aarch64-linux-gnu/11/:/usr/lib/gcc/aarch64-linux-gnu/]
  ignore line: [LIBRARY_PATH=/usr/lib/gcc/aarch64-linux-gnu/11/:/usr/lib/gcc/aarch64-linux-gnu/11/../../../aarch64-linux-gnu/:/usr/lib/gcc/aarch64-linux-gnu/11/../../../../lib/:/lib/aarch64-linux-gnu/:/lib/../lib/:/usr/lib/aarch64-linux-gnu/:/usr/lib/../lib/:/usr/lib/gcc/aarch64-linux-gnu/11/../../../:/lib/:/usr/lib/]
  ignore line: [COLLECT_GCC_OPTIONS='-D' '__CUDA_ARCH__=520' '-D' '__CUDA_ARCH_LIST__=520' '-D' '__NV_LEGACY_LAUNCH' '-c' '-D' 'CUDA_DOUBLE_MATH_FUNCTIONS' '-v' '-Wno-psabi' '-I' '/usr/local/cuda/bin/../targets/aarch64-linux/include' '-o' 'CMakeFiles/cmTC_9bd1c.dir/CMakeCUDACompilerABI.cu.o' '-mlittle-endian' '-mabi=lp64' '-dumpdir' 'CMakeFiles/cmTC_9bd1c.dir/CMakeCUDACompilerABI.cu.']
  ignore line: [Linking CUDA executable cmTC_9bd1c]
  ignore line: [/usr/bin/cmake -E cmake_link_script CMakeFiles/cmTC_9bd1c.dir/link.txt --verbose=1]
  ignore line: [/usr/bin/g++  -v CMakeFiles/cmTC_9bd1c.dir/CMakeCUDACompilerABI.cu.o -o cmTC_9bd1c  -lcudadevrt -lcudart_static -lrt -lpthread -ldl  -L"/usr/local/cuda/targets/aarch64-linux/lib/stubs" -L"/usr/local/cuda/targets/aarch64-linux/lib"]
  ignore line: [Using built-in specs.]
  ignore line: [COLLECT_GCC=/usr/bin/g++]
  ignore line: [COLLECT_LTO_WRAPPER=/usr/lib/gcc/aarch64-linux-gnu/11/lto-wrapper]
  ignore line: [Target: aarch64-linux-gnu]
  ignore line: [Configured with: ../src/configure -v --with-pkgversion='Ubuntu 11.4.0-1ubuntu1~22.04.3' --with-bugurl=file:///usr/share/doc/gcc-11/README.Bugs --enable-languages=c ada c++ go d fortran objc obj-c++ m2 --prefix=/usr --with-gcc-major-version-only --program-suffix=-11 --program-prefix=aarch64-linux-gnu- --enable-shared --enable-linker-build-id --libexecdir=/usr/lib --without-included-gettext --enable-threads=posix --libdir=/usr/lib --enable-nls --enable-bootstrap --enable-clocale=gnu --enable-libstdcxx-debug --enable-libstdcxx-time=yes --with-default-libstdcxx-abi=new --enable-gnu-unique-object --disable-libquadmath --disable-libquadmath-support --enable-plugin --enable-default-pie --with-system-zlib --enable-libphobos-checking=release --with-target-system-zlib=auto --enable-objc-gc=auto --enable-multiarch --enable-fix-cortex-a53-843419 --disable-werror --enable-checking=release --build=aarch64-linux-gnu --host=aarch64-linux-gnu --target=aarch64-linux-gnu --with-build-config=bootstrap-lto-lean --enable-link-serialization=4]
  ignore line: [Thread model: posix]
  ignore line: [Supported LTO compression algorithms: zlib zstd]
  ignore line: [gcc version 11.4.0 (Ubuntu 11.4.0-1ubuntu1~22.04.3) ]
  ignore line: [COMPILER_PATH=/usr/lib/gcc/aarch64-linux-gnu/11/:/usr/lib/gcc/aarch64-linux-gnu/11/:/usr/lib/gcc/aarch64-linux-gnu/:/usr/lib/gcc/aarch64-linux-gnu/11/:/usr/lib/gcc/aarch64-linux-gnu/]
  ignore line: [LIBRARY_PATH=/usr/lib/gcc/aarch64-linux-gnu/11/:/usr/lib/gcc/aarch64-linux-gnu/11/../../../aarch64-linux-gnu/:/usr/lib/gcc/aarch64-linux-gnu/11/../../../../lib/:/lib/aarch64-linux-gnu/:/lib/../lib/:/usr/lib/aarch64-linux-gnu/:/usr/lib/../lib/:/usr/lib/gcc/aarch64-linux-gnu/11/../../../:/lib/:/usr/lib/]
  ignore line: [COLLECT_GCC_OPTIONS='-v' '-o' 'cmTC_9bd1c' '-L/usr/local/cuda/targets/aarch64-linux/lib/stubs' '-L/usr/local/cuda/targets/aarch64-linux/lib' '-shared-libgcc' '-mlittle-endian' '-mabi=lp64' '-dumpdir' 'cmTC_9bd1c.']
  link line: [ /usr/lib/gcc/aarch64-linux-gnu/11/collect2 -plugin /usr/lib/gcc/aarch64-linux-gnu/11/liblto_plugin.so -plugin-opt=/usr/lib/gcc/aarch64-linux-gnu/11/lto-wrapper -plugin-opt=-fresolution=/tmp/ccino7GU.res -plugin-opt=-pass-through=-lgcc_s -plugin-opt=-pass-through=-lgcc -plugin-opt=-pass-through=-lc -plugin-opt=-pass-through=-lgcc_s -plugin-opt=-pass-through=-lgcc --build-id --eh-frame-hdr --hash-style=gnu --as-needed -dynamic-linker /lib/ld-linux-aarch64.so.1 -X -EL -maarch64linux --fix-cortex-a53-843419 -pie -z now -z relro -o cmTC_9bd1c /usr/lib/gcc/aarch64-linux-gnu/11/../../../aarch64-linux-gnu/Scrt1.o /usr/lib/gcc/aarch64-linux-gnu/11/../../../aarch64-linux-gnu/crti.o /usr/lib/gcc/aarch64-linux-gnu/11/crtbeginS.o -L/usr/local/cuda/targets/aarch64-linux/lib/stubs -L/usr/local/cuda/targets/aarch64-linux/lib -L/usr/lib/gcc/aarch64-linux-gnu/11 -L/usr/lib/gcc/aarch64-linux-gnu/11/../../../aarch64-linux-gnu -L/usr/lib/gcc/aarch64-linux-gnu/11/../../../../lib -L/lib/aarch64-linux-gnu -L/lib/../lib -L/usr/lib/aarch64-linux-gnu -L/usr/lib/../lib -L/usr/lib/gcc/aarch64-linux-gnu/11/../../.. CMakeFiles/cmTC_9bd1c.dir/CMakeCUDACompilerABI.cu.o -lcudadevrt -lcudart_static -lrt -lpthread -ldl -lstdc++ -lm -lgcc_s -lgcc -lc -lgcc_s -lgcc /usr/lib/gcc/aarch64-linux-gnu/11/crtendS.o /usr/lib/gcc/aarch64-linux-gnu/11/../../../aarch64-linux-gnu/crtn.o]
    arg [/usr/lib/gcc/aarch64-linux-gnu/11/collect2] ==> ignore
    arg [-plugin] ==> ignore
    arg [/usr/lib/gcc/aarch64-linux-gnu/11/liblto_plugin.so] ==> ignore
    arg [-plugin-opt=/usr/lib/gcc/aarch64-linux-gnu/11/lto-wrapper] ==> ignore
    arg [-plugin-opt=-fresolution=/tmp/ccino7GU.res] ==> ignore
    arg [-plugin-opt=-pass-through=-lgcc_s] ==> ignore
    arg [-plugin-opt=-pass-through=-lgcc] ==> ignore
    arg [-plugin-opt=-pass-through=-lc] ==> ignore
    arg [-plugin-opt=-pass-through=-lgcc_s] ==> ignore
    arg [-plugin-opt=-pass-through=-lgcc] ==> ignore
    arg [--build-id] ==> ignore
    arg [--eh-frame-hdr] ==> ignore
    arg [--hash-style=gnu] ==> ignore
    arg [--as-needed] ==> ignore
    arg [-dynamic-linker] ==> ignore
    arg [/lib/ld-linux-aarch64.so.1] ==> ignore
    arg [-X] ==> ignore
    arg [-EL] ==> ignore
    arg [-maarch64linux] ==> ignore
    arg [--fix-cortex-a53-843419] ==> ignore
    arg [-pie] ==> ignore
    arg [-znow] ==> ignore
    arg [-zrelro] ==> ignore
    arg [-o] ==> ignore
    arg [cmTC_9bd1c] ==> ignore
    arg [/usr/lib/gcc/aarch64-linux-gnu/11/../../../aarch64-linux-gnu/Scrt1.o] ==> obj [/usr/lib/gcc/aarch64-linux-gnu/11/../../../aarch64-linux-gnu/Scrt1.o]
    arg [/usr/lib/gcc/aarch64-linux-gnu/11/../../../aarch64-linux-gnu/crti.o] ==> obj [/usr/lib/gcc/aarch64-linux-gnu/11/../../../aarch64-linux-gnu/crti.o]
    arg [/usr/lib/gcc/aarch64-linux-gnu/11/crtbeginS.o] ==> obj [/usr/lib/gcc/aarch64-linux-gnu/11/crtbeginS.o]
    arg [-L/usr/local/cuda/targets/aarch64-linux/lib/stubs] ==> dir [/usr/local/cuda/targets/aarch64-linux/lib/stubs]
    arg [-L/usr/local/cuda/targets/aarch64-linux/lib] ==> dir [/usr/local/cuda/targets/aarch64-linux/lib]
    arg [-L/usr/lib/gcc/aarch64-linux-gnu/11] ==> dir [/usr/lib/gcc/aarch64-linux-gnu/11]
    arg [-L/usr/lib/gcc/aarch64-linux-gnu/11/../../../aarch64-linux-gnu] ==> dir [/usr/lib/gcc/aarch64-linux-gnu/11/../../../aarch64-linux-gnu]
    arg [-L/usr/lib/gcc/aarch64-linux-gnu/11/../../../../lib] ==> dir [/usr/lib/gcc/aarch64-linux-gnu/11/../../../../lib]
    arg [-L/lib/aarch64-linux-gnu] ==> dir [/lib/aarch64-linux-gnu]
    arg [-L/lib/../lib] ==> dir [/lib/../lib]
    arg [-L/usr/lib/aarch64-linux-gnu] ==> dir [/usr/lib/aarch64-linux-gnu]
    arg [-L/usr/lib/../lib] ==> dir [/usr/lib/../lib]
    arg [-L/usr/lib/gcc/aarch64-linux-gnu/11/../../..] ==> dir [/usr/lib/gcc/aarch64-linux-gnu/11/../../..]
    arg [CMakeFiles/cmTC_9bd1c.dir/CMakeCUDACompilerABI.cu.o] ==> ignore
    arg [-lcudadevrt] ==> lib [cudadevrt]
    arg [-lcudart_static] ==> lib [cudart_static]
    arg [-lrt] ==> lib [rt]
    arg [-lpthread] ==> lib [pthread]
    arg [-ldl] ==> lib [dl]
    arg [-lstdc++] ==> lib [stdc++]
    arg [-lm] ==> lib [m]
    arg [-lgcc_s] ==> lib [gcc_s]
    arg [-lgcc] ==> lib [gcc]
    arg [-lc] ==> lib [c]
    arg [-lgcc_s] ==> lib [gcc_s]
    arg [-lgcc] ==> lib [gcc]
    arg [/usr/lib/gcc/aarch64-linux-gnu/11/crtendS.o] ==> obj [/usr/lib/gcc/aarch64-linux-gnu/11/crtendS.o]
    arg [/usr/lib/gcc/aarch64-linux-gnu/11/../../../aarch64-linux-gnu/crtn.o] ==> obj [/usr/lib/gcc/aarch64-linux-gnu/11/../../../aarch64-linux-gnu/crtn.o]
  collapse obj [/usr/lib/gcc/aarch64-linux-gnu/11/../../../aarch64-linux-gnu/Scrt1.o] ==> [/usr/lib/aarch64-linux-gnu/Scrt1.o]
  collapse obj [/usr/lib/gcc/aarch64-linux-gnu/11/../../../aarch64-linux-gnu/crti.o] ==> [/usr/lib/aarch64-linux-gnu/crti.o]
  collapse obj [/usr/lib/gcc/aarch64-linux-gnu/11/../../../aarch64-linux-gnu/crtn.o] ==> [/usr/lib/aarch64-linux-gnu/crtn.o]
  collapse library dir [/usr/local/cuda/targets/aarch64-linux/lib/stubs] ==> [/usr/local/cuda/targets/aarch64-linux/lib/stubs]
  collapse library dir [/usr/local/cuda/targets/aarch64-linux/lib] ==> [/usr/local/cuda/targets/aarch64-linux/lib]
  collapse library dir [/usr/lib/gcc/aarch64-linux-gnu/11] ==> [/usr/lib/gcc/aarch64-linux-gnu/11]
  collapse library dir [/usr/lib/gcc/aarch64-linux-gnu/11/../../../aarch64-linux-gnu] ==> [/usr/lib/aarch64-linux-gnu]
  collapse library dir [/usr/lib/gcc/aarch64-linux-gnu/11/../../../../lib] ==> [/usr/lib]
  collapse library dir [/lib/aarch64-linux-gnu] ==> [/lib/aarch64-linux-gnu]
  collapse library dir [/lib/../lib] ==> [/lib]
  collapse library dir [/usr/lib/aarch64-linux-gnu] ==> [/usr/lib/aarch64-linux-gnu]
  collapse library dir [/usr/lib/../lib] ==> [/usr/lib]
  collapse library dir [/usr/lib/gcc/aarch64-linux-gnu/11/../../..] ==> [/usr/lib]
  implicit libs: [cudadevrt;cudart_static;rt;pthread;dl;stdc++;m;gcc_s;gcc;c;gcc_s;gcc]
  implicit objs: [/usr/lib/aarch64-linux-gnu/Scrt1.o;/usr/lib/aarch64-linux-gnu/crti.o;/usr/lib/gcc/aarch64-linux-gnu/11/crtbeginS.o;/usr/lib/gcc/aarch64-linux-gnu/11/crtendS.o;/usr/lib/aarch64-linux-gnu/crtn.o]
  implicit dirs: [/usr/local/cuda/targets/aarch64-linux/lib/stubs;/usr/local/cuda/targets/aarch64-linux/lib;/usr/lib/gcc/aarch64-linux-gnu/11;/usr/lib/aarch64-linux-gnu;/usr/lib;/lib/aarch64-linux-gnu;/lib]
  implicit fwks: []


Determining if the include file pthread.h exists passed with the following output:
Change Dir: /home/autopilot03/Desktop/f1tenth_test0806/f1tenth_project_repo/build/bev_processor/CMakeFiles/CMakeTmp

Run Build Command(s):/usr/bin/gmake -f Makefile cmTC_edfc7/fast && /usr/bin/gmake  -f CMakeFiles/cmTC_edfc7.dir/build.make CMakeFiles/cmTC_edfc7.dir/build
gmake[1]: Entering directory '/home/autopilot03/Desktop/f1tenth_test0806/f1tenth_project_repo/build/bev_processor/CMakeFiles/CMakeTmp'
Building CXX object CMakeFiles/cmTC_edfc7.dir/CheckIncludeFile.cxx.o
/usr/bin/c++   -std=c++17 -o CMakeFiles/cmTC_edfc7.dir/CheckIncludeFile.cxx.o -c /home/autopilot03/Desktop/f1tenth_test0806/f1tenth_project_repo/build/bev_processor/CMakeFiles/CMakeTmp/CheckIncludeFile.cxx
Linking CXX executable cmTC_edfc7
/usr/bin/cmake -E cmake_link_script CMakeFiles/cmTC_edfc7.dir/link.txt --verbose=1
/usr/bin/c++ CMakeFiles/cmTC_edfc7.dir/CheckIncludeFile.cxx.o -o cmTC_edfc7 
gmake[1]: Leaving directory '/home/autopilot03/Desktop/f1tenth_test0806/f1tenth_project_repo/build/bev_processor/CMakeFiles/CMakeTmp'



Performing C++ SOURCE FILE Test CMAKE_HAVE_LIBC_PTHREAD succeeded with the following output:
Change Dir: /home/autopilot03/Desktop/f1tenth_test0806/f1tenth_project_repo/build/bev_processor/CMakeFiles/CMakeTmp

Run Build Command(s):/usr/bin/gmake -f Makefile cmTC_ef4f3/fast && /usr/bin/gmake  -f CMakeFiles/cmTC_ef4f3.dir/build.make CMakeFiles/cmTC_ef4f3.dir/build
gmake[1]: Entering directory '/home/autopilot03/Desktop/f1tenth_test0806/f1tenth_project_repo/build/bev_processor/CMakeFiles/CMakeTmp'
Building CXX object CMakeFiles/cmTC_ef4f3.dir/src.cxx.o
/usr/bin/c++ -DCMAKE_HAVE_LIBC_PTHREAD  -std=c++17 -o CMakeFiles/cmTC_ef4f3.dir/src.cxx.o -c /home/autopilot03/Desktop/f1tenth_test0806/f1tenth_project_repo/build/bev_processor/CMakeFiles/CMakeTmp/src.cxx
Linking CXX executable cmTC_ef4f3
/usr/bin/cmake -E cmake_link_script CMakeFiles/cmTC_ef4f3.dir/link.txt --verbose=1
/usr/bin/c++ CMakeFiles/cmTC_ef4f3.dir/src.cxx.o -o cmTC_ef4f3 
gmake[1]: Leaving directory '/home/autopilot03/Desktop/f1tenth_test0806/f1tenth_project_repo/build/bev_processor/CMakeFiles/CMakeTmp'


Source file was:
#include <pthread.h>

static void* test_func(void* data)
{
  return data;
}

int main(void)
{
  pthread_t thread;
  pthread_create(&thread, NULL, test_func, NULL);
  pthread_detach(thread);
  pthread_cancel(thread);
  pthread_join(thread, NULL);
  pthread_atfork(NULL, NULL, NULL);
  pthread_exit(NULL);

  return 0;
}

Performing C++ SOURCE FILE Test arch_native_supported succeeded with the following output:
Change Dir: /home/autopilot03/Desktop/f1tenth_test0806/f1tenth_project_repo/build/bev_processor/CMakeFiles/CMakeTmp

Run Build Command(s):/usr/bin/gmake -f Makefile cmTC_88646/fast && /usr/bin/gmake  -f CMakeFiles/cmTC_88646.dir/build.make CMakeFiles/cmTC_88646.dir/build
gmake[1]: Entering directory '/home/autopilot03/Desktop/f1tenth_test0806/f1tenth_project_repo/build/bev_processor/CMakeFiles/CMakeTmp'
Building CXX object CMakeFiles/cmTC_88646.dir/src.cxx.o
/usr/bin/c++ -Darch_native_supported  -march=native -std=c++17 -o CMakeFiles/cmTC_88646.dir/src.cxx.o -c /home/autopilot03/Desktop/f1tenth_test0806/f1tenth_project_repo/build/bev_processor/CMakeFiles/CMakeTmp/src.cxx
Linking CXX executable cmTC_88646
/usr/bin/cmake -E cmake_link_script CMakeFiles/cmTC_88646.dir/link.txt --verbose=1
/usr/bin/c++ CMakeFiles/cmTC_88646.dir/src.cxx.o -o cmTC_88646 
gmake[1]: Leaving directory '/home/autopilot03/Desktop/f1tenth_test0806/f1tenth_project_repo/build/bev_processor/CMakeFiles/CMakeTmp'


Source file was:
int main() { return 0; }
The system is: Linux - 5.15.148-tegra - aarch64
Compiling the CXX compiler identification source file "CMakeCXXCompilerId.cpp" succeeded.
Compiler: /usr/bin/c++ 
Build flags: 
Id flags:  

The output was:
0


Compilation of the CXX compiler identification source "CMakeCXXCompilerId.cpp" produced "a.out"

The CXX compiler identification is GNU, found in "/home/autopilot03/Desktop/f1tenth_test0806/f1tenth_project_repo/build/bev_processor/CMakeFiles/3.22.1/CompilerIdCXX/a.out"

Checking whether the CUDA compiler is NVIDIA using "" matched "nvcc: NVIDIA \(R\) Cuda compiler driver":
nvcc: NVIDIA (R) Cuda compiler driver
Copyright (c) 2005-2024 NVIDIA Corporation
Built on Wed_Aug_14_10:14:07_PDT_2024
Cuda compilation tools, release 12.6, V12.6.68
Build cuda_12.6.r12.6/compiler.34714021_0
Compiling the CUDA compiler identification source file "CMakeCUDACompilerId.cu" succeeded.
Compiler: /usr/local/cuda/bin/nvcc 
Build flags: 
Id flags: --keep;--keep-dir;tmp -v

The output was:
0
#$ _NVVM_BRANCH_=nvvm
#$ _SPACE_= 
#$ _CUDART_=cudart
#$ _HERE_=/usr/local/cuda/bin
#$ _THERE_=/usr/local/cuda/bin
#$ _TARGET_SIZE_=
#$ _TARGET_DIR_=
#$ _TARGET_DIR_=targets/aarch64-linux
#$ TOP=/usr/local/cuda/bin/..
#$ CICC_PATH=/usr/local/cuda/bin/../nvvm/bin
#$ NVVMIR_LIBRARY_DIR=/usr/local/cuda/bin/../nvvm/libdevice
#$ LD_LIBRARY_PATH=/usr/local/cuda/bin/../lib:/home/autopilot03/Desktop/f1tenth_test0806/f1tenth_project_repo/install/camera_driver/lib:/opt/ros/humble/opt/rviz_ogre_vendor/lib:/opt/ros/humble/lib/aarch64-linux-gnu:/opt/ros/humble/lib:/usr/local/cuda/lib64
#$ PATH=/usr/local/cuda/bin/../nvvm/bin:/usr/local/cuda/bin:/opt/ros/humble/bin:/usr/local/cuda/bin:/home/autopilot03/.local/bin:/usr/local/sbin:/usr/local/bin:/usr/sbin:/usr/bin:/sbin:/bin:/usr/games:/usr/local/games:/snap/bin:/snap/bin
#$ INCLUDES="-I/usr/local/cuda/bin/../targets/aarch64-linux/include"  
#$ LIBRARIES=  "-L/usr/local/cuda/bin/../targets/aarch64-linux/lib/stubs" "-L/usr/local/cuda/bin/../targets/aarch64-linux/lib"
#$ CUDAFE_FLAGS=
#$ PTXAS_FLAGS=
#$ rm tmp/a_dlink.reg.c
#$ gcc -D__CUDA_ARCH_LIST__=520 -D__NV_LEGACY_LAUNCH -E -x c++ -D__CUDACC__ -D__NVCC__  "-I/usr/local/cuda/bin/../targets/aarch64-linux/include"    -D__CUDACC_VER_MAJOR__=12 -D__CUDACC_VER_MINOR__=6 -D__CUDACC_VER_BUILD__=68 -D__CUDA_API_VER_MAJOR__=12 -D__CUDA_API_VER_MINOR__=6 -D__NVCC_DIAG_PRAGMA_SUPPORT__=1 -include "cuda_runtime.h" "CMakeCUDACompilerId.cu" -o "tmp/CMakeCUDACompilerId.cpp4.ii" 
#$ cudafe++ --c++17 --gnu_version=110400 --display_error_number --orig_src_file_name "CMakeCUDACompilerId.cu" --orig_src_path_name "/home/autopilot03/Desktop/f1tenth_test0806/f1tenth_project_repo/build/bev_processor/CMakeFiles/3.22.1/CompilerIdCUDA/CMakeCUDACompilerId.cu" --allow_managed --unsigned_chars --unsigned_wchar_t  --m64 --parse_templates --gen_c_file_name "tmp/CMakeCUDACompilerId.cudafe1.cpp" --stub_file_name "CMakeCUDACompilerId.cudafe1.stub.c" --gen_module_id_file --module_id_file_name "tmp/CMakeCUDACompilerId.module_id" "tmp/CMakeCUDACompilerId.cpp4.ii" 
#$ gcc -D__CUDA_ARCH__=520 -D__CUDA_ARCH_LIST__=520 -D__NV_LEGACY_LAUNCH -E -x c++  -DCUDA_DOUBLE_MATH_FUNCTIONS -D__CUDACC__ -D__NVCC__  "-I/usr/local/cuda/bin/../targets/aarch64-linux/include"    -D__CUDACC_VER_MAJOR__=12 -D__CUDACC_VER_MINOR__=6 -D__CUDACC_VER_BUILD__=68 -D__CUDA_API_VER_MAJOR__=12 -D__CUDA_API_VER_MINOR__=6 -D__NVCC_DIAG_PRAGMA_SUPPORT__=1 -include "cuda_runtime.h" "CMakeCUDACompilerId.cu" -o "tmp/CMakeCUDACompilerId.cpp1.ii" 
#$ "$CICC_PATH/cicc" --c++17 --gnu_version=110400 --display_error_number --orig_src_file_name "CMakeCUDACompilerId.cu" --orig_src_path_name "/home/autopilot03/Desktop/f1tenth_test0806/f1tenth_project_repo/build/bev_processor/CMakeFiles/3.22.1/CompilerIdCUDA/CMakeCUDACompilerId.cu" --allow_managed --unsigned_chars --unsigned_wchar_t   -arch compute_52 -m64 --no-version-ident -ftz=0 -prec_div=1 -prec_sqrt=1 -fmad=1 --include_file_name "CMakeCUDACompilerId.fatbin.c" -tused --module_id_file_name "tmp/CMakeCUDACompilerId.module_id" --gen_c_file_name "tmp/CMakeCUDACompilerId.cudafe1.c" --stub_file_name "tmp/CMakeCUDACompilerId.cudafe1.stub.c" --gen_device_file_name "tmp/CMakeCUDACompilerId.cudafe1.gpu"  "tmp/CMakeCUDACompilerId.cpp1.ii" -o "tmp/CMakeCUDACompilerId.ptx"
#$ ptxas -arch=sm_52 -m64  "tmp/CMakeCUDACompilerId.ptx"  -o "tmp/CMakeCUDACompilerId.sm_52.cubin" 
#$ fatbinary --create="tmp/CMakeCUDACompilerId.fatbin" -64 --cicc-cmdline="-ftz=0 -prec_div=1 -prec_sqrt=1 -fmad=1 " "--image3=kind=elf,sm=52,file=tmp/CMakeCUDACompilerId.sm_52.cubin" "--image3=kind=ptx,sm=52,file=tmp/CMakeCUDACompilerId.ptx" --embedded-fatbin="tmp/CMakeCUDACompilerId.fatbin.c" 
#$ gcc -D__CUDA_ARCH__=520 -D__CUDA_ARCH_LIST__=520 -D__NV_LEGACY_LAUNCH -c -x c++  -DCUDA_DOUBLE_MATH_FUNCTIONS -Wno-psabi "-I/usr/local/cuda/bin/../targets/aarch64-linux/include"   "tmp/CMakeCUDACompilerId.cudafe1.cpp" -o "tmp/CMakeCUDACompilerId.o" 
#$ nvlink -m64 --arch=sm_52 --register-link-binaries="tmp/a_dlink.reg.c"    "-L/usr/local/cuda/bin/../targets/aarch64-linux/lib/stubs" "-L/usr/local/cuda/bin/../targets/aarch64-linux/lib" -cpu-arch=AARCH64 "tmp/CMakeCUDACompilerId.o"  -lcudadevrt  -o "tmp/a_dlink.sm_52.cubin" --host-ccbin "gcc"
#$ fatbinary --create="tmp/a_dlink.fatbin" -64 --cicc-cmdline="-ftz=0 -prec_div=1 -prec_sqrt=1 -fmad=1 " -link "--image3=kind=elf,sm=52,file=tmp/a_dlink.sm_52.cubin" --embedded-fatbin="tmp/a_dlink.fatbin.c" 
#$ gcc -D__CUDA_ARCH_LIST__=520 -D__NV_LEGACY_LAUNCH -c -x c++ -DFATBINFILE="\"tmp/a_dlink.fatbin.c\"" -DREGISTERLINKBINARYFILE="\"tmp/a_dlink.reg.c\"" -I. -D__NV_EXTRA_INITIALIZATION= -D__NV_EXTRA_FINALIZATION= -D__CUDA_INCLUDE_COMPILER_INTERNAL_HEADERS__  -Wno-psabi "-I/usr/local/cuda/bin/../targets/aarch64-linux/include"    -D__CUDACC_VER_MAJOR__=12 -D__CUDACC_VER_MINOR__=6 -D__CUDACC_VER_BUILD__=68 -D__CUDA_API_VER_MAJOR__=12 -D__CUDA_API_VER_MINOR__=6 -D__NVCC_DIAG_PRAGMA_SUPPORT__=1 "/usr/local/cuda/bin/crt/link.stub" -o "tmp/a_dlink.o" 
#$ g++ -D__CUDA_ARCH_LIST__=520 -D__NV_LEGACY_LAUNCH -Wl,--start-group "tmp/a_dlink.o" "tmp/CMakeCUDACompilerId.o"   "-L/usr/local/cuda/bin/../targets/aarch64-linux/lib/stubs" "-L/usr/local/cuda/bin/../targets/aarch64-linux/lib"  -lcudadevrt  -lcudart_static  -lrt -lpthread  -ldl  -Wl,--end-group -o "a.out" 


Compilation of the CUDA compiler identification source "CMakeCUDACompilerId.cu" produced "a.out"

The CUDA compiler identification is NVIDIA, found in "/home/autopilot03/Desktop/f1tenth_test0806/f1tenth_project_repo/build/bev_processor/CMakeFiles/3.22.1/CompilerIdCUDA/a.out"

Parsed CUDA nvcc implicit link information from above output:
  found 'PATH=' string: [/usr/local/cuda/bin/../nvvm/bin:/usr/local/cuda/bin:/opt/ros/humble/bin:/usr/local/cuda/bin:/home/autopilot03/.local/bin:/usr/local/sbin:/usr/local/bin:/usr/sbin:/usr/bin:/sbin:/bin:/usr/games:/usr/local/games:/snap/bin:/snap/bin]
  found 'LIBRARIES=' string: ["-L/usr/local/cuda/bin/../targets/aarch64-linux/lib/stubs" "-L/usr/local/cuda/bin/../targets/aarch64-linux/lib"]
  considering line: [#$ rm tmp/a_dlink.reg.c]
  considering line: [gcc -D__CUDA_ARCH_LIST__=520 -D__NV_LEGACY_LAUNCH -E -x c++ -D__CUDACC__ -D__NVCC__  "-I/usr/local/cuda/bin/../targets/aarch64-linux/include"    -D__CUDACC_VER_MAJOR__=12 -D__CUDACC_VER_MINOR__=6 -D__CUDACC_VER_BUILD__=68 -D__CUDA_API_VER_MAJOR__=12 -D__CUDA_API_VER_MINOR__=6 -D__NVCC_DIAG_PRAGMA_SUPPORT__=1 -include "cuda_runtime.h" "CMakeCUDACompilerId.cu" -o "tmp/CMakeCUDACompilerId.cpp4.ii" ]
  considering line: [cudafe++ --c++17 --gnu_version=110400 --display_error_number --orig_src_file_name "CMakeCUDACompilerId.cu" --orig_src_path_name "/home/autopilot03/Desktop/f1tenth_test0806/f1tenth_project_repo/build/bev_processor/CMakeFiles/3.22.1/CompilerIdCUDA/CMakeCUDACompilerId.cu" --allow_managed --unsigned_chars --unsigned_wchar_t  --m64 --parse_templates --gen_c_file_name "tmp/CMakeCUDACompilerId.cudafe1.cpp" --stub_file_name "CMakeCUDACompilerId.cudafe1.stub.c" --gen_module_id_file --module_id_file_name "tmp/CMakeCUDACompilerId.module_id" "tmp/CMakeCUDACompilerId.cpp4.ii" ]
  considering line: [gcc -D__CUDA_ARCH__=520 -D__CUDA_ARCH_LIST__=520 -D__NV_LEGACY_LAUNCH -E -x c++  -DCUDA_DOUBLE_MATH_FUNCTIONS -D__CUDACC__ -D__NVCC__  "-I/usr/local/cuda/bin/../targets/aarch64-linux/include"    -D__CUDACC_VER_MAJOR__=12 -D__CUDACC_VER_MINOR__=6 -D__CUDACC_VER_BUILD__=68 -D__CUDA_API_VER_MAJOR__=12 -D__CUDA_API_VER_MINOR__=6 -D__NVCC_DIAG_PRAGMA_SUPPORT__=1 -include "cuda_runtime.h" "CMakeCUDACompilerId.cu" -o "tmp/CMakeCUDACompilerId.cpp1.ii" ]
  considering line: ["$CICC_PATH/cicc" --c++17 --gnu_version=110400 --display_error_number --orig_src_file_name "CMakeCUDACompilerId.cu" --orig_src_path_name "/home/autopilot03/Desktop/f1tenth_test0806/f1tenth_project_repo/build/bev_processor/CMakeFiles/3.22.1/CompilerIdCUDA/CMakeCUDACompilerId.cu" --allow_managed --unsigned_chars --unsigned_wchar_t   -arch compute_52 -m64 --no-version-ident -ftz=0 -prec_div=1 -prec_sqrt=1 -fmad=1 --include_file_name "CMakeCUDACompilerId.fatbin.c" -tused --module_id_file_name "tmp/CMakeCUDACompilerId.module_id" --gen_c_file_name "tmp/CMakeCUDACompilerId.cudafe1.c" --stub_file_name "tmp/CMakeCUDACompilerId.cudafe1.stub.c" --gen_device_file_name "tmp/CMakeCUDACompilerId.cudafe1.gpu"  "tmp/CMakeCUDACompilerId.cpp1.ii" -o "tmp/CMakeCUDACompilerId.ptx"]
  considering line: [ptxas -arch=sm_52 -m64  "tmp/CMakeCUDACompilerId.ptx"  -o "tmp/CMakeCUDACompilerId.sm_52.cubin" ]
  considering line: [fatbinary --create="tmp/CMakeCUDACompilerId.fatbin" -64 --cicc-cmdline="-ftz=0 -prec_div=1 -prec_sqrt=1 -fmad=1 " "--image3=kind=elf,sm=52,file=tmp/CMakeCUDACompilerId.sm_52.cubin" "--image3=kind=ptx,sm=52,file=tmp/CMakeCUDACompilerId.ptx" --embedded-fatbin="tmp/CMakeCUDACompilerId.fatbin.c" ]
  considering line: [gcc -D__CUDA_ARCH__=520 -D__CUDA_ARCH_LIST__=520 -D__NV_LEGACY_LAUNCH -c -x c++  -DCUDA_DOUBLE_MATH_FUNCTIONS -Wno-psabi "-I/usr/local/cuda/bin/../targets/aarch64-linux/include"   "tmp/CMakeCUDACompilerId.cudafe1.cpp" -o "tmp/CMakeCUDACompilerId.o" ]
  considering line: [nvlink -m64 --arch=sm_52 --register-link-binaries="tmp/a_dlink.reg.c"    "-L/usr/local/cuda/bin/../targets/aarch64-linux/lib/stubs" "-L/usr/local/cuda/bin/../targets/aarch64-linux/lib" -cpu-arch=AARCH64 "tmp/CMakeCUDACompilerId.o"  -lcudadevrt  -o "tmp/a_dlink.sm_52.cubin" --host-ccbin "gcc"]
    ignoring nvlink line
  considering line: [fatbinary --create="tmp/a_dlink.fatbin" -64 --cicc-cmdline="-ftz=0 -prec_div=1 -prec_sqrt=1 -fmad=1 " -link "--image3=kind=elf,sm=52,file=tmp/a_dlink.sm_52.cubin" --embedded-fatbin="tmp/a_dlink.fatbin.c" ]
  considering line: [gcc -D__CUDA_ARCH_LIST__=520 -D__NV_LEGACY_LAUNCH -c -x c++ -DFATBINFILE="\"tmp/a_dlink.fatbin.c\"" -DREGISTERLINKBINARYFILE="\"tmp/a_dlink.reg.c\"" -I. -D__NV_EXTRA_INITIALIZATION= -D__NV_EXTRA_FINALIZATION= -D__CUDA_INCLUDE_COMPILER_INTERNAL_HEADERS__  -Wno-psabi "-I/usr/local/cuda/bin/../targets/aarch64-linux/include"    -D__CUDACC_VER_MAJOR__=12 -D__CUDACC_VER_MINOR__=6 -D__CUDACC_VER_BUILD__=68 -D__CUDA_API_VER_MAJOR__=12 -D__CUDA_API_VER_MINOR__=6 -D__NVCC_DIAG_PRAGMA_SUPPORT__=1 "/usr/local/cuda/bin/crt/link.stub" -o "tmp/a_dlink.o" ]
  considering line: [g++ -D__CUDA_ARCH_LIST__=520 -D__NV_LEGACY_LAUNCH -Wl,--start-group "tmp/a_dlink.o" "tmp/CMakeCUDACompilerId.o"   "-L/usr/local/cuda/bin/../targets/aarch64-linux/lib/stubs" "-L/usr/local/cuda/bin/../targets/aarch64-linux/lib"  -lcudadevrt  -lcudart_static  -lrt -lpthread  -ldl  -Wl,--end-group -o "a.out" ]
    extracted link line: [g++ -D__CUDA_ARCH_LIST__=520 -D__NV_LEGACY_LAUNCH -Wl,--start-group "tmp/a_dlink.o" "tmp/CMakeCUDACompilerId.o"   "-L/usr/local/cuda/bin/../targets/aarch64-linux/lib/stubs" "-L/usr/local/cuda/bin/../targets/aarch64-linux/lib"  -lcudadevrt  -lcudart_static  -lrt -lpthread  -ldl  -Wl,--end-group -o "a.out" ]
  considering line: []
  extracted link launcher name: [g++]
  found link launcher absolute path: [/usr/bin/g++]

  link line regex: [^( *|.*[/\])(ld|CMAKE_LINK_STARTFILE-NOTFOUND|([^/\]+-)?ld|collect2)[^/\]*( |$)]
  link line: [cuda-fake-ld g++ -D__CUDA_ARCH_LIST__=520 -D__NV_LEGACY_LAUNCH -Wl,--start-group "tmp/a_dlink.o" "tmp/CMakeCUDACompilerId.o"   "-L/usr/local/cuda/bin/../targets/aarch64-linux/lib/stubs" "-L/usr/local/cuda/bin/../targets/aarch64-linux/lib"  -lcudadevrt  -lcudart_static  -lrt -lpthread  -ldl  -Wl,--end-group -o "a.out" ]
    arg [cuda-fake-ld] ==> ignore
    arg [g++] ==> ignore
    arg [-D__CUDA_ARCH_LIST__=520] ==> ignore
    arg [-D__NV_LEGACY_LAUNCH] ==> ignore
    arg [-Wl,--start-group] ==> ignore
    arg [tmp/a_dlink.o] ==> ignore
    arg [tmp/CMakeCUDACompilerId.o] ==> ignore
    arg [-L/usr/local/cuda/bin/../targets/aarch64-linux/lib/stubs] ==> dir [/usr/local/cuda/bin/../targets/aarch64-linux/lib/stubs]
    arg [-L/usr/local/cuda/bin/../targets/aarch64-linux/lib] ==> dir [/usr/local/cuda/bin/../targets/aarch64-linux/lib]
    arg [-lcudadevrt] ==> lib [cudadevrt]
    arg [-lcudart_static] ==> lib [cudart_static]
    arg [-lrt] ==> lib [rt]
    arg [-lpthread] ==> lib [pthread]
    arg [-ldl] ==> lib [dl]
    arg [-Wl,--end-group] ==> ignore
    arg [-o] ==> ignore
    arg [a.out] ==> ignore
  collapse library dir [/usr/local/cuda/bin/../targets/aarch64-linux/lib/stubs] ==> [/usr/local/cuda/targets/aarch64-linux/lib/stubs]
  collapse library dir [/usr/local/cuda/bin/../targets/aarch64-linux/lib] ==> [/usr/local/cuda/targets/aarch64-linux/lib]
  implicit libs: [cudadevrt;cudart_static;rt;pthread;dl]
  implicit objs: []
  implicit dirs: [/usr/local/cuda/targets/aarch64-linux/lib/stubs;/usr/local/cuda/targets/aarch64-linux/lib]
  implicit fwks: []


Parsed CUDA nvcc include information from above output:
  found 'PATH=' string: [/usr/local/cuda/bin/../nvvm/bin:/usr/local/cuda/bin:/opt/ros/humble/bin:/usr/local/cuda/bin:/home/autopilot03/.local/bin:/usr/local/sbin:/usr/local/bin:/usr/sbin:/usr/bin:/sbin:/bin:/usr/games:/usr/local/games:/snap/bin:/snap/bin]
  found 'LIBRARIES=' string: ["-L/usr/local/cuda/bin/../targets/aarch64-linux/lib/stubs" "-L/usr/local/cuda/bin/../targets/aarch64-linux/lib"]
  considering line: [#$ rm tmp/a_dlink.reg.c]
  considering line: [gcc -D__CUDA_ARCH_LIST__=520 -D__NV_LEGACY_LAUNCH -E -x c++ -D__CUDACC__ -D__NVCC__  "-I/usr/local/cuda/bin/../targets/aarch64-linux/include"    -D__CUDACC_VER_MAJOR__=12 -D__CUDACC_VER_MINOR__=6 -D__CUDACC_VER_BUILD__=68 -D__CUDA_API_VER_MAJOR__=12 -D__CUDA_API_VER_MINOR__=6 -D__NVCC_DIAG_PRAGMA_SUPPORT__=1 -include "cuda_runtime.h" "CMakeCUDACompilerId.cu" -o "tmp/CMakeCUDACompilerId.cpp4.ii" ]
  considering line: [cudafe++ --c++17 --gnu_version=110400 --display_error_number --orig_src_file_name "CMakeCUDACompilerId.cu" --orig_src_path_name "/home/autopilot03/Desktop/f1tenth_test0806/f1tenth_project_repo/build/bev_processor/CMakeFiles/3.22.1/CompilerIdCUDA/CMakeCUDACompilerId.cu" --allow_managed --unsigned_chars --unsigned_wchar_t  --m64 --parse_templates --gen_c_file_name "tmp/CMakeCUDACompilerId.cudafe1.cpp" --stub_file_name "CMakeCUDACompilerId.cudafe1.stub.c" --gen_module_id_file --module_id_file_name "tmp/CMakeCUDACompilerId.module_id" "tmp/CMakeCUDACompilerId.cpp4.ii" ]
  considering line: [gcc -D__CUDA_ARCH__=520 -D__CUDA_ARCH_LIST__=520 -D__NV_LEGACY_LAUNCH -E -x c++  -DCUDA_DOUBLE_MATH_FUNCTIONS -D__CUDACC__ -D__NVCC__  "-I/usr/local/cuda/bin/../targets/aarch64-linux/include"    -D__CUDACC_VER_MAJOR__=12 -D__CUDACC_VER_MINOR__=6 -D__CUDACC_VER_BUILD__=68 -D__CUDA_API_VER_MAJOR__=12 -D__CUDA_API_VER_MINOR__=6 -D__NVCC_DIAG_PRAGMA_SUPPORT__=1 -include "cuda_runtime.h" "CMakeCUDACompilerId.cu" -o "tmp/CMakeCUDACompilerId.cpp1.ii" ]
  considering line: ["$CICC_PATH/cicc" --c++17 --gnu_version=110400 --display_error_number --orig_src_file_name "CMakeCUDACompilerId.cu" --orig_src_path_name "/home/autopilot03/Desktop/f1tenth_test0806/f1tenth_project_repo/build/bev_processor/CMakeFiles/3.22.1/CompilerIdCUDA/CMakeCUDACompilerId.cu" --allow_managed --unsigned_chars --unsigned_wchar_t   -arch compute_52 -m64 --no-version-ident -ftz=0 -prec_div=1 -prec_sqrt=1 -fmad=1 --include_file_name "CMakeCUDACompilerId.fatbin.c" -tused --module_id_file_name "tmp/CMakeCUDACompilerId.module_id" --gen_c_file_name "tmp/CMakeCUDACompilerId.cudafe1.c" --stub_file_name "tmp/CMakeCUDACompilerId.cudafe1.stub.c" --gen_device_file_name "tmp/CMakeCUDACompilerId.cudafe1.gpu"  "tmp/CMakeCUDACompilerId.cpp1.ii" -o "tmp/CMakeCUDACompilerId.ptx"]
  considering line: [ptxas -arch=sm_52 -m64  "tmp/CMakeCUDACompilerId.ptx"  -o "tmp/CMakeCUDACompilerId.sm_52.cubin" ]
  considering line: [fatbinary --create="tmp/CMakeCUDACompilerId.fatbin" -64 --cicc-cmdline="-ftz=0 -prec_div=1 -prec_sqrt=1 -fmad=1 " "--image3=kind=elf,sm=52,file=tmp/CMakeCUDACompilerId.sm_52.cubin" "--image3=kind=ptx,sm=52,file=tmp/CMakeCUDACompilerId.ptx" --embedded-fatbin="tmp/CMakeCUDACompilerId.fatbin.c" ]
  considering line: [gcc -D__CUDA_ARCH__=520 -D__CUDA_ARCH_LIST__=520 -D__NV_LEGACY_LAUNCH -c -x c++  -DCUDA_DOUBLE_MATH_FUNCTIONS -Wno-psabi "-I/usr/local/cuda/bin/../targets/aarch64-linux/include"   "tmp/CMakeCUDACompilerId.cudafe1.cpp" -o "tmp/CMakeCUDACompilerId.o" ]
  considering line: [nvlink -m64 --arch=sm_52 --register-link-binaries="tmp/a_dlink.reg.c"    "-L/usr/local/cuda/bin/../targets/aarch64-linux/lib/stubs" "-L/usr/local/cuda/bin/../targets/aarch64-linux/lib" -cpu-arch=AARCH64 "tmp/CMakeCUDACompilerId.o"  -lcudadevrt  -o "tmp/a_dlink.sm_52.cubin" --host-ccbin "gcc"]
    ignoring nvlink line
  considering line: [fatbinary --create="tmp/a_dlink.fatbin" -64 --cicc-cmdline="-ftz=0 -prec_div=1 -prec_sqrt=1 -fmad=1 " -link "--image3=kind=elf,sm=52,file=tmp/a_dlink.sm_52.cubin" --embedded-fatbin="tmp/a_dlink.fatbin.c" ]
  considering line: [gcc -D__CUDA_ARCH_LIST__=520 -D__NV_LEGACY_LAUNCH -c -x c++ -DFATBINFILE="\"tmp/a_dlink.fatbin.c\"" -DREGISTERLINKBINARYFILE="\"tmp/a_dlink.reg.c\"" -I. -D__NV_EXTRA_INITIALIZATION= -D__NV_EXTRA_FINALIZATION= -D__CUDA_INCLUDE_COMPILER_INTERNAL_HEADERS__  -Wno-psabi "-I/usr/local/cuda/bin/../targets/aarch64-linux/include"    -D__CUDACC_VER_MAJOR__=12 -D__CUDACC_VER_MINOR__=6 -D__CUDACC_VER_BUILD__=68 -D__CUDA_API_VER_MAJOR__=12 -D__CUDA_API_VER_MINOR__=6 -D__NVCC_DIAG_PRAGMA_SUPPORT__=1 "/usr/local/cuda/bin/crt/link.stub" -o "tmp/a_dlink.o" ]
  considering line: [g++ -D__CUDA_ARCH_LIST__=520 -D__NV_LEGACY_LAUNCH -Wl,--start-group "tmp/a_dlink.o" "tmp/CMakeCUDACompilerId.o"   "-L/usr/local/cuda/bin/../targets/aarch64-linux/lib/stubs" "-L/usr/local/cuda/bin/../targets/aarch64-linux/lib"  -lcudadevrt  -lcudart_static  -lrt -lpthread  -ldl  -Wl,--end-group -o "a.out" ]
    extracted link line: [g++ -D__CUDA_ARCH_LIST__=520 -D__NV_LEGACY_LAUNCH -Wl,--start-group "tmp/a_dlink.o" "tmp/CMakeCUDACompilerId.o"   "-L/usr/local/cuda/bin/../targets/aarch64-linux/lib/stubs" "-L/usr/local/cuda/bin/../targets/aarch64-linux/lib"  -lcudadevrt  -lcudart_static  -lrt -lpthread  -ldl  -Wl,--end-group -o "a.out" ]
  considering line: []
  extracted link launcher name: [g++]
  found link launcher absolute path: [/usr/bin/g++]
  found 'INCLUDES=' string: ["-I/usr/local/cuda/bin/../targets/aarch64-linux/include"  ]

  link line regex: [^( *|.*[/\])(ld|CMAKE_LINK_STARTFILE-NOTFOUND|([^/\]+-)?ld|collect2)[^/\]*( |$)]
  link line: [cuda-fake-ld g++ -D__CUDA_ARCH_LIST__=520 -D__NV_LEGACY_LAUNCH -Wl,--start-group "tmp/a_dlink.o" "tmp/CMakeCUDACompilerId.o"   "-L/usr/local/cuda/bin/../targets/aarch64-linux/lib/stubs" "-L/usr/local/cuda/bin/../targets/aarch64-linux/lib"  -lcudadevrt  -lcudart_static  -lrt -lpthread  -ldl  -Wl,--end-group -o "a.out" ]
    arg [cuda-fake-ld] ==> ignore
    arg [g++] ==> ignore
    arg [-D__CUDA_ARCH_LIST__=520] ==> ignore
    arg [-D__NV_LEGACY_LAUNCH] ==> ignore
    arg [-Wl,--start-group] ==> ignore
    arg [tmp/a_dlink.o] ==> ignore
    arg [tmp/CMakeCUDACompilerId.o] ==> ignore
    arg [-L/usr/local/cuda/bin/../targets/aarch64-linux/lib/stubs] ==> dir [/usr/local/cuda/bin/../targets/aarch64-linux/lib/stubs]
    arg [-L/usr/local/cuda/bin/../targets/aarch64-linux/lib] ==> dir [/usr/local/cuda/bin/../targets/aarch64-linux/lib]
    arg [-lcudadevrt] ==> lib [cudadevrt]
    arg [-lcudart_static] ==> lib [cudart_static]
    arg [-lrt] ==> lib [rt]
    arg [-lpthread] ==> lib [pthread]
    arg [-ldl] ==> lib [dl]
    arg [-Wl,--end-group] ==> ignore
    arg [-o] ==> ignore
    arg [a.out] ==> ignore
  collapse library dir [/usr/local/cuda/bin/../targets/aarch64-linux/lib/stubs] ==> [/usr/local/cuda/targets/aarch64-linux/lib/stubs]
  collapse library dir [/usr/local/cuda/bin/../targets/aarch64-linux/lib] ==> [/usr/local/cuda/targets/aarch64-linux/lib]
  implicit libs: [cudadevrt;cudart_static;rt;pthread;dl]
  implicit objs: []
  implicit dirs: [/usr/local/cuda/targets/aarch64-linux/lib/stubs;/usr/local/cuda/targets/aarch64-linux/lib]
  implicit fwks: []


Detecting CXX compiler ABI info compiled with the following output:
Change Dir: /home/autopilot03/Desktop/f1tenth_test0806/f1tenth_project_repo/build/bev_processor/CMakeFiles/CMakeTmp

Run Build Command(s):/usr/bin/gmake -f Makefile cmTC_e9547/fast && /usr/bin/gmake  -f CMakeFiles/cmTC_e9547.dir/build.make CMakeFiles/cmTC_e9547.dir/build
gmake[1]: Entering directory '/home/autopilot03/Desktop/f1tenth_test0806/f1tenth_project_repo/build/bev_processor/CMakeFiles/CMakeTmp'
Building CXX object CMakeFiles/cmTC_e9547.dir/CMakeCXXCompilerABI.cpp.o
/usr/bin/c++   -v -o CMakeFiles/cmTC_e9547.dir/CMakeCXXCompilerABI.cpp.o -c /usr/share/cmake-3.22/Modules/CMakeCXXCompilerABI.cpp
Using built-in specs.
COLLECT_GCC=/usr/bin/c++
Target: aarch64-linux-gnu
Configured with: ../src/configure -v --with-pkgversion='Ubuntu 11.4.0-1ubuntu1~22.04.3' --with-bugurl=file:///usr/share/doc/gcc-11/README.Bugs --enable-languages=c,ada,c++,go,d,fortran,objc,obj-c++,m2 --prefix=/usr --with-gcc-major-version-only --program-suffix=-11 --program-prefix=aarch64-linux-gnu- --enable-shared --enable-linker-build-id --libexecdir=/usr/lib --without-included-gettext --enable-threads=posix --libdir=/usr/lib --enable-nls --enable-bootstrap --enable-clocale=gnu --enable-libstdcxx-debug --enable-libstdcxx-time=yes --with-default-libstdcxx-abi=new --enable-gnu-unique-object --disable-libquadmath --disable-libquadmath-support --enable-plugin --enable-default-pie --with-system-zlib --enable-libphobos-checking=release --with-target-system-zlib=auto --enable-objc-gc=auto --enable-multiarch --enable-fix-cortex-a53-843419 --disable-werror --enable-checking=release --build=aarch64-linux-gnu --host=aarch64-linux-gnu --target=aarch64-linux-gnu --with-build-config=bootstrap-lto-lean --enable-link-serialization=4
Thread model: posix
Supported LTO compression algorithms: zlib zstd
gcc version 11.4.0 (Ubuntu 11.4.0-1ubuntu1~22.04.3) 
COLLECT_GCC_OPTIONS='-v' '-o' 'CMakeFiles/cmTC_e9547.dir/CMakeCXXCompilerABI.cpp.o' '-c' '-shared-libgcc' '-mlittle-endian' '-mabi=lp64' '-dumpdir' 'CMakeFiles/cmTC_e9547.dir/'
 /usr/lib/gcc/aarch64-linux-gnu/11/cc1plus -quiet -v -imultiarch aarch64-linux-gnu -D_GNU_SOURCE /usr/share/cmake-3.22/Modules/CMakeCXXCompilerABI.cpp -quiet -dumpdir CMakeFiles/cmTC_e9547.dir/ -dumpbase CMakeCXXCompilerABI.cpp.cpp -dumpbase-ext .cpp -mlittle-endian -mabi=lp64 -version -fasynchronous-unwind-tables -fstack-protector-strong -Wformat -Wformat-security -fstack-clash-protection -o /tmp/ccQVDh5V.s
GNU C++17 (Ubuntu 11.4.0-1ubuntu1~22.04.3) version 11.4.0 (aarch64-linux-gnu)
	compiled by GNU C version 11.4.0, GMP version 6.2.1, MPFR version 4.1.0, MPC version 1.2.1, isl version isl-0.24-GMP

GGC heuristics: --param ggc-min-expand=100 --param ggc-min-heapsize=131072
ignoring duplicate directory "/usr/include/aarch64-linux-gnu/c++/11"
ignoring nonexistent directory "/usr/local/include/aarch64-linux-gnu"
ignoring nonexistent directory "/usr/lib/gcc/aarch64-linux-gnu/11/include-fixed"
ignoring nonexistent directory "/usr/lib/gcc/aarch64-linux-gnu/11/../../../../aarch64-linux-gnu/include"
#include "..." search starts here:
#include <...> search starts here:
 /usr/include/c++/11
 /usr/include/aarch64-linux-gnu/c++/11
 /usr/include/c++/11/backward
 /usr/lib/gcc/aarch64-linux-gnu/11/include
 /usr/local/include
 /usr/include/aarch64-linux-gnu
 /usr/include
End of search list.
GNU C++17 (Ubuntu 11.4.0-1ubuntu1~22.04.3) version 11.4.0 (aarch64-linux-gnu)
	compiled by GNU C version 11.4.0, GMP version 6.2.1, MPFR version 4.1.0, MPC version 1.2.1, isl version isl-0.24-GMP

GGC heuristics: --param ggc-min-expand=100 --param ggc-min-heapsize=131072
Compiler executable checksum: 1ec2e7097ef542eddc6fe6fb48e7bad4
COLLECT_GCC_OPTIONS='-v' '-o' 'CMakeFiles/cmTC_e9547.dir/CMakeCXXCompilerABI.cpp.o' '-c' '-shared-libgcc' '-mlittle-endian' '-mabi=lp64' '-dumpdir' 'CMakeFiles/cmTC_e9547.dir/'
 as -v -EL -mabi=lp64 -o CMakeFiles/cmTC_e9547.dir/CMakeCXXCompilerABI.cpp.o /tmp/ccQVDh5V.s
GNU assembler version 2.38 (aarch64-linux-gnu) using BFD version (GNU Binutils for Ubuntu) 2.38
COMPILER_PATH=/usr/lib/gcc/aarch64-linux-gnu/11/:/usr/lib/gcc/aarch64-linux-gnu/11/:/usr/lib/gcc/aarch64-linux-gnu/:/usr/lib/gcc/aarch64-linux-gnu/11/:/usr/lib/gcc/aarch64-linux-gnu/
LIBRARY_PATH=/usr/lib/gcc/aarch64-linux-gnu/11/:/usr/lib/gcc/aarch64-linux-gnu/11/../../../aarch64-linux-gnu/:/usr/lib/gcc/aarch64-linux-gnu/11/../../../../lib/:/lib/aarch64-linux-gnu/:/lib/../lib/:/usr/lib/aarch64-linux-gnu/:/usr/lib/../lib/:/usr/lib/gcc/aarch64-linux-gnu/11/../../../:/lib/:/usr/lib/
COLLECT_GCC_OPTIONS='-v' '-o' 'CMakeFiles/cmTC_e9547.dir/CMakeCXXCompilerABI.cpp.o' '-c' '-shared-libgcc' '-mlittle-endian' '-mabi=lp64' '-dumpdir' 'CMakeFiles/cmTC_e9547.dir/CMakeCXXCompilerABI.cpp.'
Linking CXX executable cmTC_e9547
/usr/bin/cmake -E cmake_link_script CMakeFiles/cmTC_e9547.dir/link.txt --verbose=1
/usr/bin/c++  -v CMakeFiles/cmTC_e9547.dir/CMakeCXXCompilerABI.cpp.o -o cmTC_e9547 
Using built-in specs.
COLLECT_GCC=/usr/bin/c++
COLLECT_LTO_WRAPPER=/usr/lib/gcc/aarch64-linux-gnu/11/lto-wrapper
Target: aarch64-linux-gnu
Configured with: ../src/configure -v --with-pkgversion='Ubuntu 11.4.0-1ubuntu1~22.04.3' --with-bugurl=file:///usr/share/doc/gcc-11/README.Bugs --enable-languages=c,ada,c++,go,d,fortran,objc,obj-c++,m2 --prefix=/usr --with-gcc-major-version-only --program-suffix=-11 --program-prefix=aarch64-linux-gnu- --enable-shared --enable-linker-build-id --libexecdir=/usr/lib --without-included-gettext --enable-threads=posix --libdir=/usr/lib --enable-nls --enable-bootstrap --enable-clocale=gnu --enable-libstdcxx-debug --enable-libstdcxx-time=yes --with-default-libstdcxx-abi=new --enable-gnu-unique-object --disable-libquadmath --disable-libquadmath-support --enable-plugin --enable-default-pie --with-system-zlib --enable-libphobos-checking=release --with-target-system-zlib=auto --enable-objc-gc=auto --enable-multiarch --enable-fix-cortex-a53-843419 --disable-werror --enable-checking=release --build=aarch64-linux-gnu --host=aarch64-linux-gnu --target=aarch64-linux-gnu --with-build-config=bootstrap-lto-lean --enable-link-serialization=4
Thread model: posix
Supported LTO compression algorithms: zlib zstd
gcc version 11.4.0 (Ubuntu 11.4.0-1ubuntu1~22.04.3) 
COMPILER_PATH=/usr/lib/gcc/aarch64-linux-gnu/11/:/usr/lib/gcc/aarch64-linux-gnu/11/:/usr/lib/gcc/aarch64-linux-gnu/:/usr/lib/gcc/aarch64-linux-gnu/11/:/usr/lib/gcc/aarch64-linux-gnu/
LIBRARY_PATH=/usr/lib/gcc/aarch64-linux-gnu/11/:/usr/lib/gcc/aarch64-linux-gnu/11/../../../aarch64-linux-gnu/:/usr/lib/gcc/aarch64-linux-gnu/11/../../../../lib/:/lib/aarch64-linux-gnu/:/lib/../lib/:/usr/lib/aarch64-linux-gnu/:/usr/lib/../lib/:/usr/lib/gcc/aarch64-linux-gnu/11/../../../:/lib/:/usr/lib/
COLLECT_GCC_OPTIONS='-v' '-o' 'cmTC_e9547' '-shared-libgcc' '-mlittle-endian' '-mabi=lp64' '-dumpdir' 'cmTC_e9547.'
 /usr/lib/gcc/aarch64-linux-gnu/11/collect2 -plugin /usr/lib/gcc/aarch64-linux-gnu/11/liblto_plugin.so -plugin-opt=/usr/lib/gcc/aarch64-linux-gnu/11/lto-wrapper -plugin-opt=-fresolution=/tmp/ccfzpmWM.res -plugin-opt=-pass-through=-lgcc_s -plugin-opt=-pass-through=-lgcc -plugin-opt=-pass-through=-lc -plugin-opt=-pass-through=-lgcc_s -plugin-opt=-pass-through=-lgcc --build-id --eh-frame-hdr --hash-style=gnu --as-needed -dynamic-linker /lib/ld-linux-aarch64.so.1 -X -EL -maarch64linux --fix-cortex-a53-843419 -pie -z now -z relro -o cmTC_e9547 /usr/lib/gcc/aarch64-linux-gnu/11/../../../aarch64-linux-gnu/Scrt1.o /usr/lib/gcc/aarch64-linux-gnu/11/../../../aarch64-linux-gnu/crti.o /usr/lib/gcc/aarch64-linux-gnu/11/crtbeginS.o -L/usr/lib/gcc/aarch64-linux-gnu/11 -L/usr/lib/gcc/aarch64-linux-gnu/11/../../../aarch64-linux-gnu -L/usr/lib/gcc/aarch64-linux-gnu/11/../../../../lib -L/lib/aarch64-linux-gnu -L/lib/../lib -L/usr/lib/aarch64-linux-gnu -L/usr/lib/../lib -L/usr/lib/gcc/aarch64-linux-gnu/11/../../.. CMakeFiles/cmTC_e9547.dir/CMakeCXXCompilerABI.cpp.o -lstdc++ -lm -lgcc_s -lgcc -lc -lgcc_s -lgcc /usr/lib/gcc/aarch64-linux-gnu/11/crtendS.o /usr/lib/gcc/aarch64-linux-gnu/11/../../../aarch64-linux-gnu/crtn.o
COLLECT_GCC_OPTIONS='-v' '-o' 'cmTC_e9547' '-shared-libgcc' '-mlittle-endian' '-mabi=lp64' '-dumpdir' 'cmTC_e9547.'
gmake[1]: Leaving directory '/home/autopilot03/Desktop/f1tenth_test0806/f1tenth_project_repo/build/bev_processor/CMakeFiles/CMakeTmp'



Parsed CXX implicit include dir info from above output: rv=done
  found start of include info
  found start of implicit include info
    add: [/usr/include/c++/11]
    add: [/usr/include/aarch64-linux-gnu/c++/11]
    add: [/usr/include/c++/11/backward]
    add: [/usr/lib/gcc/aarch64-linux-gnu/11/include]
    add: [/usr/local/include]
    add: [/usr/include/aarch64-linux-gnu]
    add: [/usr/include]
  end of search list found
  collapse include dir [/usr/include/c++/11] ==> [/usr/include/c++/11]
  collapse include dir [/usr/include/aarch64-linux-gnu/c++/11] ==> [/usr/include/aarch64-linux-gnu/c++/11]
  collapse include dir [/usr/include/c++/11/backward] ==> [/usr/include/c++/11/backward]
  collapse include dir [/usr/lib/gcc/aarch64-linux-gnu/11/include] ==> [/usr/lib/gcc/aarch64-linux-gnu/11/include]
  collapse include dir [/usr/local/include] ==> [/usr/local/include]
  collapse include dir [/usr/include/aarch64-linux-gnu] ==> [/usr/include/aarch64-linux-gnu]
  collapse include dir [/usr/include] ==> [/usr/include]
  implicit include dirs: [/usr/include/c++/11;/usr/include/aarch64-linux-gnu/c++/11;/usr/include/c++/11/backward;/usr/lib/gcc/aarch64-linux-gnu/11/include;/usr/local/include;/usr/include/aarch64-linux-gnu;/usr/include]


Parsed CXX implicit link information from above output:
  link line regex: [^( *|.*[/\])(ld|CMAKE_LINK_STARTFILE-NOTFOUND|([^/\]+-)?ld|collect2)[^/\]*( |$)]
  ignore line: [Change Dir: /home/autopilot03/Desktop/f1tenth_test0806/f1tenth_project_repo/build/bev_processor/CMakeFiles/CMakeTmp]
  ignore line: []
  ignore line: [Run Build Command(s):/usr/bin/gmake -f Makefile cmTC_e9547/fast && /usr/bin/gmake  -f CMakeFiles/cmTC_e9547.dir/build.make CMakeFiles/cmTC_e9547.dir/build]
  ignore line: [gmake[1]: Entering directory '/home/autopilot03/Desktop/f1tenth_test0806/f1tenth_project_repo/build/bev_processor/CMakeFiles/CMakeTmp']
  ignore line: [Building CXX object CMakeFiles/cmTC_e9547.dir/CMakeCXXCompilerABI.cpp.o]
  ignore line: [/usr/bin/c++   -v -o CMakeFiles/cmTC_e9547.dir/CMakeCXXCompilerABI.cpp.o -c /usr/share/cmake-3.22/Modules/CMakeCXXCompilerABI.cpp]
  ignore line: [Using built-in specs.]
  ignore line: [COLLECT_GCC=/usr/bin/c++]
  ignore line: [Target: aarch64-linux-gnu]
  ignore line: [Configured with: ../src/configure -v --with-pkgversion='Ubuntu 11.4.0-1ubuntu1~22.04.3' --with-bugurl=file:///usr/share/doc/gcc-11/README.Bugs --enable-languages=c ada c++ go d fortran objc obj-c++ m2 --prefix=/usr --with-gcc-major-version-only --program-suffix=-11 --program-prefix=aarch64-linux-gnu- --enable-shared --enable-linker-build-id --libexecdir=/usr/lib --without-included-gettext --enable-threads=posix --libdir=/usr/lib --enable-nls --enable-bootstrap --enable-clocale=gnu --enable-libstdcxx-debug --enable-libstdcxx-time=yes --with-default-libstdcxx-abi=new --enable-gnu-unique-object --disable-libquadmath --disable-libquadmath-support --enable-plugin --enable-default-pie --with-system-zlib --enable-libphobos-checking=release --with-target-system-zlib=auto --enable-objc-gc=auto --enable-multiarch --enable-fix-cortex-a53-843419 --disable-werror --enable-checking=release --build=aarch64-linux-gnu --host=aarch64-linux-gnu --target=aarch64-linux-gnu --with-build-config=bootstrap-lto-lean --enable-link-serialization=4]
  ignore line: [Thread model: posix]
  ignore line: [Supported LTO compression algorithms: zlib zstd]
  ignore line: [gcc version 11.4.0 (Ubuntu 11.4.0-1ubuntu1~22.04.3) ]
  ignore line: [COLLECT_GCC_OPTIONS='-v' '-o' 'CMakeFiles/cmTC_e9547.dir/CMakeCXXCompilerABI.cpp.o' '-c' '-shared-libgcc' '-mlittle-endian' '-mabi=lp64' '-dumpdir' 'CMakeFiles/cmTC_e9547.dir/']
  ignore line: [ /usr/lib/gcc/aarch64-linux-gnu/11/cc1plus -quiet -v -imultiarch aarch64-linux-gnu -D_GNU_SOURCE /usr/share/cmake-3.22/Modules/CMakeCXXCompilerABI.cpp -quiet -dumpdir CMakeFiles/cmTC_e9547.dir/ -dumpbase CMakeCXXCompilerABI.cpp.cpp -dumpbase-ext .cpp -mlittle-endian -mabi=lp64 -version -fasynchronous-unwind-tables -fstack-protector-strong -Wformat -Wformat-security -fstack-clash-protection -o /tmp/ccQVDh5V.s]
  ignore line: [GNU C++17 (Ubuntu 11.4.0-1ubuntu1~22.04.3) version 11.4.0 (aarch64-linux-gnu)]
  ignore line: [	compiled by GNU C version 11.4.0  GMP version 6.2.1  MPFR version 4.1.0  MPC version 1.2.1  isl version isl-0.24-GMP]
  ignore line: []
  ignore line: [GGC heuristics: --param ggc-min-expand=100 --param ggc-min-heapsize=131072]
  ignore line: [ignoring duplicate directory "/usr/include/aarch64-linux-gnu/c++/11"]
  ignore line: [ignoring nonexistent directory "/usr/local/include/aarch64-linux-gnu"]
  ignore line: [ignoring nonexistent directory "/usr/lib/gcc/aarch64-linux-gnu/11/include-fixed"]
  ignore line: [ignoring nonexistent directory "/usr/lib/gcc/aarch64-linux-gnu/11/../../../../aarch64-linux-gnu/include"]
  ignore line: [#include "..." search starts here:]
  ignore line: [#include <...> search starts here:]
  ignore line: [ /usr/include/c++/11]
  ignore line: [ /usr/include/aarch64-linux-gnu/c++/11]
  ignore line: [ /usr/include/c++/11/backward]
  ignore line: [ /usr/lib/gcc/aarch64-linux-gnu/11/include]
  ignore line: [ /usr/local/include]
  ignore line: [ /usr/include/aarch64-linux-gnu]
  ignore line: [ /usr/include]
  ignore line: [End of search list.]
  ignore line: [GNU C++17 (Ubuntu 11.4.0-1ubuntu1~22.04.3) version 11.4.0 (aarch64-linux-gnu)]
  ignore line: [	compiled by GNU C version 11.4.0  GMP version 6.2.1  MPFR version 4.1.0  MPC version 1.2.1  isl version isl-0.24-GMP]
  ignore line: []
  ignore line: [GGC heuristics: --param ggc-min-expand=100 --param ggc-min-heapsize=131072]
  ignore line: [Compiler executable checksum: 1ec2e7097ef542eddc6fe6fb48e7bad4]
  ignore line: [COLLECT_GCC_OPTIONS='-v' '-o' 'CMakeFiles/cmTC_e9547.dir/CMakeCXXCompilerABI.cpp.o' '-c' '-shared-libgcc' '-mlittle-endian' '-mabi=lp64' '-dumpdir' 'CMakeFiles/cmTC_e9547.dir/']
  ignore line: [ as -v -EL -mabi=lp64 -o CMakeFiles/cmTC_e9547.dir/CMakeCXXCompilerABI.cpp.o /tmp/ccQVDh5V.s]
  ignore line: [GNU assembler version 2.38 (aarch64-linux-gnu) using BFD version (GNU Binutils for Ubuntu) 2.38]
  ignore line: [COMPILER_PATH=/usr/lib/gcc/aarch64-linux-gnu/11/:/usr/lib/gcc/aarch64-linux-gnu/11/:/usr/lib/gcc/aarch64-linux-gnu/:/usr/lib/gcc/aarch64-linux-gnu/11/:/usr/lib/gcc/aarch64-linux-gnu/]
  ignore line: [LIBRARY_PATH=/usr/lib/gcc/aarch64-linux-gnu/11/:/usr/lib/gcc/aarch64-linux-gnu/11/../../../aarch64-linux-gnu/:/usr/lib/gcc/aarch64-linux-gnu/11/../../../../lib/:/lib/aarch64-linux-gnu/:/lib/../lib/:/usr/lib/aarch64-linux-gnu/:/usr/lib/../lib/:/usr/lib/gcc/aarch64-linux-gnu/11/../../../:/lib/:/usr/lib/]
  ignore line: [COLLECT_GCC_OPTIONS='-v' '-o' 'CMakeFiles/cmTC_e9547.dir/CMakeCXXCompilerABI.cpp.o' '-c' '-shared-libgcc' '-mlittle-endian' '-mabi=lp64' '-dumpdir' 'CMakeFiles/cmTC_e9547.dir/CMakeCXXCompilerABI.cpp.']
  ignore line: [Linking CXX executable cmTC_e9547]
  ignore line: [/usr/bin/cmake -E cmake_link_script CMakeFiles/cmTC_e9547.dir/link.txt --verbose=1]
  ignore line: [/usr/bin/c++  -v CMakeFiles/cmTC_e9547.dir/CMakeCXXCompilerABI.cpp.o -o cmTC_e9547 ]
  ignore line: [Using built-in specs.]
  ignore line: [COLLECT_GCC=/usr/bin/c++]
  ignore line: [COLLECT_LTO_WRAPPER=/usr/lib/gcc/aarch64-linux-gnu/11/lto-wrapper]
  ignore line: [Target: aarch64-linux-gnu]
  ignore line: [Configured with: ../src/configure -v --with-pkgversion='Ubuntu 11.4.0-1ubuntu1~22.04.3' --with-bugurl=file:///usr/share/doc/gcc-11/README.Bugs --enable-languages=c ada c++ go d fortran objc obj-c++ m2 --prefix=/usr --with-gcc-major-version-only --program-suffix=-11 --program-prefix=aarch64-linux-gnu- --enable-shared --enable-linker-build-id --libexecdir=/usr/lib --without-included-gettext --enable-threads=posix --libdir=/usr/lib --enable-nls --enable-bootstrap --enable-clocale=gnu --enable-libstdcxx-debug --enable-libstdcxx-time=yes --with-default-libstdcxx-abi=new --enable-gnu-unique-object --disable-libquadmath --disable-libquadmath-support --enable-plugin --enable-default-pie --with-system-zlib --enable-libphobos-checking=release --with-target-system-zlib=auto --enable-objc-gc=auto --enable-multiarch --enable-fix-cortex-a53-843419 --disable-werror --enable-checking=release --build=aarch64-linux-gnu --host=aarch64-linux-gnu --target=aarch64-linux-gnu --with-build-config=bootstrap-lto-lean --enable-link-serialization=4]
  ignore line: [Thread model: posix]
  ignore line: [Supported LTO compression algorithms: zlib zstd]
  ignore line: [gcc version 11.4.0 (Ubuntu 11.4.0-1ubuntu1~22.04.3) ]
  ignore line: [COMPILER_PATH=/usr/lib/gcc/aarch64-linux-gnu/11/:/usr/lib/gcc/aarch64-linux-gnu/11/:/usr/lib/gcc/aarch64-linux-gnu/:/usr/lib/gcc/aarch64-linux-gnu/11/:/usr/lib/gcc/aarch64-linux-gnu/]
  ignore line: [LIBRARY_PATH=/usr/lib/gcc/aarch64-linux-gnu/11/:/usr/lib/gcc/aarch64-linux-gnu/11/../../../aarch64-linux-gnu/:/usr/lib/gcc/aarch64-linux-gnu/11/../../../../lib/:/lib/aarch64-linux-gnu/:/lib/../lib/:/usr/lib/aarch64-linux-gnu/:/usr/lib/../lib/:/usr/lib/gcc/aarch64-linux-gnu/11/../../../:/lib/:/usr/lib/]
  ignore line: [COLLECT_GCC_OPTIONS='-v' '-o' 'cmTC_e9547' '-shared-libgcc' '-mlittle-endian' '-mabi=lp64' '-dumpdir' 'cmTC_e9547.']
  link line: [ /usr/lib/gcc/aarch64-linux-gnu/11/collect2 -plugin /usr/lib/gcc/aarch64-linux-gnu/11/liblto_plugin.so -plugin-opt=/usr/lib/gcc/aarch64-linux-gnu/11/lto-wrapper -plugin-opt=-fresolution=/tmp/ccfzpmWM.res -plugin-opt=-pass-through=-lgcc_s -plugin-opt=-pass-through=-lgcc -plugin-opt=-pass-through=-lc -plugin-opt=-pass-through=-lgcc_s -plugin-opt=-pass-through=-lgcc --build-id --eh-frame-hdr --hash-style=gnu --as-needed -dynamic-linker /lib/ld-linux-aarch64.so.1 -X -EL -maarch64linux --fix-cortex-a53-843419 -pie -z now -z relro -o cmTC_e9547 /usr/lib/gcc/aarch64-linux-gnu/11/../../../aarch64-linux-gnu/Scrt1.o /usr/lib/gcc/aarch64-linux-gnu/11/../../../aarch64-linux-gnu/crti.o /usr/lib/gcc/aarch64-linux-gnu/11/crtbeginS.o -L/usr/lib/gcc/aarch64-linux-gnu/11 -L/usr/lib/gcc/aarch64-linux-gnu/11/../../../aarch64-linux-gnu -L/usr/lib/gcc/aarch64-linux-gnu/11/../../../../lib -L/lib/aarch64-linux-gnu -L/lib/../lib -L/usr/lib/aarch64-linux-gnu -L/usr/lib/../lib -L/usr/lib/gcc/aarch64-linux-gnu/11/../../.. CMakeFiles/cmTC_e9547.dir/CMakeCXXCompilerABI.cpp.o -lstdc++ -lm -lgcc_s -lgcc -lc -lgcc_s -lgcc /usr/lib/gcc/aarch64-linux-gnu/11/crtendS.o /usr/lib/gcc/aarch64-linux-gnu/11/../../../aarch64-linux-gnu/crtn.o]
    arg [/usr/lib/gcc/aarch64-linux-gnu/11/collect2] ==> ignore
    arg [-plugin] ==> ignore
    arg [/usr/lib/gcc/aarch64-linux-gnu/11/liblto_plugin.so] ==> ignore
    arg [-plugin-opt=/usr/lib/gcc/aarch64-linux-gnu/11/lto-wrapper] ==> ignore
    arg [-plugin-opt=-fresolution=/tmp/ccfzpmWM.res] ==> ignore
    arg [-plugin-opt=-pass-through=-lgcc_s] ==> ignore
    arg [-plugin-opt=-pass-through=-lgcc] ==> ignore
    arg [-plugin-opt=-pass-through=-lc] ==> ignore
    arg [-plugin-opt=-pass-through=-lgcc_s] ==> ignore
    arg [-plugin-opt=-pass-through=-lgcc] ==> ignore
    arg [--build-id] ==> ignore
    arg [--eh-frame-hdr] ==> ignore
    arg [--hash-style=gnu] ==> ignore
    arg [--as-needed] ==> ignore
    arg [-dynamic-linker] ==> ignore
    arg [/lib/ld-linux-aarch64.so.1] ==> ignore
    arg [-X] ==> ignore
    arg [-EL] ==> ignore
    arg [-maarch64linux] ==> ignore
    arg [--fix-cortex-a53-843419] ==> ignore
    arg [-pie] ==> ignore
    arg [-znow] ==> ignore
    arg [-zrelro] ==> ignore
    arg [-o] ==> ignore
    arg [cmTC_e9547] ==> ignore
    arg [/usr/lib/gcc/aarch64-linux-gnu/11/../../../aarch64-linux-gnu/Scrt1.o] ==> obj [/usr/lib/gcc/aarch64-linux-gnu/11/../../../aarch64-linux-gnu/Scrt1.o]
    arg [/usr/lib/gcc/aarch64-linux-gnu/11/../../../aarch64-linux-gnu/crti.o] ==> obj [/usr/lib/gcc/aarch64-linux-gnu/11/../../../aarch64-linux-gnu/crti.o]
    arg [/usr/lib/gcc/aarch64-linux-gnu/11/crtbeginS.o] ==> obj [/usr/lib/gcc/aarch64-linux-gnu/11/crtbeginS.o]
    arg [-L/usr/lib/gcc/aarch64-linux-gnu/11] ==> dir [/usr/lib/gcc/aarch64-linux-gnu/11]
    arg [-L/usr/lib/gcc/aarch64-linux-gnu/11/../../../aarch64-linux-gnu] ==> dir [/usr/lib/gcc/aarch64-linux-gnu/11/../../../aarch64-linux-gnu]
    arg [-L/usr/lib/gcc/aarch64-linux-gnu/11/../../../../lib] ==> dir [/usr/lib/gcc/aarch64-linux-gnu/11/../../../../lib]
    arg [-L/lib/aarch64-linux-gnu] ==> dir [/lib/aarch64-linux-gnu]
    arg [-L/lib/../lib] ==> dir [/lib/../lib]
    arg [-L/usr/lib/aarch64-linux-gnu] ==> dir [/usr/lib/aarch64-linux-gnu]
    arg [-L/usr/lib/../lib] ==> dir [/usr/lib/../lib]
    arg [-L/usr/lib/gcc/aarch64-linux-gnu/11/../../..] ==> dir [/usr/lib/gcc/aarch64-linux-gnu/11/../../..]
    arg [CMakeFiles/cmTC_e9547.dir/CMakeCXXCompilerABI.cpp.o] ==> ignore
    arg [-lstdc++] ==> lib [stdc++]
    arg [-lm] ==> lib [m]
    arg [-lgcc_s] ==> lib [gcc_s]
    arg [-lgcc] ==> lib [gcc]
    arg [-lc] ==> lib [c]
    arg [-lgcc_s] ==> lib [gcc_s]
    arg [-lgcc] ==> lib [gcc]
    arg [/usr/lib/gcc/aarch64-linux-gnu/11/crtendS.o] ==> obj [/usr/lib/gcc/aarch64-linux-gnu/11/crtendS.o]
    arg [/usr/lib/gcc/aarch64-linux-gnu/11/../../../aarch64-linux-gnu/crtn.o] ==> obj [/usr/lib/gcc/aarch64-linux-gnu/11/../../../aarch64-linux-gnu/crtn.o]
  collapse obj [/usr/lib/gcc/aarch64-linux-gnu/11/../../../aarch64-linux-gnu/Scrt1.o] ==> [/usr/lib/aarch64-linux-gnu/Scrt1.o]
  collapse obj [/usr/lib/gcc/aarch64-linux-gnu/11/../../../aarch64-linux-gnu/crti.o] ==> [/usr/lib/aarch64-linux-gnu/crti.o]
  collapse obj [/usr/lib/gcc/aarch64-linux-gnu/11/../../../aarch64-linux-gnu/crtn.o] ==> [/usr/lib/aarch64-linux-gnu/crtn.o]
  collapse library dir [/usr/lib/gcc/aarch64-linux-gnu/11] ==> [/usr/lib/gcc/aarch64-linux-gnu/11]
  collapse library dir [/usr/lib/gcc/aarch64-linux-gnu/11/../../../aarch64-linux-gnu] ==> [/usr/lib/aarch64-linux-gnu]
  collapse library dir [/usr/lib/gcc/aarch64-linux-gnu/11/../../../../lib] ==> [/usr/lib]
  collapse library dir [/lib/aarch64-linux-gnu] ==> [/lib/aarch64-linux-gnu]
  collapse library dir [/lib/../lib] ==> [/lib]
  collapse library dir [/usr/lib/aarch64-linux-gnu] ==> [/usr/lib/aarch64-linux-gnu]
  collapse library dir [/usr/lib/../lib] ==> [/usr/lib]
  collapse library dir [/usr/lib/gcc/aarch64-linux-gnu/11/../../..] ==> [/usr/lib]
  implicit libs: [stdc++;m;gcc_s;gcc;c;gcc_s;gcc]
  implicit objs: [/usr/lib/aarch64-linux-gnu/Scrt1.o;/usr/lib/aarch64-linux-gnu/crti.o;/usr/lib/gcc/aarch64-linux-gnu/11/crtbeginS.o;/usr/lib/gcc/aarch64-linux-gnu/11/crtendS.o;/usr/lib/aarch64-linux-gnu/crtn.o]
  implicit dirs: [/usr/lib/gcc/aarch64-linux-gnu/11;/usr/lib/aarch64-linux-gnu;/usr/lib;/lib/aarch64-linux-gnu;/lib]
  implicit fwks: []


Detecting CUDA compiler ABI info compiled with the following output:
Change Dir: /home/autopilot03/Desktop/f1tenth_test0806/f1tenth_project_repo/build/bev_processor/CMakeFiles/CMakeTmp

Run Build Command(s):/usr/bin/gmake -f Makefile cmTC_575a0/fast && /usr/bin/gmake  -f CMakeFiles/cmTC_575a0.dir/build.make CMakeFiles/cmTC_575a0.dir/build
gmake[1]: Entering directory '/home/autopilot03/Desktop/f1tenth_test0806/f1tenth_project_repo/build/bev_processor/CMakeFiles/CMakeTmp'
Building CUDA object CMakeFiles/cmTC_575a0.dir/CMakeCUDACompilerABI.cu.o
/usr/local/cuda/bin/nvcc -forward-unknown-to-host-compiler   --generate-code=arch=compute_52,code=[compute_52,sm_52]   -Xcompiler=-v -MD -MT CMakeFiles/cmTC_575a0.dir/CMakeCUDACompilerABI.cu.o -MF CMakeFiles/cmTC_575a0.dir/CMakeCUDACompilerABI.cu.o.d -x cu -c /usr/share/cmake-3.22/Modules/CMakeCUDACompilerABI.cu -o CMakeFiles/cmTC_575a0.dir/CMakeCUDACompilerABI.cu.o
Using built-in specs.
COLLECT_GCC=gcc
Target: aarch64-linux-gnu
Configured with: ../src/configure -v --with-pkgversion='Ubuntu 11.4.0-1ubuntu1~22.04.3' --with-bugurl=file:///usr/share/doc/gcc-11/README.Bugs --enable-languages=c,ada,c++,go,d,fortran,objc,obj-c++,m2 --prefix=/usr --with-gcc-major-version-only --program-suffix=-11 --program-prefix=aarch64-linux-gnu- --enable-shared --enable-linker-build-id --libexecdir=/usr/lib --without-included-gettext --enable-threads=posix --libdir=/usr/lib --enable-nls --enable-bootstrap --enable-clocale=gnu --enable-libstdcxx-debug --enable-libstdcxx-time=yes --with-default-libstdcxx-abi=new --enable-gnu-unique-object --disable-libquadmath --disable-libquadmath-support --enable-plugin --enable-default-pie --with-system-zlib --enable-libphobos-checking=release --with-target-system-zlib=auto --enable-objc-gc=auto --enable-multiarch --enable-fix-cortex-a53-843419 --disable-werror --enable-checking=release --build=aarch64-linux-gnu --host=aarch64-linux-gnu --target=aarch64-linux-gnu --with-build-config=bootstrap-lto-lean --enable-link-serialization=4
Thread model: posix
Supported LTO compression algorithms: zlib zstd
gcc version 11.4.0 (Ubuntu 11.4.0-1ubuntu1~22.04.3) 
COLLECT_GCC_OPTIONS='-D' '__CUDA_ARCH__=520' '-D' '__CUDA_ARCH_LIST__=520' '-D' '__NV_LEGACY_LAUNCH' '-E' '-D' 'CUDA_DOUBLE_MATH_FUNCTIONS' '-D' '__CUDACC__' '-D' '__NVCC__' '-v' '-I' '/usr/local/cuda/bin/../targets/aarch64-linux/include' '-D' '__CUDACC_VER_MAJOR__=12' '-D' '__CUDACC_VER_MINOR__=6' '-D' '__CUDACC_VER_BUILD__=68' '-D' '__CUDA_API_VER_MAJOR__=12' '-D' '__CUDA_API_VER_MINOR__=6' '-D' '__NVCC_DIAG_PRAGMA_SUPPORT__=1' '-include' 'cuda_runtime.h' '-o' '/tmp/tmpxft_000026be_00000000-7_CMakeCUDACompilerABI.cpp1.ii' '-mlittle-endian' '-mabi=lp64' '-dumpdir' '/tmp/'
 /usr/lib/gcc/aarch64-linux-gnu/11/cc1plus -E -quiet -v -I /usr/local/cuda/bin/../targets/aarch64-linux/include -imultiarch aarch64-linux-gnu -D_GNU_SOURCE -D __CUDA_ARCH__=520 -D __CUDA_ARCH_LIST__=520 -D __NV_LEGACY_LAUNCH -D CUDA_DOUBLE_MATH_FUNCTIONS -D __CUDACC__ -D __NVCC__ -D __CUDACC_VER_MAJOR__=12 -D __CUDACC_VER_MINOR__=6 -D __CUDACC_VER_BUILD__=68 -D __CUDA_API_VER_MAJOR__=12 -D __CUDA_API_VER_MINOR__=6 -D __NVCC_DIAG_PRAGMA_SUPPORT__=1 -include cuda_runtime.h /usr/share/cmake-3.22/Modules/CMakeCUDACompilerABI.cu -o /tmp/tmpxft_000026be_00000000-7_CMakeCUDACompilerABI.cpp1.ii -mlittle-endian -mabi=lp64 -fasynchronous-unwind-tables -fstack-protector-strong -Wformat -Wformat-security -fstack-clash-protection -dumpdir /tmp/ -dumpbase tmpxft_000026be_00000000-7_CMakeCUDACompilerABI.cpp1.cu -dumpbase-ext .cu
ignoring duplicate directory "/usr/include/aarch64-linux-gnu/c++/11"
ignoring nonexistent directory "/usr/local/include/aarch64-linux-gnu"
ignoring nonexistent directory "/usr/lib/gcc/aarch64-linux-gnu/11/include-fixed"
ignoring nonexistent directory "/usr/lib/gcc/aarch64-linux-gnu/11/../../../../aarch64-linux-gnu/include"
#include "..." search starts here:
#include <...> search starts here:
 /usr/local/cuda/bin/../targets/aarch64-linux/include
 /usr/include/c++/11
 /usr/include/aarch64-linux-gnu/c++/11
 /usr/include/c++/11/backward
 /usr/lib/gcc/aarch64-linux-gnu/11/include
 /usr/local/include
 /usr/include/aarch64-linux-gnu
 /usr/include
End of search list.
COMPILER_PATH=/usr/lib/gcc/aarch64-linux-gnu/11/:/usr/lib/gcc/aarch64-linux-gnu/11/:/usr/lib/gcc/aarch64-linux-gnu/:/usr/lib/gcc/aarch64-linux-gnu/11/:/usr/lib/gcc/aarch64-linux-gnu/
LIBRARY_PATH=/usr/lib/gcc/aarch64-linux-gnu/11/:/usr/lib/gcc/aarch64-linux-gnu/11/../../../aarch64-linux-gnu/:/usr/lib/gcc/aarch64-linux-gnu/11/../../../../lib/:/lib/aarch64-linux-gnu/:/lib/../lib/:/usr/lib/aarch64-linux-gnu/:/usr/lib/../lib/:/usr/lib/gcc/aarch64-linux-gnu/11/../../../:/lib/:/usr/lib/
COLLECT_GCC_OPTIONS='-D' '__CUDA_ARCH__=520' '-D' '__CUDA_ARCH_LIST__=520' '-D' '__NV_LEGACY_LAUNCH' '-E' '-D' 'CUDA_DOUBLE_MATH_FUNCTIONS' '-D' '__CUDACC__' '-D' '__NVCC__' '-v' '-I' '/usr/local/cuda/bin/../targets/aarch64-linux/include' '-D' '__CUDACC_VER_MAJOR__=12' '-D' '__CUDACC_VER_MINOR__=6' '-D' '__CUDACC_VER_BUILD__=68' '-D' '__CUDA_API_VER_MAJOR__=12' '-D' '__CUDA_API_VER_MINOR__=6' '-D' '__NVCC_DIAG_PRAGMA_SUPPORT__=1' '-include' 'cuda_runtime.h' '-o' '/tmp/tmpxft_000026be_00000000-7_CMakeCUDACompilerABI.cpp1.ii' '-mlittle-endian' '-mabi=lp64' '-dumpdir' '/tmp/tmpxft_000026be_00000000-7_CMakeCUDACompilerABI.cpp1.'
Using built-in specs.
COLLECT_GCC=gcc
Target: aarch64-linux-gnu
Configured with: ../src/configure -v --with-pkgversion='Ubuntu 11.4.0-1ubuntu1~22.04.3' --with-bugurl=file:///usr/share/doc/gcc-11/README.Bugs --enable-languages=c,ada,c++,go,d,fortran,objc,obj-c++,m2 --prefix=/usr --with-gcc-major-version-only --program-suffix=-11 --program-prefix=aarch64-linux-gnu- --enable-shared --enable-linker-build-id --libexecdir=/usr/lib --without-included-gettext --enable-threads=posix --libdir=/usr/lib --enable-nls --enable-bootstrap --enable-clocale=gnu --enable-libstdcxx-debug --enable-libstdcxx-time=yes --with-default-libstdcxx-abi=new --enable-gnu-unique-object --disable-libquadmath --disable-libquadmath-support --enable-plugin --enable-default-pie --with-system-zlib --enable-libphobos-checking=release --with-target-system-zlib=auto --enable-objc-gc=auto --enable-multiarch --enable-fix-cortex-a53-843419 --disable-werror --enable-checking=release --build=aarch64-linux-gnu --host=aarch64-linux-gnu --target=aarch64-linux-gnu --with-build-config=bootstrap-lto-lean --enable-link-serialization=4
Thread model: posix
Supported LTO compression algorithms: zlib zstd
gcc version 11.4.0 (Ubuntu 11.4.0-1ubuntu1~22.04.3) 
COLLECT_GCC_OPTIONS='-D' '__CUDA_ARCH_LIST__=520' '-D' '__NV_LEGACY_LAUNCH' '-E' '-D' '__CUDACC__' '-D' '__NVCC__' '-v' '-I' '/usr/local/cuda/bin/../targets/aarch64-linux/include' '-D' '__CUDACC_VER_MAJOR__=12' '-D' '__CUDACC_VER_MINOR__=6' '-D' '__CUDACC_VER_BUILD__=68' '-D' '__CUDA_API_VER_MAJOR__=12' '-D' '__CUDA_API_VER_MINOR__=6' '-D' '__NVCC_DIAG_PRAGMA_SUPPORT__=1' '-include' 'cuda_runtime.h' '-o' '/tmp/tmpxft_000026be_00000000-5_CMakeCUDACompilerABI.cpp4.ii' '-mlittle-endian' '-mabi=lp64' '-dumpdir' '/tmp/'
 /usr/lib/gcc/aarch64-linux-gnu/11/cc1plus -E -quiet -v -I /usr/local/cuda/bin/../targets/aarch64-linux/include -imultiarch aarch64-linux-gnu -D_GNU_SOURCE -D __CUDA_ARCH_LIST__=520 -D __NV_LEGACY_LAUNCH -D __CUDACC__ -D __NVCC__ -D __CUDACC_VER_MAJOR__=12 -D __CUDACC_VER_MINOR__=6 -D __CUDACC_VER_BUILD__=68 -D __CUDA_API_VER_MAJOR__=12 -D __CUDA_API_VER_MINOR__=6 -D __NVCC_DIAG_PRAGMA_SUPPORT__=1 -include cuda_runtime.h /usr/share/cmake-3.22/Modules/CMakeCUDACompilerABI.cu -o /tmp/tmpxft_000026be_00000000-5_CMakeCUDACompilerABI.cpp4.ii -mlittle-endian -mabi=lp64 -fasynchronous-unwind-tables -fstack-protector-strong -Wformat -Wformat-security -fstack-clash-protection -dumpdir /tmp/ -dumpbase tmpxft_000026be_00000000-5_CMakeCUDACompilerABI.cpp4.cu -dumpbase-ext .cu
ignoring duplicate directory "/usr/include/aarch64-linux-gnu/c++/11"
ignoring nonexistent directory "/usr/local/include/aarch64-linux-gnu"
ignoring nonexistent directory "/usr/lib/gcc/aarch64-linux-gnu/11/include-fixed"
ignoring nonexistent directory "/usr/lib/gcc/aarch64-linux-gnu/11/../../../../aarch64-linux-gnu/include"
#include "..." search starts here:
#include <...> search starts here:
 /usr/local/cuda/bin/../targets/aarch64-linux/include
 /usr/include/c++/11
 /usr/include/aarch64-linux-gnu/c++/11
 /usr/include/c++/11/backward
 /usr/lib/gcc/aarch64-linux-gnu/11/include
 /usr/local/include
 /usr/include/aarch64-linux-gnu
 /usr/include
End of search list.
COMPILER_PATH=/usr/lib/gcc/aarch64-linux-gnu/11/:/usr/lib/gcc/aarch64-linux-gnu/11/:/usr/lib/gcc/aarch64-linux-gnu/:/usr/lib/gcc/aarch64-linux-gnu/11/:/usr/lib/gcc/aarch64-linux-gnu/
LIBRARY_PATH=/usr/lib/gcc/aarch64-linux-gnu/11/:/usr/lib/gcc/aarch64-linux-gnu/11/../../../aarch64-linux-gnu/:/usr/lib/gcc/aarch64-linux-gnu/11/../../../../lib/:/lib/aarch64-linux-gnu/:/lib/../lib/:/usr/lib/aarch64-linux-gnu/:/usr/lib/../lib/:/usr/lib/gcc/aarch64-linux-gnu/11/../../../:/lib/:/usr/lib/
COLLECT_GCC_OPTIONS='-D' '__CUDA_ARCH_LIST__=520' '-D' '__NV_LEGACY_LAUNCH' '-E' '-D' '__CUDACC__' '-D' '__NVCC__' '-v' '-I' '/usr/local/cuda/bin/../targets/aarch64-linux/include' '-D' '__CUDACC_VER_MAJOR__=12' '-D' '__CUDACC_VER_MINOR__=6' '-D' '__CUDACC_VER_BUILD__=68' '-D' '__CUDA_API_VER_MAJOR__=12' '-D' '__CUDA_API_VER_MINOR__=6' '-D' '__NVCC_DIAG_PRAGMA_SUPPORT__=1' '-include' 'cuda_runtime.h' '-o' '/tmp/tmpxft_000026be_00000000-5_CMakeCUDACompilerABI.cpp4.ii' '-mlittle-endian' '-mabi=lp64' '-dumpdir' '/tmp/tmpxft_000026be_00000000-5_CMakeCUDACompilerABI.cpp4.'
Using built-in specs.
COLLECT_GCC=gcc
Target: aarch64-linux-gnu
Configured with: ../src/configure -v --with-pkgversion='Ubuntu 11.4.0-1ubuntu1~22.04.3' --with-bugurl=file:///usr/share/doc/gcc-11/README.Bugs --enable-languages=c,ada,c++,go,d,fortran,objc,obj-c++,m2 --prefix=/usr --with-gcc-major-version-only --program-suffix=-11 --program-prefix=aarch64-linux-gnu- --enable-shared --enable-linker-build-id --libexecdir=/usr/lib --without-included-gettext --enable-threads=posix --libdir=/usr/lib --enable-nls --enable-bootstrap --enable-clocale=gnu --enable-libstdcxx-debug --enable-libstdcxx-time=yes --with-default-libstdcxx-abi=new --enable-gnu-unique-object --disable-libquadmath --disable-libquadmath-support --enable-plugin --enable-default-pie --with-system-zlib --enable-libphobos-checking=release --with-target-system-zlib=auto --enable-objc-gc=auto --enable-multiarch --enable-fix-cortex-a53-843419 --disable-werror --enable-checking=release --build=aarch64-linux-gnu --host=aarch64-linux-gnu --target=aarch64-linux-gnu --with-build-config=bootstrap-lto-lean --enable-link-serialization=4
Thread model: posix
Supported LTO compression algorithms: zlib zstd
gcc version 11.4.0 (Ubuntu 11.4.0-1ubuntu1~22.04.3) 
COLLECT_GCC_OPTIONS='-D' '__CUDA_ARCH__=520' '-D' '__CUDA_ARCH_LIST__=520' '-D' '__NV_LEGACY_LAUNCH' '-c' '-D' 'CUDA_DOUBLE_MATH_FUNCTIONS' '-v' '-Wno-psabi' '-I' '/usr/local/cuda/bin/../targets/aarch64-linux/include' '-o' 'CMakeFiles/cmTC_575a0.dir/CMakeCUDACompilerABI.cu.o' '-mlittle-endian' '-mabi=lp64' '-dumpdir' 'CMakeFiles/cmTC_575a0.dir/'
 /usr/lib/gcc/aarch64-linux-gnu/11/cc1plus -quiet -v -I /usr/local/cuda/bin/../targets/aarch64-linux/include -imultiarch aarch64-linux-gnu -D_GNU_SOURCE -D __CUDA_ARCH__=520 -D __CUDA_ARCH_LIST__=520 -D __NV_LEGACY_LAUNCH -D CUDA_DOUBLE_MATH_FUNCTIONS /tmp/tmpxft_000026be_00000000-6_CMakeCUDACompilerABI.cudafe1.cpp -quiet -dumpdir CMakeFiles/cmTC_575a0.dir/ -dumpbase CMakeCUDACompilerABI.cu.cpp -dumpbase-ext .cpp -mlittle-endian -mabi=lp64 -Wno-psabi -version -fasynchronous-unwind-tables -fstack-protector-strong -Wformat -Wformat-security -fstack-clash-protection -o /tmp/ccrfsnAR.s
GNU C++17 (Ubuntu 11.4.0-1ubuntu1~22.04.3) version 11.4.0 (aarch64-linux-gnu)
	compiled by GNU C version 11.4.0, GMP version 6.2.1, MPFR version 4.1.0, MPC version 1.2.1, isl version isl-0.24-GMP

GGC heuristics: --param ggc-min-expand=100 --param ggc-min-heapsize=131072
ignoring duplicate directory "/usr/include/aarch64-linux-gnu/c++/11"
ignoring nonexistent directory "/usr/local/include/aarch64-linux-gnu"
ignoring nonexistent directory "/usr/lib/gcc/aarch64-linux-gnu/11/include-fixed"
ignoring nonexistent directory "/usr/lib/gcc/aarch64-linux-gnu/11/../../../../aarch64-linux-gnu/include"
#include "..." search starts here:
#include <...> search starts here:
 /usr/local/cuda/bin/../targets/aarch64-linux/include
 /usr/include/c++/11
 /usr/include/aarch64-linux-gnu/c++/11
 /usr/include/c++/11/backward
 /usr/lib/gcc/aarch64-linux-gnu/11/include
 /usr/local/include
 /usr/include/aarch64-linux-gnu
 /usr/include
End of search list.
GNU C++17 (Ubuntu 11.4.0-1ubuntu1~22.04.3) version 11.4.0 (aarch64-linux-gnu)
	compiled by GNU C version 11.4.0, GMP version 6.2.1, MPFR version 4.1.0, MPC version 1.2.1, isl version isl-0.24-GMP

GGC heuristics: --param ggc-min-expand=100 --param ggc-min-heapsize=131072
Compiler executable checksum: 1ec2e7097ef542eddc6fe6fb48e7bad4
COLLECT_GCC_OPTIONS='-D' '__CUDA_ARCH__=520' '-D' '__CUDA_ARCH_LIST__=520' '-D' '__NV_LEGACY_LAUNCH' '-c' '-D' 'CUDA_DOUBLE_MATH_FUNCTIONS' '-v' '-Wno-psabi' '-I' '/usr/local/cuda/bin/../targets/aarch64-linux/include' '-o' 'CMakeFiles/cmTC_575a0.dir/CMakeCUDACompilerABI.cu.o' '-mlittle-endian' '-mabi=lp64' '-dumpdir' 'CMakeFiles/cmTC_575a0.dir/'
 as -v -I /usr/local/cuda/bin/../targets/aarch64-linux/include -EL -mabi=lp64 -o CMakeFiles/cmTC_575a0.dir/CMakeCUDACompilerABI.cu.o /tmp/ccrfsnAR.s
GNU assembler version 2.38 (aarch64-linux-gnu) using BFD version (GNU Binutils for Ubuntu) 2.38
COMPILER_PATH=/usr/lib/gcc/aarch64-linux-gnu/11/:/usr/lib/gcc/aarch64-linux-gnu/11/:/usr/lib/gcc/aarch64-linux-gnu/:/usr/lib/gcc/aarch64-linux-gnu/11/:/usr/lib/gcc/aarch64-linux-gnu/
LIBRARY_PATH=/usr/lib/gcc/aarch64-linux-gnu/11/:/usr/lib/gcc/aarch64-linux-gnu/11/../../../aarch64-linux-gnu/:/usr/lib/gcc/aarch64-linux-gnu/11/../../../../lib/:/lib/aarch64-linux-gnu/:/lib/../lib/:/usr/lib/aarch64-linux-gnu/:/usr/lib/../lib/:/usr/lib/gcc/aarch64-linux-gnu/11/../../../:/lib/:/usr/lib/
COLLECT_GCC_OPTIONS='-D' '__CUDA_ARCH__=520' '-D' '__CUDA_ARCH_LIST__=520' '-D' '__NV_LEGACY_LAUNCH' '-c' '-D' 'CUDA_DOUBLE_MATH_FUNCTIONS' '-v' '-Wno-psabi' '-I' '/usr/local/cuda/bin/../targets/aarch64-linux/include' '-o' 'CMakeFiles/cmTC_575a0.dir/CMakeCUDACompilerABI.cu.o' '-mlittle-endian' '-mabi=lp64' '-dumpdir' 'CMakeFiles/cmTC_575a0.dir/CMakeCUDACompilerABI.cu.'
Linking CUDA executable cmTC_575a0
/usr/bin/cmake -E cmake_link_script CMakeFiles/cmTC_575a0.dir/link.txt --verbose=1
/usr/bin/g++  -v CMakeFiles/cmTC_575a0.dir/CMakeCUDACompilerABI.cu.o -o cmTC_575a0  -lcudadevrt -lcudart_static -lrt -lpthread -ldl  -L"/usr/local/cuda/targets/aarch64-linux/lib/stubs" -L"/usr/local/cuda/targets/aarch64-linux/lib"
Using built-in specs.
COLLECT_GCC=/usr/bin/g++
COLLECT_LTO_WRAPPER=/usr/lib/gcc/aarch64-linux-gnu/11/lto-wrapper
Target: aarch64-linux-gnu
Configured with: ../src/configure -v --with-pkgversion='Ubuntu 11.4.0-1ubuntu1~22.04.3' --with-bugurl=file:///usr/share/doc/gcc-11/README.Bugs --enable-languages=c,ada,c++,go,d,fortran,objc,obj-c++,m2 --prefix=/usr --with-gcc-major-version-only --program-suffix=-11 --program-prefix=aarch64-linux-gnu- --enable-shared --enable-linker-build-id --libexecdir=/usr/lib --without-included-gettext --enable-threads=posix --libdir=/usr/lib --enable-nls --enable-bootstrap --enable-clocale=gnu --enable-libstdcxx-debug --enable-libstdcxx-time=yes --with-default-libstdcxx-abi=new --enable-gnu-unique-object --disable-libquadmath --disable-libquadmath-support --enable-plugin --enable-default-pie --with-system-zlib --enable-libphobos-checking=release --with-target-system-zlib=auto --enable-objc-gc=auto --enable-multiarch --enable-fix-cortex-a53-843419 --disable-werror --enable-checking=release --build=aarch64-linux-gnu --host=aarch64-linux-gnu --target=aarch64-linux-gnu --with-build-config=bootstrap-lto-lean --enable-link-serialization=4
Thread model: posix
Supported LTO compression algorithms: zlib zstd
gcc version 11.4.0 (Ubuntu 11.4.0-1ubuntu1~22.04.3) 
COMPILER_PATH=/usr/lib/gcc/aarch64-linux-gnu/11/:/usr/lib/gcc/aarch64-linux-gnu/11/:/usr/lib/gcc/aarch64-linux-gnu/:/usr/lib/gcc/aarch64-linux-gnu/11/:/usr/lib/gcc/aarch64-linux-gnu/
LIBRARY_PATH=/usr/lib/gcc/aarch64-linux-gnu/11/:/usr/lib/gcc/aarch64-linux-gnu/11/../../../aarch64-linux-gnu/:/usr/lib/gcc/aarch64-linux-gnu/11/../../../../lib/:/lib/aarch64-linux-gnu/:/lib/../lib/:/usr/lib/aarch64-linux-gnu/:/usr/lib/../lib/:/usr/lib/gcc/aarch64-linux-gnu/11/../../../:/lib/:/usr/lib/
COLLECT_GCC_OPTIONS='-v' '-o' 'cmTC_575a0' '-L/usr/local/cuda/targets/aarch64-linux/lib/stubs' '-L/usr/local/cuda/targets/aarch64-linux/lib' '-shared-libgcc' '-mlittle-endian' '-mabi=lp64' '-dumpdir' 'cmTC_575a0.'
 /usr/lib/gcc/aarch64-linux-gnu/11/collect2 -plugin /usr/lib/gcc/aarch64-linux-gnu/11/liblto_plugin.so -plugin-opt=/usr/lib/gcc/aarch64-linux-gnu/11/lto-wrapper -plugin-opt=-fresolution=/tmp/ccf7Cqpk.res -plugin-opt=-pass-through=-lgcc_s -plugin-opt=-pass-through=-lgcc -plugin-opt=-pass-through=-lc -plugin-opt=-pass-through=-lgcc_s -plugin-opt=-pass-through=-lgcc --build-id --eh-frame-hdr --hash-style=gnu --as-needed -dynamic-linker /lib/ld-linux-aarch64.so.1 -X -EL -maarch64linux --fix-cortex-a53-843419 -pie -z now -z relro -o cmTC_575a0 /usr/lib/gcc/aarch64-linux-gnu/11/../../../aarch64-linux-gnu/Scrt1.o /usr/lib/gcc/aarch64-linux-gnu/11/../../../aarch64-linux-gnu/crti.o /usr/lib/gcc/aarch64-linux-gnu/11/crtbeginS.o -L/usr/local/cuda/targets/aarch64-linux/lib/stubs -L/usr/local/cuda/targets/aarch64-linux/lib -L/usr/lib/gcc/aarch64-linux-gnu/11 -L/usr/lib/gcc/aarch64-linux-gnu/11/../../../aarch64-linux-gnu -L/usr/lib/gcc/aarch64-linux-gnu/11/../../../../lib -L/lib/aarch64-linux-gnu -L/lib/../lib -L/usr/lib/aarch64-linux-gnu -L/usr/lib/../lib -L/usr/lib/gcc/aarch64-linux-gnu/11/../../.. CMakeFiles/cmTC_575a0.dir/CMakeCUDACompilerABI.cu.o -lcudadevrt -lcudart_static -lrt -lpthread -ldl -lstdc++ -lm -lgcc_s -lgcc -lc -lgcc_s -lgcc /usr/lib/gcc/aarch64-linux-gnu/11/crtendS.o /usr/lib/gcc/aarch64-linux-gnu/11/../../../aarch64-linux-gnu/crtn.o
COLLECT_GCC_OPTIONS='-v' '-o' 'cmTC_575a0' '-L/usr/local/cuda/targets/aarch64-linux/lib/stubs' '-L/usr/local/cuda/targets/aarch64-linux/lib' '-shared-libgcc' '-mlittle-endian' '-mabi=lp64' '-dumpdir' 'cmTC_575a0.'
gmake[1]: Leaving directory '/home/autopilot03/Desktop/f1tenth_test0806/f1tenth_project_repo/build/bev_processor/CMakeFiles/CMakeTmp'



Parsed CUDA implicit include dir info from above output: rv=done
  found start of include info
  found start of implicit include info
    add: [/usr/local/cuda/bin/../targets/aarch64-linux/include]
    add: [/usr/include/c++/11]
    add: [/usr/include/aarch64-linux-gnu/c++/11]
    add: [/usr/include/c++/11/backward]
    add: [/usr/lib/gcc/aarch64-linux-gnu/11/include]
    add: [/usr/local/include]
    add: [/usr/include/aarch64-linux-gnu]
    add: [/usr/include]
  end of search list found
  collapse include dir [/usr/local/cuda/bin/../targets/aarch64-linux/include] ==> [/usr/local/cuda/targets/aarch64-linux/include]
  collapse include dir [/usr/include/c++/11] ==> [/usr/include/c++/11]
  collapse include dir [/usr/include/aarch64-linux-gnu/c++/11] ==> [/usr/include/aarch64-linux-gnu/c++/11]
  collapse include dir [/usr/include/c++/11/backward] ==> [/usr/include/c++/11/backward]
  collapse include dir [/usr/lib/gcc/aarch64-linux-gnu/11/include] ==> [/usr/lib/gcc/aarch64-linux-gnu/11/include]
  collapse include dir [/usr/local/include] ==> [/usr/local/include]
  collapse include dir [/usr/include/aarch64-linux-gnu] ==> [/usr/include/aarch64-linux-gnu]
  collapse include dir [/usr/include] ==> [/usr/include]
  implicit include dirs: [/usr/local/cuda/targets/aarch64-linux/include;/usr/include/c++/11;/usr/include/aarch64-linux-gnu/c++/11;/usr/include/c++/11/backward;/usr/lib/gcc/aarch64-linux-gnu/11/include;/usr/local/include;/usr/include/aarch64-linux-gnu;/usr/include]


Parsed CUDA implicit link information from above output:
  link line regex: [^( *|.*[/\])(ld|CMAKE_LINK_STARTFILE-NOTFOUND|([^/\]+-)?ld|collect2)[^/\]*( |$)]
  ignore line: [Change Dir: /home/autopilot03/Desktop/f1tenth_test0806/f1tenth_project_repo/build/bev_processor/CMakeFiles/CMakeTmp]
  ignore line: []
  ignore line: [Run Build Command(s):/usr/bin/gmake -f Makefile cmTC_575a0/fast && /usr/bin/gmake  -f CMakeFiles/cmTC_575a0.dir/build.make CMakeFiles/cmTC_575a0.dir/build]
  ignore line: [gmake[1]: Entering directory '/home/autopilot03/Desktop/f1tenth_test0806/f1tenth_project_repo/build/bev_processor/CMakeFiles/CMakeTmp']
  ignore line: [Building CUDA object CMakeFiles/cmTC_575a0.dir/CMakeCUDACompilerABI.cu.o]
  ignore line: [/usr/local/cuda/bin/nvcc -forward-unknown-to-host-compiler   --generate-code=arch=compute_52 code=[compute_52 sm_52]   -Xcompiler=-v -MD -MT CMakeFiles/cmTC_575a0.dir/CMakeCUDACompilerABI.cu.o -MF CMakeFiles/cmTC_575a0.dir/CMakeCUDACompilerABI.cu.o.d -x cu -c /usr/share/cmake-3.22/Modules/CMakeCUDACompilerABI.cu -o CMakeFiles/cmTC_575a0.dir/CMakeCUDACompilerABI.cu.o]
  ignore line: [Using built-in specs.]
  ignore line: [COLLECT_GCC=gcc]
  ignore line: [Target: aarch64-linux-gnu]
  ignore line: [Configured with: ../src/configure -v --with-pkgversion='Ubuntu 11.4.0-1ubuntu1~22.04.3' --with-bugurl=file:///usr/share/doc/gcc-11/README.Bugs --enable-languages=c ada c++ go d fortran objc obj-c++ m2 --prefix=/usr --with-gcc-major-version-only --program-suffix=-11 --program-prefix=aarch64-linux-gnu- --enable-shared --enable-linker-build-id --libexecdir=/usr/lib --without-included-gettext --enable-threads=posix --libdir=/usr/lib --enable-nls --enable-bootstrap --enable-clocale=gnu --enable-libstdcxx-debug --enable-libstdcxx-time=yes --with-default-libstdcxx-abi=new --enable-gnu-unique-object --disable-libquadmath --disable-libquadmath-support --enable-plugin --enable-default-pie --with-system-zlib --enable-libphobos-checking=release --with-target-system-zlib=auto --enable-objc-gc=auto --enable-multiarch --enable-fix-cortex-a53-843419 --disable-werror --enable-checking=release --build=aarch64-linux-gnu --host=aarch64-linux-gnu --target=aarch64-linux-gnu --with-build-config=bootstrap-lto-lean --enable-link-serialization=4]
  ignore line: [Thread model: posix]
  ignore line: [Supported LTO compression algorithms: zlib zstd]
  ignore line: [gcc version 11.4.0 (Ubuntu 11.4.0-1ubuntu1~22.04.3) ]
  ignore line: [COLLECT_GCC_OPTIONS='-D' '__CUDA_ARCH__=520' '-D' '__CUDA_ARCH_LIST__=520' '-D' '__NV_LEGACY_LAUNCH' '-E' '-D' 'CUDA_DOUBLE_MATH_FUNCTIONS' '-D' '__CUDACC__' '-D' '__NVCC__' '-v' '-I' '/usr/local/cuda/bin/../targets/aarch64-linux/include' '-D' '__CUDACC_VER_MAJOR__=12' '-D' '__CUDACC_VER_MINOR__=6' '-D' '__CUDACC_VER_BUILD__=68' '-D' '__CUDA_API_VER_MAJOR__=12' '-D' '__CUDA_API_VER_MINOR__=6' '-D' '__NVCC_DIAG_PRAGMA_SUPPORT__=1' '-include' 'cuda_runtime.h' '-o' '/tmp/tmpxft_000026be_00000000-7_CMakeCUDACompilerABI.cpp1.ii' '-mlittle-endian' '-mabi=lp64' '-dumpdir' '/tmp/']
  ignore line: [ /usr/lib/gcc/aarch64-linux-gnu/11/cc1plus -E -quiet -v -I /usr/local/cuda/bin/../targets/aarch64-linux/include -imultiarch aarch64-linux-gnu -D_GNU_SOURCE -D __CUDA_ARCH__=520 -D __CUDA_ARCH_LIST__=520 -D __NV_LEGACY_LAUNCH -D CUDA_DOUBLE_MATH_FUNCTIONS -D __CUDACC__ -D __NVCC__ -D __CUDACC_VER_MAJOR__=12 -D __CUDACC_VER_MINOR__=6 -D __CUDACC_VER_BUILD__=68 -D __CUDA_API_VER_MAJOR__=12 -D __CUDA_API_VER_MINOR__=6 -D __NVCC_DIAG_PRAGMA_SUPPORT__=1 -include cuda_runtime.h /usr/share/cmake-3.22/Modules/CMakeCUDACompilerABI.cu -o /tmp/tmpxft_000026be_00000000-7_CMakeCUDACompilerABI.cpp1.ii -mlittle-endian -mabi=lp64 -fasynchronous-unwind-tables -fstack-protector-strong -Wformat -Wformat-security -fstack-clash-protection -dumpdir /tmp/ -dumpbase tmpxft_000026be_00000000-7_CMakeCUDACompilerABI.cpp1.cu -dumpbase-ext .cu]
  ignore line: [ignoring duplicate directory "/usr/include/aarch64-linux-gnu/c++/11"]
  ignore line: [ignoring nonexistent directory "/usr/local/include/aarch64-linux-gnu"]
  ignore line: [ignoring nonexistent directory "/usr/lib/gcc/aarch64-linux-gnu/11/include-fixed"]
  ignore line: [ignoring nonexistent directory "/usr/lib/gcc/aarch64-linux-gnu/11/../../../../aarch64-linux-gnu/include"]
  ignore line: [#include "..." search starts here:]
  ignore line: [#include <...> search starts here:]
  ignore line: [ /usr/local/cuda/bin/../targets/aarch64-linux/include]
  ignore line: [ /usr/include/c++/11]
  ignore line: [ /usr/include/aarch64-linux-gnu/c++/11]
  ignore line: [ /usr/include/c++/11/backward]
  ignore line: [ /usr/lib/gcc/aarch64-linux-gnu/11/include]
  ignore line: [ /usr/local/include]
  ignore line: [ /usr/include/aarch64-linux-gnu]
  ignore line: [ /usr/include]
  ignore line: [End of search list.]
  ignore line: [COMPILER_PATH=/usr/lib/gcc/aarch64-linux-gnu/11/:/usr/lib/gcc/aarch64-linux-gnu/11/:/usr/lib/gcc/aarch64-linux-gnu/:/usr/lib/gcc/aarch64-linux-gnu/11/:/usr/lib/gcc/aarch64-linux-gnu/]
  ignore line: [LIBRARY_PATH=/usr/lib/gcc/aarch64-linux-gnu/11/:/usr/lib/gcc/aarch64-linux-gnu/11/../../../aarch64-linux-gnu/:/usr/lib/gcc/aarch64-linux-gnu/11/../../../../lib/:/lib/aarch64-linux-gnu/:/lib/../lib/:/usr/lib/aarch64-linux-gnu/:/usr/lib/../lib/:/usr/lib/gcc/aarch64-linux-gnu/11/../../../:/lib/:/usr/lib/]
  ignore line: [COLLECT_GCC_OPTIONS='-D' '__CUDA_ARCH__=520' '-D' '__CUDA_ARCH_LIST__=520' '-D' '__NV_LEGACY_LAUNCH' '-E' '-D' 'CUDA_DOUBLE_MATH_FUNCTIONS' '-D' '__CUDACC__' '-D' '__NVCC__' '-v' '-I' '/usr/local/cuda/bin/../targets/aarch64-linux/include' '-D' '__CUDACC_VER_MAJOR__=12' '-D' '__CUDACC_VER_MINOR__=6' '-D' '__CUDACC_VER_BUILD__=68' '-D' '__CUDA_API_VER_MAJOR__=12' '-D' '__CUDA_API_VER_MINOR__=6' '-D' '__NVCC_DIAG_PRAGMA_SUPPORT__=1' '-include' 'cuda_runtime.h' '-o' '/tmp/tmpxft_000026be_00000000-7_CMakeCUDACompilerABI.cpp1.ii' '-mlittle-endian' '-mabi=lp64' '-dumpdir' '/tmp/tmpxft_000026be_00000000-7_CMakeCUDACompilerABI.cpp1.']
  ignore line: [Using built-in specs.]
  ignore line: [COLLECT_GCC=gcc]
  ignore line: [Target: aarch64-linux-gnu]
  ignore line: [Configured with: ../src/configure -v --with-pkgversion='Ubuntu 11.4.0-1ubuntu1~22.04.3' --with-bugurl=file:///usr/share/doc/gcc-11/README.Bugs --enable-languages=c ada c++ go d fortran objc obj-c++ m2 --prefix=/usr --with-gcc-major-version-only --program-suffix=-11 --program-prefix=aarch64-linux-gnu- --enable-shared --enable-linker-build-id --libexecdir=/usr/lib --without-included-gettext --enable-threads=posix --libdir=/usr/lib --enable-nls --enable-bootstrap --enable-clocale=gnu --enable-libstdcxx-debug --enable-libstdcxx-time=yes --with-default-libstdcxx-abi=new --enable-gnu-unique-object --disable-libquadmath --disable-libquadmath-support --enable-plugin --enable-default-pie --with-system-zlib --enable-libphobos-checking=release --with-target-system-zlib=auto --enable-objc-gc=auto --enable-multiarch --enable-fix-cortex-a53-843419 --disable-werror --enable-checking=release --build=aarch64-linux-gnu --host=aarch64-linux-gnu --target=aarch64-linux-gnu --with-build-config=bootstrap-lto-lean --enable-link-serialization=4]
  ignore line: [Thread model: posix]
  ignore line: [Supported LTO compression algorithms: zlib zstd]
  ignore line: [gcc version 11.4.0 (Ubuntu 11.4.0-1ubuntu1~22.04.3) ]
  ignore line: [COLLECT_GCC_OPTIONS='-D' '__CUDA_ARCH_LIST__=520' '-D' '__NV_LEGACY_LAUNCH' '-E' '-D' '__CUDACC__' '-D' '__NVCC__' '-v' '-I' '/usr/local/cuda/bin/../targets/aarch64-linux/include' '-D' '__CUDACC_VER_MAJOR__=12' '-D' '__CUDACC_VER_MINOR__=6' '-D' '__CUDACC_VER_BUILD__=68' '-D' '__CUDA_API_VER_MAJOR__=12' '-D' '__CUDA_API_VER_MINOR__=6' '-D' '__NVCC_DIAG_PRAGMA_SUPPORT__=1' '-include' 'cuda_runtime.h' '-o' '/tmp/tmpxft_000026be_00000000-5_CMakeCUDACompilerABI.cpp4.ii' '-mlittle-endian' '-mabi=lp64' '-dumpdir' '/tmp/']
  ignore line: [ /usr/lib/gcc/aarch64-linux-gnu/11/cc1plus -E -quiet -v -I /usr/local/cuda/bin/../targets/aarch64-linux/include -imultiarch aarch64-linux-gnu -D_GNU_SOURCE -D __CUDA_ARCH_LIST__=520 -D __NV_LEGACY_LAUNCH -D __CUDACC__ -D __NVCC__ -D __CUDACC_VER_MAJOR__=12 -D __CUDACC_VER_MINOR__=6 -D __CUDACC_VER_BUILD__=68 -D __CUDA_API_VER_MAJOR__=12 -D __CUDA_API_VER_MINOR__=6 -D __NVCC_DIAG_PRAGMA_SUPPORT__=1 -include cuda_runtime.h /usr/share/cmake-3.22/Modules/CMakeCUDACompilerABI.cu -o /tmp/tmpxft_000026be_00000000-5_CMakeCUDACompilerABI.cpp4.ii -mlittle-endian -mabi=lp64 -fasynchronous-unwind-tables -fstack-protector-strong -Wformat -Wformat-security -fstack-clash-protection -dumpdir /tmp/ -dumpbase tmpxft_000026be_00000000-5_CMakeCUDACompilerABI.cpp4.cu -dumpbase-ext .cu]
  ignore line: [ignoring duplicate directory "/usr/include/aarch64-linux-gnu/c++/11"]
  ignore line: [ignoring nonexistent directory "/usr/local/include/aarch64-linux-gnu"]
  ignore line: [ignoring nonexistent directory "/usr/lib/gcc/aarch64-linux-gnu/11/include-fixed"]
  ignore line: [ignoring nonexistent directory "/usr/lib/gcc/aarch64-linux-gnu/11/../../../../aarch64-linux-gnu/include"]
  ignore line: [#include "..." search starts here:]
  ignore line: [#include <...> search starts here:]
  ignore line: [ /usr/local/cuda/bin/../targets/aarch64-linux/include]
  ignore line: [ /usr/include/c++/11]
  ignore line: [ /usr/include/aarch64-linux-gnu/c++/11]
  ignore line: [ /usr/include/c++/11/backward]
  ignore line: [ /usr/lib/gcc/aarch64-linux-gnu/11/include]
  ignore line: [ /usr/local/include]
  ignore line: [ /usr/include/aarch64-linux-gnu]
  ignore line: [ /usr/include]
  ignore line: [End of search list.]
  ignore line: [COMPILER_PATH=/usr/lib/gcc/aarch64-linux-gnu/11/:/usr/lib/gcc/aarch64-linux-gnu/11/:/usr/lib/gcc/aarch64-linux-gnu/:/usr/lib/gcc/aarch64-linux-gnu/11/:/usr/lib/gcc/aarch64-linux-gnu/]
  ignore line: [LIBRARY_PATH=/usr/lib/gcc/aarch64-linux-gnu/11/:/usr/lib/gcc/aarch64-linux-gnu/11/../../../aarch64-linux-gnu/:/usr/lib/gcc/aarch64-linux-gnu/11/../../../../lib/:/lib/aarch64-linux-gnu/:/lib/../lib/:/usr/lib/aarch64-linux-gnu/:/usr/lib/../lib/:/usr/lib/gcc/aarch64-linux-gnu/11/../../../:/lib/:/usr/lib/]
  ignore line: [COLLECT_GCC_OPTIONS='-D' '__CUDA_ARCH_LIST__=520' '-D' '__NV_LEGACY_LAUNCH' '-E' '-D' '__CUDACC__' '-D' '__NVCC__' '-v' '-I' '/usr/local/cuda/bin/../targets/aarch64-linux/include' '-D' '__CUDACC_VER_MAJOR__=12' '-D' '__CUDACC_VER_MINOR__=6' '-D' '__CUDACC_VER_BUILD__=68' '-D' '__CUDA_API_VER_MAJOR__=12' '-D' '__CUDA_API_VER_MINOR__=6' '-D' '__NVCC_DIAG_PRAGMA_SUPPORT__=1' '-include' 'cuda_runtime.h' '-o' '/tmp/tmpxft_000026be_00000000-5_CMakeCUDACompilerABI.cpp4.ii' '-mlittle-endian' '-mabi=lp64' '-dumpdir' '/tmp/tmpxft_000026be_00000000-5_CMakeCUDACompilerABI.cpp4.']
  ignore line: [Using built-in specs.]
  ignore line: [COLLECT_GCC=gcc]
  ignore line: [Target: aarch64-linux-gnu]
  ignore line: [Configured with: ../src/configure -v --with-pkgversion='Ubuntu 11.4.0-1ubuntu1~22.04.3' --with-bugurl=file:///usr/share/doc/gcc-11/README.Bugs --enable-languages=c ada c++ go d fortran objc obj-c++ m2 --prefix=/usr --with-gcc-major-version-only --program-suffix=-11 --program-prefix=aarch64-linux-gnu- --enable-shared --enable-linker-build-id --libexecdir=/usr/lib --without-included-gettext --enable-threads=posix --libdir=/usr/lib --enable-nls --enable-bootstrap --enable-clocale=gnu --enable-libstdcxx-debug --enable-libstdcxx-time=yes --with-default-libstdcxx-abi=new --enable-gnu-unique-object --disable-libquadmath --disable-libquadmath-support --enable-plugin --enable-default-pie --with-system-zlib --enable-libphobos-checking=release --with-target-system-zlib=auto --enable-objc-gc=auto --enable-multiarch --enable-fix-cortex-a53-843419 --disable-werror --enable-checking=release --build=aarch64-linux-gnu --host=aarch64-linux-gnu --target=aarch64-linux-gnu --with-build-config=bootstrap-lto-lean --enable-link-serialization=4]
  ignore line: [Thread model: posix]
  ignore line: [Supported LTO compression algorithms: zlib zstd]
  ignore line: [gcc version 11.4.0 (Ubuntu 11.4.0-1ubuntu1~22.04.3) ]
  ignore line: [COLLECT_GCC_OPTIONS='-D' '__CUDA_ARCH__=520' '-D' '__CUDA_ARCH_LIST__=520' '-D' '__NV_LEGACY_LAUNCH' '-c' '-D' 'CUDA_DOUBLE_MATH_FUNCTIONS' '-v' '-Wno-psabi' '-I' '/usr/local/cuda/bin/../targets/aarch64-linux/include' '-o' 'CMakeFiles/cmTC_575a0.dir/CMakeCUDACompilerABI.cu.o' '-mlittle-endian' '-mabi=lp64' '-dumpdir' 'CMakeFiles/cmTC_575a0.dir/']
  ignore line: [ /usr/lib/gcc/aarch64-linux-gnu/11/cc1plus -quiet -v -I /usr/local/cuda/bin/../targets/aarch64-linux/include -imultiarch aarch64-linux-gnu -D_GNU_SOURCE -D __CUDA_ARCH__=520 -D __CUDA_ARCH_LIST__=520 -D __NV_LEGACY_LAUNCH -D CUDA_DOUBLE_MATH_FUNCTIONS /tmp/tmpxft_000026be_00000000-6_CMakeCUDACompilerABI.cudafe1.cpp -quiet -dumpdir CMakeFiles/cmTC_575a0.dir/ -dumpbase CMakeCUDACompilerABI.cu.cpp -dumpbase-ext .cpp -mlittle-endian -mabi=lp64 -Wno-psabi -version -fasynchronous-unwind-tables -fstack-protector-strong -Wformat -Wformat-security -fstack-clash-protection -o /tmp/ccrfsnAR.s]
  ignore line: [GNU C++17 (Ubuntu 11.4.0-1ubuntu1~22.04.3) version 11.4.0 (aarch64-linux-gnu)]
  ignore line: [	compiled by GNU C version 11.4.0  GMP version 6.2.1  MPFR version 4.1.0  MPC version 1.2.1  isl version isl-0.24-GMP]
  ignore line: []
  ignore line: [GGC heuristics: --param ggc-min-expand=100 --param ggc-min-heapsize=131072]
  ignore line: [ignoring duplicate directory "/usr/include/aarch64-linux-gnu/c++/11"]
  ignore line: [ignoring nonexistent directory "/usr/local/include/aarch64-linux-gnu"]
  ignore line: [ignoring nonexistent directory "/usr/lib/gcc/aarch64-linux-gnu/11/include-fixed"]
  ignore line: [ignoring nonexistent directory "/usr/lib/gcc/aarch64-linux-gnu/11/../../../../aarch64-linux-gnu/include"]
  ignore line: [#include "..." search starts here:]
  ignore line: [#include <...> search starts here:]
  ignore line: [ /usr/local/cuda/bin/../targets/aarch64-linux/include]
  ignore line: [ /usr/include/c++/11]
  ignore line: [ /usr/include/aarch64-linux-gnu/c++/11]
  ignore line: [ /usr/include/c++/11/backward]
  ignore line: [ /usr/lib/gcc/aarch64-linux-gnu/11/include]
  ignore line: [ /usr/local/include]
  ignore line: [ /usr/include/aarch64-linux-gnu]
  ignore line: [ /usr/include]
  ignore line: [End of search list.]
  ignore line: [GNU C++17 (Ubuntu 11.4.0-1ubuntu1~22.04.3) version 11.4.0 (aarch64-linux-gnu)]
  ignore line: [	compiled by GNU C version 11.4.0  GMP version 6.2.1  MPFR version 4.1.0  MPC version 1.2.1  isl version isl-0.24-GMP]
  ignore line: []
  ignore line: [GGC heuristics: --param ggc-min-expand=100 --param ggc-min-heapsize=131072]
  ignore line: [Compiler executable checksum: 1ec2e7097ef542eddc6fe6fb48e7bad4]
  ignore line: [COLLECT_GCC_OPTIONS='-D' '__CUDA_ARCH__=520' '-D' '__CUDA_ARCH_LIST__=520' '-D' '__NV_LEGACY_LAUNCH' '-c' '-D' 'CUDA_DOUBLE_MATH_FUNCTIONS' '-v' '-Wno-psabi' '-I' '/usr/local/cuda/bin/../targets/aarch64-linux/include' '-o' 'CMakeFiles/cmTC_575a0.dir/CMakeCUDACompilerABI.cu.o' '-mlittle-endian' '-mabi=lp64' '-dumpdir' 'CMakeFiles/cmTC_575a0.dir/']
  ignore line: [ as -v -I /usr/local/cuda/bin/../targets/aarch64-linux/include -EL -mabi=lp64 -o CMakeFiles/cmTC_575a0.dir/CMakeCUDACompilerABI.cu.o /tmp/ccrfsnAR.s]
  ignore line: [GNU assembler version 2.38 (aarch64-linux-gnu) using BFD version (GNU Binutils for Ubuntu) 2.38]
  ignore line: [COMPILER_PATH=/usr/lib/gcc/aarch64-linux-gnu/11/:/usr/lib/gcc/aarch64-linux-gnu/11/:/usr/lib/gcc/aarch64-linux-gnu/:/usr/lib/gcc/aarch64-linux-gnu/11/:/usr/lib/gcc/aarch64-linux-gnu/]
  ignore line: [LIBRARY_PATH=/usr/lib/gcc/aarch64-linux-gnu/11/:/usr/lib/gcc/aarch64-linux-gnu/11/../../../aarch64-linux-gnu/:/usr/lib/gcc/aarch64-linux-gnu/11/../../../../lib/:/lib/aarch64-linux-gnu/:/lib/../lib/:/usr/lib/aarch64-linux-gnu/:/usr/lib/../lib/:/usr/lib/gcc/aarch64-linux-gnu/11/../../../:/lib/:/usr/lib/]
  ignore line: [COLLECT_GCC_OPTIONS='-D' '__CUDA_ARCH__=520' '-D' '__CUDA_ARCH_LIST__=520' '-D' '__NV_LEGACY_LAUNCH' '-c' '-D' 'CUDA_DOUBLE_MATH_FUNCTIONS' '-v' '-Wno-psabi' '-I' '/usr/local/cuda/bin/../targets/aarch64-linux/include' '-o' 'CMakeFiles/cmTC_575a0.dir/CMakeCUDACompilerABI.cu.o' '-mlittle-endian' '-mabi=lp64' '-dumpdir' 'CMakeFiles/cmTC_575a0.dir/CMakeCUDACompilerABI.cu.']
  ignore line: [Linking CUDA executable cmTC_575a0]
  ignore line: [/usr/bin/cmake -E cmake_link_script CMakeFiles/cmTC_575a0.dir/link.txt --verbose=1]
  ignore line: [/usr/bin/g++  -v CMakeFiles/cmTC_575a0.dir/CMakeCUDACompilerABI.cu.o -o cmTC_575a0  -lcudadevrt -lcudart_static -lrt -lpthread -ldl  -L"/usr/local/cuda/targets/aarch64-linux/lib/stubs" -L"/usr/local/cuda/targets/aarch64-linux/lib"]
  ignore line: [Using built-in specs.]
  ignore line: [COLLECT_GCC=/usr/bin/g++]
  ignore line: [COLLECT_LTO_WRAPPER=/usr/lib/gcc/aarch64-linux-gnu/11/lto-wrapper]
  ignore line: [Target: aarch64-linux-gnu]
  ignore line: [Configured with: ../src/configure -v --with-pkgversion='Ubuntu 11.4.0-1ubuntu1~22.04.3' --with-bugurl=file:///usr/share/doc/gcc-11/README.Bugs --enable-languages=c ada c++ go d fortran objc obj-c++ m2 --prefix=/usr --with-gcc-major-version-only --program-suffix=-11 --program-prefix=aarch64-linux-gnu- --enable-shared --enable-linker-build-id --libexecdir=/usr/lib --without-included-gettext --enable-threads=posix --libdir=/usr/lib --enable-nls --enable-bootstrap --enable-clocale=gnu --enable-libstdcxx-debug --enable-libstdcxx-time=yes --with-default-libstdcxx-abi=new --enable-gnu-unique-object --disable-libquadmath --disable-libquadmath-support --enable-plugin --enable-default-pie --with-system-zlib --enable-libphobos-checking=release --with-target-system-zlib=auto --enable-objc-gc=auto --enable-multiarch --enable-fix-cortex-a53-843419 --disable-werror --enable-checking=release --build=aarch64-linux-gnu --host=aarch64-linux-gnu --target=aarch64-linux-gnu --with-build-config=bootstrap-lto-lean --enable-link-serialization=4]
  ignore line: [Thread model: posix]
  ignore line: [Supported LTO compression algorithms: zlib zstd]
  ignore line: [gcc version 11.4.0 (Ubuntu 11.4.0-1ubuntu1~22.04.3) ]
  ignore line: [COMPILER_PATH=/usr/lib/gcc/aarch64-linux-gnu/11/:/usr/lib/gcc/aarch64-linux-gnu/11/:/usr/lib/gcc/aarch64-linux-gnu/:/usr/lib/gcc/aarch64-linux-gnu/11/:/usr/lib/gcc/aarch64-linux-gnu/]
  ignore line: [LIBRARY_PATH=/usr/lib/gcc/aarch64-linux-gnu/11/:/usr/lib/gcc/aarch64-linux-gnu/11/../../../aarch64-linux-gnu/:/usr/lib/gcc/aarch64-linux-gnu/11/../../../../lib/:/lib/aarch64-linux-gnu/:/lib/../lib/:/usr/lib/aarch64-linux-gnu/:/usr/lib/../lib/:/usr/lib/gcc/aarch64-linux-gnu/11/../../../:/lib/:/usr/lib/]
  ignore line: [COLLECT_GCC_OPTIONS='-v' '-o' 'cmTC_575a0' '-L/usr/local/cuda/targets/aarch64-linux/lib/stubs' '-L/usr/local/cuda/targets/aarch64-linux/lib' '-shared-libgcc' '-mlittle-endian' '-mabi=lp64' '-dumpdir' 'cmTC_575a0.']
  link line: [ /usr/lib/gcc/aarch64-linux-gnu/11/collect2 -plugin /usr/lib/gcc/aarch64-linux-gnu/11/liblto_plugin.so -plugin-opt=/usr/lib/gcc/aarch64-linux-gnu/11/lto-wrapper -plugin-opt=-fresolution=/tmp/ccf7Cqpk.res -plugin-opt=-pass-through=-lgcc_s -plugin-opt=-pass-through=-lgcc -plugin-opt=-pass-through=-lc -plugin-opt=-pass-through=-lgcc_s -plugin-opt=-pass-through=-lgcc --build-id --eh-frame-hdr --hash-style=gnu --as-needed -dynamic-linker /lib/ld-linux-aarch64.so.1 -X -EL -maarch64linux --fix-cortex-a53-843419 -pie -z now -z relro -o cmTC_575a0 /usr/lib/gcc/aarch64-linux-gnu/11/../../../aarch64-linux-gnu/Scrt1.o /usr/lib/gcc/aarch64-linux-gnu/11/../../../aarch64-linux-gnu/crti.o /usr/lib/gcc/aarch64-linux-gnu/11/crtbeginS.o -L/usr/local/cuda/targets/aarch64-linux/lib/stubs -L/usr/local/cuda/targets/aarch64-linux/lib -L/usr/lib/gcc/aarch64-linux-gnu/11 -L/usr/lib/gcc/aarch64-linux-gnu/11/../../../aarch64-linux-gnu -L/usr/lib/gcc/aarch64-linux-gnu/11/../../../../lib -L/lib/aarch64-linux-gnu -L/lib/../lib -L/usr/lib/aarch64-linux-gnu -L/usr/lib/../lib -L/usr/lib/gcc/aarch64-linux-gnu/11/../../.. CMakeFiles/cmTC_575a0.dir/CMakeCUDACompilerABI.cu.o -lcudadevrt -lcudart_static -lrt -lpthread -ldl -lstdc++ -lm -lgcc_s -lgcc -lc -lgcc_s -lgcc /usr/lib/gcc/aarch64-linux-gnu/11/crtendS.o /usr/lib/gcc/aarch64-linux-gnu/11/../../../aarch64-linux-gnu/crtn.o]
    arg [/usr/lib/gcc/aarch64-linux-gnu/11/collect2] ==> ignore
    arg [-plugin] ==> ignore
    arg [/usr/lib/gcc/aarch64-linux-gnu/11/liblto_plugin.so] ==> ignore
    arg [-plugin-opt=/usr/lib/gcc/aarch64-linux-gnu/11/lto-wrapper] ==> ignore
    arg [-plugin-opt=-fresolution=/tmp/ccf7Cqpk.res] ==> ignore
    arg [-plugin-opt=-pass-through=-lgcc_s] ==> ignore
    arg [-plugin-opt=-pass-through=-lgcc] ==> ignore
    arg [-plugin-opt=-pass-through=-lc] ==> ignore
    arg [-plugin-opt=-pass-through=-lgcc_s] ==> ignore
    arg [-plugin-opt=-pass-through=-lgcc] ==> ignore
    arg [--build-id] ==> ignore
    arg [--eh-frame-hdr] ==> ignore
    arg [--hash-style=gnu] ==> ignore
    arg [--as-needed] ==> ignore
    arg [-dynamic-linker] ==> ignore
    arg [/lib/ld-linux-aarch64.so.1] ==> ignore
    arg [-X] ==> ignore
    arg [-EL] ==> ignore
    arg [-maarch64linux] ==> ignore
    arg [--fix-cortex-a53-843419] ==> ignore
    arg [-pie] ==> ignore
    arg [-znow] ==> ignore
    arg [-zrelro] ==> ignore
    arg [-o] ==> ignore
    arg [cmTC_575a0] ==> ignore
    arg [/usr/lib/gcc/aarch64-linux-gnu/11/../../../aarch64-linux-gnu/Scrt1.o] ==> obj [/usr/lib/gcc/aarch64-linux-gnu/11/../../../aarch64-linux-gnu/Scrt1.o]
    arg [/usr/lib/gcc/aarch64-linux-gnu/11/../../../aarch64-linux-gnu/crti.o] ==> obj [/usr/lib/gcc/aarch64-linux-gnu/11/../../../aarch64-linux-gnu/crti.o]
    arg [/usr/lib/gcc/aarch64-linux-gnu/11/crtbeginS.o] ==> obj [/usr/lib/gcc/aarch64-linux-gnu/11/crtbeginS.o]
    arg [-L/usr/local/cuda/targets/aarch64-linux/lib/stubs] ==> dir [/usr/local/cuda/targets/aarch64-linux/lib/stubs]
    arg [-L/usr/local/cuda/targets/aarch64-linux/lib] ==> dir [/usr/local/cuda/targets/aarch64-linux/lib]
    arg [-L/usr/lib/gcc/aarch64-linux-gnu/11] ==> dir [/usr/lib/gcc/aarch64-linux-gnu/11]
    arg [-L/usr/lib/gcc/aarch64-linux-gnu/11/../../../aarch64-linux-gnu] ==> dir [/usr/lib/gcc/aarch64-linux-gnu/11/../../../aarch64-linux-gnu]
    arg [-L/usr/lib/gcc/aarch64-linux-gnu/11/../../../../lib] ==> dir [/usr/lib/gcc/aarch64-linux-gnu/11/../../../../lib]
    arg [-L/lib/aarch64-linux-gnu] ==> dir [/lib/aarch64-linux-gnu]
    arg [-L/lib/../lib] ==> dir [/lib/../lib]
    arg [-L/usr/lib/aarch64-linux-gnu] ==> dir [/usr/lib/aarch64-linux-gnu]
    arg [-L/usr/lib/../lib] ==> dir [/usr/lib/../lib]
    arg [-L/usr/lib/gcc/aarch64-linux-gnu/11/../../..] ==> dir [/usr/lib/gcc/aarch64-linux-gnu/11/../../..]
    arg [CMakeFiles/cmTC_575a0.dir/CMakeCUDACompilerABI.cu.o] ==> ignore
    arg [-lcudadevrt] ==> lib [cudadevrt]
    arg [-lcudart_static] ==> lib [cudart_static]
    arg [-lrt] ==> lib [rt]
    arg [-lpthread] ==> lib [pthread]
    arg [-ldl] ==> lib [dl]
    arg [-lstdc++] ==> lib [stdc++]
    arg [-lm] ==> lib [m]
    arg [-lgcc_s] ==> lib [gcc_s]
    arg [-lgcc] ==> lib [gcc]
    arg [-lc] ==> lib [c]
    arg [-lgcc_s] ==> lib [gcc_s]
    arg [-lgcc] ==> lib [gcc]
    arg [/usr/lib/gcc/aarch64-linux-gnu/11/crtendS.o] ==> obj [/usr/lib/gcc/aarch64-linux-gnu/11/crtendS.o]
    arg [/usr/lib/gcc/aarch64-linux-gnu/11/../../../aarch64-linux-gnu/crtn.o] ==> obj [/usr/lib/gcc/aarch64-linux-gnu/11/../../../aarch64-linux-gnu/crtn.o]
  collapse obj [/usr/lib/gcc/aarch64-linux-gnu/11/../../../aarch64-linux-gnu/Scrt1.o] ==> [/usr/lib/aarch64-linux-gnu/Scrt1.o]
  collapse obj [/usr/lib/gcc/aarch64-linux-gnu/11/../../../aarch64-linux-gnu/crti.o] ==> [/usr/lib/aarch64-linux-gnu/crti.o]
  collapse obj [/usr/lib/gcc/aarch64-linux-gnu/11/../../../aarch64-linux-gnu/crtn.o] ==> [/usr/lib/aarch64-linux-gnu/crtn.o]
  collapse library dir [/usr/local/cuda/targets/aarch64-linux/lib/stubs] ==> [/usr/local/cuda/targets/aarch64-linux/lib/stubs]
  collapse library dir [/usr/local/cuda/targets/aarch64-linux/lib] ==> [/usr/local/cuda/targets/aarch64-linux/lib]
  collapse library dir [/usr/lib/gcc/aarch64-linux-gnu/11] ==> [/usr/lib/gcc/aarch64-linux-gnu/11]
  collapse library dir [/usr/lib/gcc/aarch64-linux-gnu/11/../../../aarch64-linux-gnu] ==> [/usr/lib/aarch64-linux-gnu]
  collapse library dir [/usr/lib/gcc/aarch64-linux-gnu/11/../../../../lib] ==> [/usr/lib]
  collapse library dir [/lib/aarch64-linux-gnu] ==> [/lib/aarch64-linux-gnu]
  collapse library dir [/lib/../lib] ==> [/lib]
  collapse library dir [/usr/lib/aarch64-linux-gnu] ==> [/usr/lib/aarch64-linux-gnu]
  collapse library dir [/usr/lib/../lib] ==> [/usr/lib]
  collapse library dir [/usr/lib/gcc/aarch64-linux-gnu/11/../../..] ==> [/usr/lib]
  implicit libs: [cudadevrt;cudart_static;rt;pthread;dl;stdc++;m;gcc_s;gcc;c;gcc_s;gcc]
  implicit objs: [/usr/lib/aarch64-linux-gnu/Scrt1.o;/usr/lib/aarch64-linux-gnu/crti.o;/usr/lib/gcc/aarch64-linux-gnu/11/crtbeginS.o;/usr/lib/gcc/aarch64-linux-gnu/11/crtendS.o;/usr/lib/aarch64-linux-gnu/crtn.o]
  implicit dirs: [/usr/local/cuda/targets/aarch64-linux/lib/stubs;/usr/local/cuda/targets/aarch64-linux/lib;/usr/lib/gcc/aarch64-linux-gnu/11;/usr/lib/aarch64-linux-gnu;/usr/lib;/lib/aarch64-linux-gnu;/lib]
  implicit fwks: []


Determining if the include file pthread.h exists passed with the following output:
Change Dir: /home/autopilot03/Desktop/f1tenth_test0806/f1tenth_project_repo/build/bev_processor/CMakeFiles/CMakeTmp

Run Build Command(s):/usr/bin/gmake -f Makefile cmTC_318e3/fast && /usr/bin/gmake  -f CMakeFiles/cmTC_318e3.dir/build.make CMakeFiles/cmTC_318e3.dir/build
gmake[1]: Entering directory '/home/autopilot03/Desktop/f1tenth_test0806/f1tenth_project_repo/build/bev_processor/CMakeFiles/CMakeTmp'
Building CXX object CMakeFiles/cmTC_318e3.dir/CheckIncludeFile.cxx.o
/usr/bin/c++   -std=c++17 -o CMakeFiles/cmTC_318e3.dir/CheckIncludeFile.cxx.o -c /home/autopilot03/Desktop/f1tenth_test0806/f1tenth_project_repo/build/bev_processor/CMakeFiles/CMakeTmp/CheckIncludeFile.cxx
Linking CXX executable cmTC_318e3
/usr/bin/cmake -E cmake_link_script CMakeFiles/cmTC_318e3.dir/link.txt --verbose=1
/usr/bin/c++ CMakeFiles/cmTC_318e3.dir/CheckIncludeFile.cxx.o -o cmTC_318e3 
gmake[1]: Leaving directory '/home/autopilot03/Desktop/f1tenth_test0806/f1tenth_project_repo/build/bev_processor/CMakeFiles/CMakeTmp'



Performing C++ SOURCE FILE Test CMAKE_HAVE_LIBC_PTHREAD succeeded with the following output:
Change Dir: /home/autopilot03/Desktop/f1tenth_test0806/f1tenth_project_repo/build/bev_processor/CMakeFiles/CMakeTmp

Run Build Command(s):/usr/bin/gmake -f Makefile cmTC_6002c/fast && /usr/bin/gmake  -f CMakeFiles/cmTC_6002c.dir/build.make CMakeFiles/cmTC_6002c.dir/build
gmake[1]: Entering directory '/home/autopilot03/Desktop/f1tenth_test0806/f1tenth_project_repo/build/bev_processor/CMakeFiles/CMakeTmp'
Building CXX object CMakeFiles/cmTC_6002c.dir/src.cxx.o
/usr/bin/c++ -DCMAKE_HAVE_LIBC_PTHREAD  -std=c++17 -o CMakeFiles/cmTC_6002c.dir/src.cxx.o -c /home/autopilot03/Desktop/f1tenth_test0806/f1tenth_project_repo/build/bev_processor/CMakeFiles/CMakeTmp/src.cxx
Linking CXX executable cmTC_6002c
/usr/bin/cmake -E cmake_link_script CMakeFiles/cmTC_6002c.dir/link.txt --verbose=1
/usr/bin/c++ CMakeFiles/cmTC_6002c.dir/src.cxx.o -o cmTC_6002c 
gmake[1]: Leaving directory '/home/autopilot03/Desktop/f1tenth_test0806/f1tenth_project_repo/build/bev_processor/CMakeFiles/CMakeTmp'


Source file was:
#include <pthread.h>

static void* test_func(void* data)
{
  return data;
}

int main(void)
{
  pthread_t thread;
  pthread_create(&thread, NULL, test_func, NULL);
  pthread_detach(thread);
  pthread_cancel(thread);
  pthread_join(thread, NULL);
  pthread_atfork(NULL, NULL, NULL);
  pthread_exit(NULL);

  return 0;
}

Performing C++ SOURCE FILE Test arch_native_supported succeeded with the following output:
Change Dir: /home/autopilot03/Desktop/f1tenth_test0806/f1tenth_project_repo/build/bev_processor/CMakeFiles/CMakeTmp

Run Build Command(s):/usr/bin/gmake -f Makefile cmTC_785b1/fast && /usr/bin/gmake  -f CMakeFiles/cmTC_785b1.dir/build.make CMakeFiles/cmTC_785b1.dir/build
gmake[1]: Entering directory '/home/autopilot03/Desktop/f1tenth_test0806/f1tenth_project_repo/build/bev_processor/CMakeFiles/CMakeTmp'
Building CXX object CMakeFiles/cmTC_785b1.dir/src.cxx.o
/usr/bin/c++ -Darch_native_supported  -march=native -std=c++17 -o CMakeFiles/cmTC_785b1.dir/src.cxx.o -c /home/autopilot03/Desktop/f1tenth_test0806/f1tenth_project_repo/build/bev_processor/CMakeFiles/CMakeTmp/src.cxx
Linking CXX executable cmTC_785b1
/usr/bin/cmake -E cmake_link_script CMakeFiles/cmTC_785b1.dir/link.txt --verbose=1
/usr/bin/c++ CMakeFiles/cmTC_785b1.dir/src.cxx.o -o cmTC_785b1 
gmake[1]: Leaving directory '/home/autopilot03/Desktop/f1tenth_test0806/f1tenth_project_repo/build/bev_processor/CMakeFiles/CMakeTmp'


Source file was:
int main() { return 0; }
The system is: Linux - 5.15.148-tegra - aarch64
Compiling the CXX compiler identification source file "CMakeCXXCompilerId.cpp" succeeded.
Compiler: /usr/bin/c++ 
Build flags: 
Id flags:  

The output was:
0


Compilation of the CXX compiler identification source "CMakeCXXCompilerId.cpp" produced "a.out"

The CXX compiler identification is GNU, found in "/home/autopilot03/Desktop/f1tenth_test0806/f1tenth_project_repo/build/bev_processor/CMakeFiles/3.22.1/CompilerIdCXX/a.out"

Checking whether the CUDA compiler is NVIDIA using "" matched "nvcc: NVIDIA \(R\) Cuda compiler driver":
nvcc: NVIDIA (R) Cuda compiler driver
Copyright (c) 2005-2024 NVIDIA Corporation
Built on Wed_Aug_14_10:14:07_PDT_2024
Cuda compilation tools, release 12.6, V12.6.68
Build cuda_12.6.r12.6/compiler.34714021_0
Compiling the CUDA compiler identification source file "CMakeCUDACompilerId.cu" succeeded.
Compiler: /usr/local/cuda/bin/nvcc 
Build flags: 
Id flags: --keep;--keep-dir;tmp -v

The output was:
0
#$ _NVVM_BRANCH_=nvvm
#$ _SPACE_= 
#$ _CUDART_=cudart
#$ _HERE_=/usr/local/cuda/bin
#$ _THERE_=/usr/local/cuda/bin
#$ _TARGET_SIZE_=
#$ _TARGET_DIR_=
#$ _TARGET_DIR_=targets/aarch64-linux
#$ TOP=/usr/local/cuda/bin/..
#$ CICC_PATH=/usr/local/cuda/bin/../nvvm/bin
#$ NVVMIR_LIBRARY_DIR=/usr/local/cuda/bin/../nvvm/libdevice
#$ LD_LIBRARY_PATH=/usr/local/cuda/bin/../lib:/home/autopilot03/Desktop/f1tenth_test0806/f1tenth_project_repo/install/camera_driver/lib:/home/autopilot03/Desktop/f1tenth_test0806/f1tenth_project_repo/install/bev_processor/lib:/opt/ros/humble/opt/rviz_ogre_vendor/lib:/opt/ros/humble/lib/aarch64-linux-gnu:/opt/ros/humble/lib:/usr/local/cuda/lib64
#$ PATH=/usr/local/cuda/bin/../nvvm/bin:/usr/local/cuda/bin:/opt/ros/humble/bin:/usr/local/cuda/bin:/home/autopilot03/.local/bin:/usr/local/sbin:/usr/local/bin:/usr/sbin:/usr/bin:/sbin:/bin:/usr/games:/usr/local/games:/snap/bin:/snap/bin
#$ INCLUDES="-I/usr/local/cuda/bin/../targets/aarch64-linux/include"  
#$ LIBRARIES=  "-L/usr/local/cuda/bin/../targets/aarch64-linux/lib/stubs" "-L/usr/local/cuda/bin/../targets/aarch64-linux/lib"
#$ CUDAFE_FLAGS=
#$ PTXAS_FLAGS=
#$ rm tmp/a_dlink.reg.c
#$ gcc -D__CUDA_ARCH_LIST__=520 -D__NV_LEGACY_LAUNCH -E -x c++ -D__CUDACC__ -D__NVCC__  "-I/usr/local/cuda/bin/../targets/aarch64-linux/include"    -D__CUDACC_VER_MAJOR__=12 -D__CUDACC_VER_MINOR__=6 -D__CUDACC_VER_BUILD__=68 -D__CUDA_API_VER_MAJOR__=12 -D__CUDA_API_VER_MINOR__=6 -D__NVCC_DIAG_PRAGMA_SUPPORT__=1 -include "cuda_runtime.h" "CMakeCUDACompilerId.cu" -o "tmp/CMakeCUDACompilerId.cpp4.ii" 
#$ cudafe++ --c++17 --gnu_version=110400 --display_error_number --orig_src_file_name "CMakeCUDACompilerId.cu" --orig_src_path_name "/home/autopilot03/Desktop/f1tenth_test0806/f1tenth_project_repo/build/bev_processor/CMakeFiles/3.22.1/CompilerIdCUDA/CMakeCUDACompilerId.cu" --allow_managed --unsigned_chars --unsigned_wchar_t  --m64 --parse_templates --gen_c_file_name "tmp/CMakeCUDACompilerId.cudafe1.cpp" --stub_file_name "CMakeCUDACompilerId.cudafe1.stub.c" --gen_module_id_file --module_id_file_name "tmp/CMakeCUDACompilerId.module_id" "tmp/CMakeCUDACompilerId.cpp4.ii" 
#$ gcc -D__CUDA_ARCH__=520 -D__CUDA_ARCH_LIST__=520 -D__NV_LEGACY_LAUNCH -E -x c++  -DCUDA_DOUBLE_MATH_FUNCTIONS -D__CUDACC__ -D__NVCC__  "-I/usr/local/cuda/bin/../targets/aarch64-linux/include"    -D__CUDACC_VER_MAJOR__=12 -D__CUDACC_VER_MINOR__=6 -D__CUDACC_VER_BUILD__=68 -D__CUDA_API_VER_MAJOR__=12 -D__CUDA_API_VER_MINOR__=6 -D__NVCC_DIAG_PRAGMA_SUPPORT__=1 -include "cuda_runtime.h" "CMakeCUDACompilerId.cu" -o "tmp/CMakeCUDACompilerId.cpp1.ii" 
#$ "$CICC_PATH/cicc" --c++17 --gnu_version=110400 --display_error_number --orig_src_file_name "CMakeCUDACompilerId.cu" --orig_src_path_name "/home/autopilot03/Desktop/f1tenth_test0806/f1tenth_project_repo/build/bev_processor/CMakeFiles/3.22.1/CompilerIdCUDA/CMakeCUDACompilerId.cu" --allow_managed --unsigned_chars --unsigned_wchar_t   -arch compute_52 -m64 --no-version-ident -ftz=0 -prec_div=1 -prec_sqrt=1 -fmad=1 --include_file_name "CMakeCUDACompilerId.fatbin.c" -tused --module_id_file_name "tmp/CMakeCUDACompilerId.module_id" --gen_c_file_name "tmp/CMakeCUDACompilerId.cudafe1.c" --stub_file_name "tmp/CMakeCUDACompilerId.cudafe1.stub.c" --gen_device_file_name "tmp/CMakeCUDACompilerId.cudafe1.gpu"  "tmp/CMakeCUDACompilerId.cpp1.ii" -o "tmp/CMakeCUDACompilerId.ptx"
#$ ptxas -arch=sm_52 -m64  "tmp/CMakeCUDACompilerId.ptx"  -o "tmp/CMakeCUDACompilerId.sm_52.cubin" 
#$ fatbinary --create="tmp/CMakeCUDACompilerId.fatbin" -64 --cicc-cmdline="-ftz=0 -prec_div=1 -prec_sqrt=1 -fmad=1 " "--image3=kind=elf,sm=52,file=tmp/CMakeCUDACompilerId.sm_52.cubin" "--image3=kind=ptx,sm=52,file=tmp/CMakeCUDACompilerId.ptx" --embedded-fatbin="tmp/CMakeCUDACompilerId.fatbin.c" 
#$ gcc -D__CUDA_ARCH__=520 -D__CUDA_ARCH_LIST__=520 -D__NV_LEGACY_LAUNCH -c -x c++  -DCUDA_DOUBLE_MATH_FUNCTIONS -Wno-psabi "-I/usr/local/cuda/bin/../targets/aarch64-linux/include"   "tmp/CMakeCUDACompilerId.cudafe1.cpp" -o "tmp/CMakeCUDACompilerId.o" 
#$ nvlink -m64 --arch=sm_52 --register-link-binaries="tmp/a_dlink.reg.c"    "-L/usr/local/cuda/bin/../targets/aarch64-linux/lib/stubs" "-L/usr/local/cuda/bin/../targets/aarch64-linux/lib" -cpu-arch=AARCH64 "tmp/CMakeCUDACompilerId.o"  -lcudadevrt  -o "tmp/a_dlink.sm_52.cubin" --host-ccbin "gcc"
#$ fatbinary --create="tmp/a_dlink.fatbin" -64 --cicc-cmdline="-ftz=0 -prec_div=1 -prec_sqrt=1 -fmad=1 " -link "--image3=kind=elf,sm=52,file=tmp/a_dlink.sm_52.cubin" --embedded-fatbin="tmp/a_dlink.fatbin.c" 
#$ gcc -D__CUDA_ARCH_LIST__=520 -D__NV_LEGACY_LAUNCH -c -x c++ -DFATBINFILE="\"tmp/a_dlink.fatbin.c\"" -DREGISTERLINKBINARYFILE="\"tmp/a_dlink.reg.c\"" -I. -D__NV_EXTRA_INITIALIZATION= -D__NV_EXTRA_FINALIZATION= -D__CUDA_INCLUDE_COMPILER_INTERNAL_HEADERS__  -Wno-psabi "-I/usr/local/cuda/bin/../targets/aarch64-linux/include"    -D__CUDACC_VER_MAJOR__=12 -D__CUDACC_VER_MINOR__=6 -D__CUDACC_VER_BUILD__=68 -D__CUDA_API_VER_MAJOR__=12 -D__CUDA_API_VER_MINOR__=6 -D__NVCC_DIAG_PRAGMA_SUPPORT__=1 "/usr/local/cuda/bin/crt/link.stub" -o "tmp/a_dlink.o" 
#$ g++ -D__CUDA_ARCH_LIST__=520 -D__NV_LEGACY_LAUNCH -Wl,--start-group "tmp/a_dlink.o" "tmp/CMakeCUDACompilerId.o"   "-L/usr/local/cuda/bin/../targets/aarch64-linux/lib/stubs" "-L/usr/local/cuda/bin/../targets/aarch64-linux/lib"  -lcudadevrt  -lcudart_static  -lrt -lpthread  -ldl  -Wl,--end-group -o "a.out" 


Compilation of the CUDA compiler identification source "CMakeCUDACompilerId.cu" produced "a.out"

The CUDA compiler identification is NVIDIA, found in "/home/autopilot03/Desktop/f1tenth_test0806/f1tenth_project_repo/build/bev_processor/CMakeFiles/3.22.1/CompilerIdCUDA/a.out"

Parsed CUDA nvcc implicit link information from above output:
  found 'PATH=' string: [/usr/local/cuda/bin/../nvvm/bin:/usr/local/cuda/bin:/opt/ros/humble/bin:/usr/local/cuda/bin:/home/autopilot03/.local/bin:/usr/local/sbin:/usr/local/bin:/usr/sbin:/usr/bin:/sbin:/bin:/usr/games:/usr/local/games:/snap/bin:/snap/bin]
  found 'LIBRARIES=' string: ["-L/usr/local/cuda/bin/../targets/aarch64-linux/lib/stubs" "-L/usr/local/cuda/bin/../targets/aarch64-linux/lib"]
  considering line: [#$ rm tmp/a_dlink.reg.c]
  considering line: [gcc -D__CUDA_ARCH_LIST__=520 -D__NV_LEGACY_LAUNCH -E -x c++ -D__CUDACC__ -D__NVCC__  "-I/usr/local/cuda/bin/../targets/aarch64-linux/include"    -D__CUDACC_VER_MAJOR__=12 -D__CUDACC_VER_MINOR__=6 -D__CUDACC_VER_BUILD__=68 -D__CUDA_API_VER_MAJOR__=12 -D__CUDA_API_VER_MINOR__=6 -D__NVCC_DIAG_PRAGMA_SUPPORT__=1 -include "cuda_runtime.h" "CMakeCUDACompilerId.cu" -o "tmp/CMakeCUDACompilerId.cpp4.ii" ]
  considering line: [cudafe++ --c++17 --gnu_version=110400 --display_error_number --orig_src_file_name "CMakeCUDACompilerId.cu" --orig_src_path_name "/home/autopilot03/Desktop/f1tenth_test0806/f1tenth_project_repo/build/bev_processor/CMakeFiles/3.22.1/CompilerIdCUDA/CMakeCUDACompilerId.cu" --allow_managed --unsigned_chars --unsigned_wchar_t  --m64 --parse_templates --gen_c_file_name "tmp/CMakeCUDACompilerId.cudafe1.cpp" --stub_file_name "CMakeCUDACompilerId.cudafe1.stub.c" --gen_module_id_file --module_id_file_name "tmp/CMakeCUDACompilerId.module_id" "tmp/CMakeCUDACompilerId.cpp4.ii" ]
  considering line: [gcc -D__CUDA_ARCH__=520 -D__CUDA_ARCH_LIST__=520 -D__NV_LEGACY_LAUNCH -E -x c++  -DCUDA_DOUBLE_MATH_FUNCTIONS -D__CUDACC__ -D__NVCC__  "-I/usr/local/cuda/bin/../targets/aarch64-linux/include"    -D__CUDACC_VER_MAJOR__=12 -D__CUDACC_VER_MINOR__=6 -D__CUDACC_VER_BUILD__=68 -D__CUDA_API_VER_MAJOR__=12 -D__CUDA_API_VER_MINOR__=6 -D__NVCC_DIAG_PRAGMA_SUPPORT__=1 -include "cuda_runtime.h" "CMakeCUDACompilerId.cu" -o "tmp/CMakeCUDACompilerId.cpp1.ii" ]
  considering line: ["$CICC_PATH/cicc" --c++17 --gnu_version=110400 --display_error_number --orig_src_file_name "CMakeCUDACompilerId.cu" --orig_src_path_name "/home/autopilot03/Desktop/f1tenth_test0806/f1tenth_project_repo/build/bev_processor/CMakeFiles/3.22.1/CompilerIdCUDA/CMakeCUDACompilerId.cu" --allow_managed --unsigned_chars --unsigned_wchar_t   -arch compute_52 -m64 --no-version-ident -ftz=0 -prec_div=1 -prec_sqrt=1 -fmad=1 --include_file_name "CMakeCUDACompilerId.fatbin.c" -tused --module_id_file_name "tmp/CMakeCUDACompilerId.module_id" --gen_c_file_name "tmp/CMakeCUDACompilerId.cudafe1.c" --stub_file_name "tmp/CMakeCUDACompilerId.cudafe1.stub.c" --gen_device_file_name "tmp/CMakeCUDACompilerId.cudafe1.gpu"  "tmp/CMakeCUDACompilerId.cpp1.ii" -o "tmp/CMakeCUDACompilerId.ptx"]
  considering line: [ptxas -arch=sm_52 -m64  "tmp/CMakeCUDACompilerId.ptx"  -o "tmp/CMakeCUDACompilerId.sm_52.cubin" ]
  considering line: [fatbinary --create="tmp/CMakeCUDACompilerId.fatbin" -64 --cicc-cmdline="-ftz=0 -prec_div=1 -prec_sqrt=1 -fmad=1 " "--image3=kind=elf,sm=52,file=tmp/CMakeCUDACompilerId.sm_52.cubin" "--image3=kind=ptx,sm=52,file=tmp/CMakeCUDACompilerId.ptx" --embedded-fatbin="tmp/CMakeCUDACompilerId.fatbin.c" ]
  considering line: [gcc -D__CUDA_ARCH__=520 -D__CUDA_ARCH_LIST__=520 -D__NV_LEGACY_LAUNCH -c -x c++  -DCUDA_DOUBLE_MATH_FUNCTIONS -Wno-psabi "-I/usr/local/cuda/bin/../targets/aarch64-linux/include"   "tmp/CMakeCUDACompilerId.cudafe1.cpp" -o "tmp/CMakeCUDACompilerId.o" ]
  considering line: [nvlink -m64 --arch=sm_52 --register-link-binaries="tmp/a_dlink.reg.c"    "-L/usr/local/cuda/bin/../targets/aarch64-linux/lib/stubs" "-L/usr/local/cuda/bin/../targets/aarch64-linux/lib" -cpu-arch=AARCH64 "tmp/CMakeCUDACompilerId.o"  -lcudadevrt  -o "tmp/a_dlink.sm_52.cubin" --host-ccbin "gcc"]
    ignoring nvlink line
  considering line: [fatbinary --create="tmp/a_dlink.fatbin" -64 --cicc-cmdline="-ftz=0 -prec_div=1 -prec_sqrt=1 -fmad=1 " -link "--image3=kind=elf,sm=52,file=tmp/a_dlink.sm_52.cubin" --embedded-fatbin="tmp/a_dlink.fatbin.c" ]
  considering line: [gcc -D__CUDA_ARCH_LIST__=520 -D__NV_LEGACY_LAUNCH -c -x c++ -DFATBINFILE="\"tmp/a_dlink.fatbin.c\"" -DREGISTERLINKBINARYFILE="\"tmp/a_dlink.reg.c\"" -I. -D__NV_EXTRA_INITIALIZATION= -D__NV_EXTRA_FINALIZATION= -D__CUDA_INCLUDE_COMPILER_INTERNAL_HEADERS__  -Wno-psabi "-I/usr/local/cuda/bin/../targets/aarch64-linux/include"    -D__CUDACC_VER_MAJOR__=12 -D__CUDACC_VER_MINOR__=6 -D__CUDACC_VER_BUILD__=68 -D__CUDA_API_VER_MAJOR__=12 -D__CUDA_API_VER_MINOR__=6 -D__NVCC_DIAG_PRAGMA_SUPPORT__=1 "/usr/local/cuda/bin/crt/link.stub" -o "tmp/a_dlink.o" ]
  considering line: [g++ -D__CUDA_ARCH_LIST__=520 -D__NV_LEGACY_LAUNCH -Wl,--start-group "tmp/a_dlink.o" "tmp/CMakeCUDACompilerId.o"   "-L/usr/local/cuda/bin/../targets/aarch64-linux/lib/stubs" "-L/usr/local/cuda/bin/../targets/aarch64-linux/lib"  -lcudadevrt  -lcudart_static  -lrt -lpthread  -ldl  -Wl,--end-group -o "a.out" ]
    extracted link line: [g++ -D__CUDA_ARCH_LIST__=520 -D__NV_LEGACY_LAUNCH -Wl,--start-group "tmp/a_dlink.o" "tmp/CMakeCUDACompilerId.o"   "-L/usr/local/cuda/bin/../targets/aarch64-linux/lib/stubs" "-L/usr/local/cuda/bin/../targets/aarch64-linux/lib"  -lcudadevrt  -lcudart_static  -lrt -lpthread  -ldl  -Wl,--end-group -o "a.out" ]
  considering line: []
  extracted link launcher name: [g++]
  found link launcher absolute path: [/usr/bin/g++]

  link line regex: [^( *|.*[/\])(ld|CMAKE_LINK_STARTFILE-NOTFOUND|([^/\]+-)?ld|collect2)[^/\]*( |$)]
  link line: [cuda-fake-ld g++ -D__CUDA_ARCH_LIST__=520 -D__NV_LEGACY_LAUNCH -Wl,--start-group "tmp/a_dlink.o" "tmp/CMakeCUDACompilerId.o"   "-L/usr/local/cuda/bin/../targets/aarch64-linux/lib/stubs" "-L/usr/local/cuda/bin/../targets/aarch64-linux/lib"  -lcudadevrt  -lcudart_static  -lrt -lpthread  -ldl  -Wl,--end-group -o "a.out" ]
    arg [cuda-fake-ld] ==> ignore
    arg [g++] ==> ignore
    arg [-D__CUDA_ARCH_LIST__=520] ==> ignore
    arg [-D__NV_LEGACY_LAUNCH] ==> ignore
    arg [-Wl,--start-group] ==> ignore
    arg [tmp/a_dlink.o] ==> ignore
    arg [tmp/CMakeCUDACompilerId.o] ==> ignore
    arg [-L/usr/local/cuda/bin/../targets/aarch64-linux/lib/stubs] ==> dir [/usr/local/cuda/bin/../targets/aarch64-linux/lib/stubs]
    arg [-L/usr/local/cuda/bin/../targets/aarch64-linux/lib] ==> dir [/usr/local/cuda/bin/../targets/aarch64-linux/lib]
    arg [-lcudadevrt] ==> lib [cudadevrt]
    arg [-lcudart_static] ==> lib [cudart_static]
    arg [-lrt] ==> lib [rt]
    arg [-lpthread] ==> lib [pthread]
    arg [-ldl] ==> lib [dl]
    arg [-Wl,--end-group] ==> ignore
    arg [-o] ==> ignore
    arg [a.out] ==> ignore
  collapse library dir [/usr/local/cuda/bin/../targets/aarch64-linux/lib/stubs] ==> [/usr/local/cuda/targets/aarch64-linux/lib/stubs]
  collapse library dir [/usr/local/cuda/bin/../targets/aarch64-linux/lib] ==> [/usr/local/cuda/targets/aarch64-linux/lib]
  implicit libs: [cudadevrt;cudart_static;rt;pthread;dl]
  implicit objs: []
  implicit dirs: [/usr/local/cuda/targets/aarch64-linux/lib/stubs;/usr/local/cuda/targets/aarch64-linux/lib]
  implicit fwks: []


Parsed CUDA nvcc include information from above output:
  found 'PATH=' string: [/usr/local/cuda/bin/../nvvm/bin:/usr/local/cuda/bin:/opt/ros/humble/bin:/usr/local/cuda/bin:/home/autopilot03/.local/bin:/usr/local/sbin:/usr/local/bin:/usr/sbin:/usr/bin:/sbin:/bin:/usr/games:/usr/local/games:/snap/bin:/snap/bin]
  found 'LIBRARIES=' string: ["-L/usr/local/cuda/bin/../targets/aarch64-linux/lib/stubs" "-L/usr/local/cuda/bin/../targets/aarch64-linux/lib"]
  considering line: [#$ rm tmp/a_dlink.reg.c]
  considering line: [gcc -D__CUDA_ARCH_LIST__=520 -D__NV_LEGACY_LAUNCH -E -x c++ -D__CUDACC__ -D__NVCC__  "-I/usr/local/cuda/bin/../targets/aarch64-linux/include"    -D__CUDACC_VER_MAJOR__=12 -D__CUDACC_VER_MINOR__=6 -D__CUDACC_VER_BUILD__=68 -D__CUDA_API_VER_MAJOR__=12 -D__CUDA_API_VER_MINOR__=6 -D__NVCC_DIAG_PRAGMA_SUPPORT__=1 -include "cuda_runtime.h" "CMakeCUDACompilerId.cu" -o "tmp/CMakeCUDACompilerId.cpp4.ii" ]
  considering line: [cudafe++ --c++17 --gnu_version=110400 --display_error_number --orig_src_file_name "CMakeCUDACompilerId.cu" --orig_src_path_name "/home/autopilot03/Desktop/f1tenth_test0806/f1tenth_project_repo/build/bev_processor/CMakeFiles/3.22.1/CompilerIdCUDA/CMakeCUDACompilerId.cu" --allow_managed --unsigned_chars --unsigned_wchar_t  --m64 --parse_templates --gen_c_file_name "tmp/CMakeCUDACompilerId.cudafe1.cpp" --stub_file_name "CMakeCUDACompilerId.cudafe1.stub.c" --gen_module_id_file --module_id_file_name "tmp/CMakeCUDACompilerId.module_id" "tmp/CMakeCUDACompilerId.cpp4.ii" ]
  considering line: [gcc -D__CUDA_ARCH__=520 -D__CUDA_ARCH_LIST__=520 -D__NV_LEGACY_LAUNCH -E -x c++  -DCUDA_DOUBLE_MATH_FUNCTIONS -D__CUDACC__ -D__NVCC__  "-I/usr/local/cuda/bin/../targets/aarch64-linux/include"    -D__CUDACC_VER_MAJOR__=12 -D__CUDACC_VER_MINOR__=6 -D__CUDACC_VER_BUILD__=68 -D__CUDA_API_VER_MAJOR__=12 -D__CUDA_API_VER_MINOR__=6 -D__NVCC_DIAG_PRAGMA_SUPPORT__=1 -include "cuda_runtime.h" "CMakeCUDACompilerId.cu" -o "tmp/CMakeCUDACompilerId.cpp1.ii" ]
  considering line: ["$CICC_PATH/cicc" --c++17 --gnu_version=110400 --display_error_number --orig_src_file_name "CMakeCUDACompilerId.cu" --orig_src_path_name "/home/autopilot03/Desktop/f1tenth_test0806/f1tenth_project_repo/build/bev_processor/CMakeFiles/3.22.1/CompilerIdCUDA/CMakeCUDACompilerId.cu" --allow_managed --unsigned_chars --unsigned_wchar_t   -arch compute_52 -m64 --no-version-ident -ftz=0 -prec_div=1 -prec_sqrt=1 -fmad=1 --include_file_name "CMakeCUDACompilerId.fatbin.c" -tused --module_id_file_name "tmp/CMakeCUDACompilerId.module_id" --gen_c_file_name "tmp/CMakeCUDACompilerId.cudafe1.c" --stub_file_name "tmp/CMakeCUDACompilerId.cudafe1.stub.c" --gen_device_file_name "tmp/CMakeCUDACompilerId.cudafe1.gpu"  "tmp/CMakeCUDACompilerId.cpp1.ii" -o "tmp/CMakeCUDACompilerId.ptx"]
  considering line: [ptxas -arch=sm_52 -m64  "tmp/CMakeCUDACompilerId.ptx"  -o "tmp/CMakeCUDACompilerId.sm_52.cubin" ]
  considering line: [fatbinary --create="tmp/CMakeCUDACompilerId.fatbin" -64 --cicc-cmdline="-ftz=0 -prec_div=1 -prec_sqrt=1 -fmad=1 " "--image3=kind=elf,sm=52,file=tmp/CMakeCUDACompilerId.sm_52.cubin" "--image3=kind=ptx,sm=52,file=tmp/CMakeCUDACompilerId.ptx" --embedded-fatbin="tmp/CMakeCUDACompilerId.fatbin.c" ]
  considering line: [gcc -D__CUDA_ARCH__=520 -D__CUDA_ARCH_LIST__=520 -D__NV_LEGACY_LAUNCH -c -x c++  -DCUDA_DOUBLE_MATH_FUNCTIONS -Wno-psabi "-I/usr/local/cuda/bin/../targets/aarch64-linux/include"   "tmp/CMakeCUDACompilerId.cudafe1.cpp" -o "tmp/CMakeCUDACompilerId.o" ]
  considering line: [nvlink -m64 --arch=sm_52 --register-link-binaries="tmp/a_dlink.reg.c"    "-L/usr/local/cuda/bin/../targets/aarch64-linux/lib/stubs" "-L/usr/local/cuda/bin/../targets/aarch64-linux/lib" -cpu-arch=AARCH64 "tmp/CMakeCUDACompilerId.o"  -lcudadevrt  -o "tmp/a_dlink.sm_52.cubin" --host-ccbin "gcc"]
    ignoring nvlink line
  considering line: [fatbinary --create="tmp/a_dlink.fatbin" -64 --cicc-cmdline="-ftz=0 -prec_div=1 -prec_sqrt=1 -fmad=1 " -link "--image3=kind=elf,sm=52,file=tmp/a_dlink.sm_52.cubin" --embedded-fatbin="tmp/a_dlink.fatbin.c" ]
  considering line: [gcc -D__CUDA_ARCH_LIST__=520 -D__NV_LEGACY_LAUNCH -c -x c++ -DFATBINFILE="\"tmp/a_dlink.fatbin.c\"" -DREGISTERLINKBINARYFILE="\"tmp/a_dlink.reg.c\"" -I. -D__NV_EXTRA_INITIALIZATION= -D__NV_EXTRA_FINALIZATION= -D__CUDA_INCLUDE_COMPILER_INTERNAL_HEADERS__  -Wno-psabi "-I/usr/local/cuda/bin/../targets/aarch64-linux/include"    -D__CUDACC_VER_MAJOR__=12 -D__CUDACC_VER_MINOR__=6 -D__CUDACC_VER_BUILD__=68 -D__CUDA_API_VER_MAJOR__=12 -D__CUDA_API_VER_MINOR__=6 -D__NVCC_DIAG_PRAGMA_SUPPORT__=1 "/usr/local/cuda/bin/crt/link.stub" -o "tmp/a_dlink.o" ]
  considering line: [g++ -D__CUDA_ARCH_LIST__=520 -D__NV_LEGACY_LAUNCH -Wl,--start-group "tmp/a_dlink.o" "tmp/CMakeCUDACompilerId.o"   "-L/usr/local/cuda/bin/../targets/aarch64-linux/lib/stubs" "-L/usr/local/cuda/bin/../targets/aarch64-linux/lib"  -lcudadevrt  -lcudart_static  -lrt -lpthread  -ldl  -Wl,--end-group -o "a.out" ]
    extracted link line: [g++ -D__CUDA_ARCH_LIST__=520 -D__NV_LEGACY_LAUNCH -Wl,--start-group "tmp/a_dlink.o" "tmp/CMakeCUDACompilerId.o"   "-L/usr/local/cuda/bin/../targets/aarch64-linux/lib/stubs" "-L/usr/local/cuda/bin/../targets/aarch64-linux/lib"  -lcudadevrt  -lcudart_static  -lrt -lpthread  -ldl  -Wl,--end-group -o "a.out" ]
  considering line: []
  extracted link launcher name: [g++]
  found link launcher absolute path: [/usr/bin/g++]
  found 'INCLUDES=' string: ["-I/usr/local/cuda/bin/../targets/aarch64-linux/include"  ]

  link line regex: [^( *|.*[/\])(ld|CMAKE_LINK_STARTFILE-NOTFOUND|([^/\]+-)?ld|collect2)[^/\]*( |$)]
  link line: [cuda-fake-ld g++ -D__CUDA_ARCH_LIST__=520 -D__NV_LEGACY_LAUNCH -Wl,--start-group "tmp/a_dlink.o" "tmp/CMakeCUDACompilerId.o"   "-L/usr/local/cuda/bin/../targets/aarch64-linux/lib/stubs" "-L/usr/local/cuda/bin/../targets/aarch64-linux/lib"  -lcudadevrt  -lcudart_static  -lrt -lpthread  -ldl  -Wl,--end-group -o "a.out" ]
    arg [cuda-fake-ld] ==> ignore
    arg [g++] ==> ignore
    arg [-D__CUDA_ARCH_LIST__=520] ==> ignore
    arg [-D__NV_LEGACY_LAUNCH] ==> ignore
    arg [-Wl,--start-group] ==> ignore
    arg [tmp/a_dlink.o] ==> ignore
    arg [tmp/CMakeCUDACompilerId.o] ==> ignore
    arg [-L/usr/local/cuda/bin/../targets/aarch64-linux/lib/stubs] ==> dir [/usr/local/cuda/bin/../targets/aarch64-linux/lib/stubs]
    arg [-L/usr/local/cuda/bin/../targets/aarch64-linux/lib] ==> dir [/usr/local/cuda/bin/../targets/aarch64-linux/lib]
    arg [-lcudadevrt] ==> lib [cudadevrt]
    arg [-lcudart_static] ==> lib [cudart_static]
    arg [-lrt] ==> lib [rt]
    arg [-lpthread] ==> lib [pthread]
    arg [-ldl] ==> lib [dl]
    arg [-Wl,--end-group] ==> ignore
    arg [-o] ==> ignore
    arg [a.out] ==> ignore
  collapse library dir [/usr/local/cuda/bin/../targets/aarch64-linux/lib/stubs] ==> [/usr/local/cuda/targets/aarch64-linux/lib/stubs]
  collapse library dir [/usr/local/cuda/bin/../targets/aarch64-linux/lib] ==> [/usr/local/cuda/targets/aarch64-linux/lib]
  implicit libs: [cudadevrt;cudart_static;rt;pthread;dl]
  implicit objs: []
  implicit dirs: [/usr/local/cuda/targets/aarch64-linux/lib/stubs;/usr/local/cuda/targets/aarch64-linux/lib]
  implicit fwks: []


Detecting CXX compiler ABI info compiled with the following output:
Change Dir: /home/autopilot03/Desktop/f1tenth_test0806/f1tenth_project_repo/build/bev_processor/CMakeFiles/CMakeTmp

Run Build Command(s):/usr/bin/gmake -f Makefile cmTC_f2acc/fast && /usr/bin/gmake  -f CMakeFiles/cmTC_f2acc.dir/build.make CMakeFiles/cmTC_f2acc.dir/build
gmake[1]: Entering directory '/home/autopilot03/Desktop/f1tenth_test0806/f1tenth_project_repo/build/bev_processor/CMakeFiles/CMakeTmp'
Building CXX object CMakeFiles/cmTC_f2acc.dir/CMakeCXXCompilerABI.cpp.o
/usr/bin/c++   -v -o CMakeFiles/cmTC_f2acc.dir/CMakeCXXCompilerABI.cpp.o -c /usr/share/cmake-3.22/Modules/CMakeCXXCompilerABI.cpp
Using built-in specs.
COLLECT_GCC=/usr/bin/c++
Target: aarch64-linux-gnu
Configured with: ../src/configure -v --with-pkgversion='Ubuntu 11.4.0-1ubuntu1~22.04.3' --with-bugurl=file:///usr/share/doc/gcc-11/README.Bugs --enable-languages=c,ada,c++,go,d,fortran,objc,obj-c++,m2 --prefix=/usr --with-gcc-major-version-only --program-suffix=-11 --program-prefix=aarch64-linux-gnu- --enable-shared --enable-linker-build-id --libexecdir=/usr/lib --without-included-gettext --enable-threads=posix --libdir=/usr/lib --enable-nls --enable-bootstrap --enable-clocale=gnu --enable-libstdcxx-debug --enable-libstdcxx-time=yes --with-default-libstdcxx-abi=new --enable-gnu-unique-object --disable-libquadmath --disable-libquadmath-support --enable-plugin --enable-default-pie --with-system-zlib --enable-libphobos-checking=release --with-target-system-zlib=auto --enable-objc-gc=auto --enable-multiarch --enable-fix-cortex-a53-843419 --disable-werror --enable-checking=release --build=aarch64-linux-gnu --host=aarch64-linux-gnu --target=aarch64-linux-gnu --with-build-config=bootstrap-lto-lean --enable-link-serialization=4
Thread model: posix
Supported LTO compression algorithms: zlib zstd
gcc version 11.4.0 (Ubuntu 11.4.0-1ubuntu1~22.04.3) 
COLLECT_GCC_OPTIONS='-v' '-o' 'CMakeFiles/cmTC_f2acc.dir/CMakeCXXCompilerABI.cpp.o' '-c' '-shared-libgcc' '-mlittle-endian' '-mabi=lp64' '-dumpdir' 'CMakeFiles/cmTC_f2acc.dir/'
 /usr/lib/gcc/aarch64-linux-gnu/11/cc1plus -quiet -v -imultiarch aarch64-linux-gnu -D_GNU_SOURCE /usr/share/cmake-3.22/Modules/CMakeCXXCompilerABI.cpp -quiet -dumpdir CMakeFiles/cmTC_f2acc.dir/ -dumpbase CMakeCXXCompilerABI.cpp.cpp -dumpbase-ext .cpp -mlittle-endian -mabi=lp64 -version -fasynchronous-unwind-tables -fstack-protector-strong -Wformat -Wformat-security -fstack-clash-protection -o /tmp/ccpgLyde.s
GNU C++17 (Ubuntu 11.4.0-1ubuntu1~22.04.3) version 11.4.0 (aarch64-linux-gnu)
	compiled by GNU C version 11.4.0, GMP version 6.2.1, MPFR version 4.1.0, MPC version 1.2.1, isl version isl-0.24-GMP

GGC heuristics: --param ggc-min-expand=100 --param ggc-min-heapsize=131072
ignoring duplicate directory "/usr/include/aarch64-linux-gnu/c++/11"
ignoring nonexistent directory "/usr/local/include/aarch64-linux-gnu"
ignoring nonexistent directory "/usr/lib/gcc/aarch64-linux-gnu/11/include-fixed"
ignoring nonexistent directory "/usr/lib/gcc/aarch64-linux-gnu/11/../../../../aarch64-linux-gnu/include"
#include "..." search starts here:
#include <...> search starts here:
 /usr/include/c++/11
 /usr/include/aarch64-linux-gnu/c++/11
 /usr/include/c++/11/backward
 /usr/lib/gcc/aarch64-linux-gnu/11/include
 /usr/local/include
 /usr/include/aarch64-linux-gnu
 /usr/include
End of search list.
GNU C++17 (Ubuntu 11.4.0-1ubuntu1~22.04.3) version 11.4.0 (aarch64-linux-gnu)
	compiled by GNU C version 11.4.0, GMP version 6.2.1, MPFR version 4.1.0, MPC version 1.2.1, isl version isl-0.24-GMP

GGC heuristics: --param ggc-min-expand=100 --param ggc-min-heapsize=131072
Compiler executable checksum: 1ec2e7097ef542eddc6fe6fb48e7bad4
COLLECT_GCC_OPTIONS='-v' '-o' 'CMakeFiles/cmTC_f2acc.dir/CMakeCXXCompilerABI.cpp.o' '-c' '-shared-libgcc' '-mlittle-endian' '-mabi=lp64' '-dumpdir' 'CMakeFiles/cmTC_f2acc.dir/'
 as -v -EL -mabi=lp64 -o CMakeFiles/cmTC_f2acc.dir/CMakeCXXCompilerABI.cpp.o /tmp/ccpgLyde.s
GNU assembler version 2.38 (aarch64-linux-gnu) using BFD version (GNU Binutils for Ubuntu) 2.38
COMPILER_PATH=/usr/lib/gcc/aarch64-linux-gnu/11/:/usr/lib/gcc/aarch64-linux-gnu/11/:/usr/lib/gcc/aarch64-linux-gnu/:/usr/lib/gcc/aarch64-linux-gnu/11/:/usr/lib/gcc/aarch64-linux-gnu/
LIBRARY_PATH=/usr/lib/gcc/aarch64-linux-gnu/11/:/usr/lib/gcc/aarch64-linux-gnu/11/../../../aarch64-linux-gnu/:/usr/lib/gcc/aarch64-linux-gnu/11/../../../../lib/:/lib/aarch64-linux-gnu/:/lib/../lib/:/usr/lib/aarch64-linux-gnu/:/usr/lib/../lib/:/usr/lib/gcc/aarch64-linux-gnu/11/../../../:/lib/:/usr/lib/
COLLECT_GCC_OPTIONS='-v' '-o' 'CMakeFiles/cmTC_f2acc.dir/CMakeCXXCompilerABI.cpp.o' '-c' '-shared-libgcc' '-mlittle-endian' '-mabi=lp64' '-dumpdir' 'CMakeFiles/cmTC_f2acc.dir/CMakeCXXCompilerABI.cpp.'
Linking CXX executable cmTC_f2acc
/usr/bin/cmake -E cmake_link_script CMakeFiles/cmTC_f2acc.dir/link.txt --verbose=1
/usr/bin/c++  -v CMakeFiles/cmTC_f2acc.dir/CMakeCXXCompilerABI.cpp.o -o cmTC_f2acc 
Using built-in specs.
COLLECT_GCC=/usr/bin/c++
COLLECT_LTO_WRAPPER=/usr/lib/gcc/aarch64-linux-gnu/11/lto-wrapper
Target: aarch64-linux-gnu
Configured with: ../src/configure -v --with-pkgversion='Ubuntu 11.4.0-1ubuntu1~22.04.3' --with-bugurl=file:///usr/share/doc/gcc-11/README.Bugs --enable-languages=c,ada,c++,go,d,fortran,objc,obj-c++,m2 --prefix=/usr --with-gcc-major-version-only --program-suffix=-11 --program-prefix=aarch64-linux-gnu- --enable-shared --enable-linker-build-id --libexecdir=/usr/lib --without-included-gettext --enable-threads=posix --libdir=/usr/lib --enable-nls --enable-bootstrap --enable-clocale=gnu --enable-libstdcxx-debug --enable-libstdcxx-time=yes --with-default-libstdcxx-abi=new --enable-gnu-unique-object --disable-libquadmath --disable-libquadmath-support --enable-plugin --enable-default-pie --with-system-zlib --enable-libphobos-checking=release --with-target-system-zlib=auto --enable-objc-gc=auto --enable-multiarch --enable-fix-cortex-a53-843419 --disable-werror --enable-checking=release --build=aarch64-linux-gnu --host=aarch64-linux-gnu --target=aarch64-linux-gnu --with-build-config=bootstrap-lto-lean --enable-link-serialization=4
Thread model: posix
Supported LTO compression algorithms: zlib zstd
gcc version 11.4.0 (Ubuntu 11.4.0-1ubuntu1~22.04.3) 
COMPILER_PATH=/usr/lib/gcc/aarch64-linux-gnu/11/:/usr/lib/gcc/aarch64-linux-gnu/11/:/usr/lib/gcc/aarch64-linux-gnu/:/usr/lib/gcc/aarch64-linux-gnu/11/:/usr/lib/gcc/aarch64-linux-gnu/
LIBRARY_PATH=/usr/lib/gcc/aarch64-linux-gnu/11/:/usr/lib/gcc/aarch64-linux-gnu/11/../../../aarch64-linux-gnu/:/usr/lib/gcc/aarch64-linux-gnu/11/../../../../lib/:/lib/aarch64-linux-gnu/:/lib/../lib/:/usr/lib/aarch64-linux-gnu/:/usr/lib/../lib/:/usr/lib/gcc/aarch64-linux-gnu/11/../../../:/lib/:/usr/lib/
COLLECT_GCC_OPTIONS='-v' '-o' 'cmTC_f2acc' '-shared-libgcc' '-mlittle-endian' '-mabi=lp64' '-dumpdir' 'cmTC_f2acc.'
 /usr/lib/gcc/aarch64-linux-gnu/11/collect2 -plugin /usr/lib/gcc/aarch64-linux-gnu/11/liblto_plugin.so -plugin-opt=/usr/lib/gcc/aarch64-linux-gnu/11/lto-wrapper -plugin-opt=-fresolution=/tmp/ccZ8SjOm.res -plugin-opt=-pass-through=-lgcc_s -plugin-opt=-pass-through=-lgcc -plugin-opt=-pass-through=-lc -plugin-opt=-pass-through=-lgcc_s -plugin-opt=-pass-through=-lgcc --build-id --eh-frame-hdr --hash-style=gnu --as-needed -dynamic-linker /lib/ld-linux-aarch64.so.1 -X -EL -maarch64linux --fix-cortex-a53-843419 -pie -z now -z relro -o cmTC_f2acc /usr/lib/gcc/aarch64-linux-gnu/11/../../../aarch64-linux-gnu/Scrt1.o /usr/lib/gcc/aarch64-linux-gnu/11/../../../aarch64-linux-gnu/crti.o /usr/lib/gcc/aarch64-linux-gnu/11/crtbeginS.o -L/usr/lib/gcc/aarch64-linux-gnu/11 -L/usr/lib/gcc/aarch64-linux-gnu/11/../../../aarch64-linux-gnu -L/usr/lib/gcc/aarch64-linux-gnu/11/../../../../lib -L/lib/aarch64-linux-gnu -L/lib/../lib -L/usr/lib/aarch64-linux-gnu -L/usr/lib/../lib -L/usr/lib/gcc/aarch64-linux-gnu/11/../../.. CMakeFiles/cmTC_f2acc.dir/CMakeCXXCompilerABI.cpp.o -lstdc++ -lm -lgcc_s -lgcc -lc -lgcc_s -lgcc /usr/lib/gcc/aarch64-linux-gnu/11/crtendS.o /usr/lib/gcc/aarch64-linux-gnu/11/../../../aarch64-linux-gnu/crtn.o
COLLECT_GCC_OPTIONS='-v' '-o' 'cmTC_f2acc' '-shared-libgcc' '-mlittle-endian' '-mabi=lp64' '-dumpdir' 'cmTC_f2acc.'
gmake[1]: Leaving directory '/home/autopilot03/Desktop/f1tenth_test0806/f1tenth_project_repo/build/bev_processor/CMakeFiles/CMakeTmp'



Parsed CXX implicit include dir info from above output: rv=done
  found start of include info
  found start of implicit include info
    add: [/usr/include/c++/11]
    add: [/usr/include/aarch64-linux-gnu/c++/11]
    add: [/usr/include/c++/11/backward]
    add: [/usr/lib/gcc/aarch64-linux-gnu/11/include]
    add: [/usr/local/include]
    add: [/usr/include/aarch64-linux-gnu]
    add: [/usr/include]
  end of search list found
  collapse include dir [/usr/include/c++/11] ==> [/usr/include/c++/11]
  collapse include dir [/usr/include/aarch64-linux-gnu/c++/11] ==> [/usr/include/aarch64-linux-gnu/c++/11]
  collapse include dir [/usr/include/c++/11/backward] ==> [/usr/include/c++/11/backward]
  collapse include dir [/usr/lib/gcc/aarch64-linux-gnu/11/include] ==> [/usr/lib/gcc/aarch64-linux-gnu/11/include]
  collapse include dir [/usr/local/include] ==> [/usr/local/include]
  collapse include dir [/usr/include/aarch64-linux-gnu] ==> [/usr/include/aarch64-linux-gnu]
  collapse include dir [/usr/include] ==> [/usr/include]
  implicit include dirs: [/usr/include/c++/11;/usr/include/aarch64-linux-gnu/c++/11;/usr/include/c++/11/backward;/usr/lib/gcc/aarch64-linux-gnu/11/include;/usr/local/include;/usr/include/aarch64-linux-gnu;/usr/include]


Parsed CXX implicit link information from above output:
  link line regex: [^( *|.*[/\])(ld|CMAKE_LINK_STARTFILE-NOTFOUND|([^/\]+-)?ld|collect2)[^/\]*( |$)]
  ignore line: [Change Dir: /home/autopilot03/Desktop/f1tenth_test0806/f1tenth_project_repo/build/bev_processor/CMakeFiles/CMakeTmp]
  ignore line: []
  ignore line: [Run Build Command(s):/usr/bin/gmake -f Makefile cmTC_f2acc/fast && /usr/bin/gmake  -f CMakeFiles/cmTC_f2acc.dir/build.make CMakeFiles/cmTC_f2acc.dir/build]
  ignore line: [gmake[1]: Entering directory '/home/autopilot03/Desktop/f1tenth_test0806/f1tenth_project_repo/build/bev_processor/CMakeFiles/CMakeTmp']
  ignore line: [Building CXX object CMakeFiles/cmTC_f2acc.dir/CMakeCXXCompilerABI.cpp.o]
  ignore line: [/usr/bin/c++   -v -o CMakeFiles/cmTC_f2acc.dir/CMakeCXXCompilerABI.cpp.o -c /usr/share/cmake-3.22/Modules/CMakeCXXCompilerABI.cpp]
  ignore line: [Using built-in specs.]
  ignore line: [COLLECT_GCC=/usr/bin/c++]
  ignore line: [Target: aarch64-linux-gnu]
  ignore line: [Configured with: ../src/configure -v --with-pkgversion='Ubuntu 11.4.0-1ubuntu1~22.04.3' --with-bugurl=file:///usr/share/doc/gcc-11/README.Bugs --enable-languages=c ada c++ go d fortran objc obj-c++ m2 --prefix=/usr --with-gcc-major-version-only --program-suffix=-11 --program-prefix=aarch64-linux-gnu- --enable-shared --enable-linker-build-id --libexecdir=/usr/lib --without-included-gettext --enable-threads=posix --libdir=/usr/lib --enable-nls --enable-bootstrap --enable-clocale=gnu --enable-libstdcxx-debug --enable-libstdcxx-time=yes --with-default-libstdcxx-abi=new --enable-gnu-unique-object --disable-libquadmath --disable-libquadmath-support --enable-plugin --enable-default-pie --with-system-zlib --enable-libphobos-checking=release --with-target-system-zlib=auto --enable-objc-gc=auto --enable-multiarch --enable-fix-cortex-a53-843419 --disable-werror --enable-checking=release --build=aarch64-linux-gnu --host=aarch64-linux-gnu --target=aarch64-linux-gnu --with-build-config=bootstrap-lto-lean --enable-link-serialization=4]
  ignore line: [Thread model: posix]
  ignore line: [Supported LTO compression algorithms: zlib zstd]
  ignore line: [gcc version 11.4.0 (Ubuntu 11.4.0-1ubuntu1~22.04.3) ]
  ignore line: [COLLECT_GCC_OPTIONS='-v' '-o' 'CMakeFiles/cmTC_f2acc.dir/CMakeCXXCompilerABI.cpp.o' '-c' '-shared-libgcc' '-mlittle-endian' '-mabi=lp64' '-dumpdir' 'CMakeFiles/cmTC_f2acc.dir/']
  ignore line: [ /usr/lib/gcc/aarch64-linux-gnu/11/cc1plus -quiet -v -imultiarch aarch64-linux-gnu -D_GNU_SOURCE /usr/share/cmake-3.22/Modules/CMakeCXXCompilerABI.cpp -quiet -dumpdir CMakeFiles/cmTC_f2acc.dir/ -dumpbase CMakeCXXCompilerABI.cpp.cpp -dumpbase-ext .cpp -mlittle-endian -mabi=lp64 -version -fasynchronous-unwind-tables -fstack-protector-strong -Wformat -Wformat-security -fstack-clash-protection -o /tmp/ccpgLyde.s]
  ignore line: [GNU C++17 (Ubuntu 11.4.0-1ubuntu1~22.04.3) version 11.4.0 (aarch64-linux-gnu)]
  ignore line: [	compiled by GNU C version 11.4.0  GMP version 6.2.1  MPFR version 4.1.0  MPC version 1.2.1  isl version isl-0.24-GMP]
  ignore line: []
  ignore line: [GGC heuristics: --param ggc-min-expand=100 --param ggc-min-heapsize=131072]
  ignore line: [ignoring duplicate directory "/usr/include/aarch64-linux-gnu/c++/11"]
  ignore line: [ignoring nonexistent directory "/usr/local/include/aarch64-linux-gnu"]
  ignore line: [ignoring nonexistent directory "/usr/lib/gcc/aarch64-linux-gnu/11/include-fixed"]
  ignore line: [ignoring nonexistent directory "/usr/lib/gcc/aarch64-linux-gnu/11/../../../../aarch64-linux-gnu/include"]
  ignore line: [#include "..." search starts here:]
  ignore line: [#include <...> search starts here:]
  ignore line: [ /usr/include/c++/11]
  ignore line: [ /usr/include/aarch64-linux-gnu/c++/11]
  ignore line: [ /usr/include/c++/11/backward]
  ignore line: [ /usr/lib/gcc/aarch64-linux-gnu/11/include]
  ignore line: [ /usr/local/include]
  ignore line: [ /usr/include/aarch64-linux-gnu]
  ignore line: [ /usr/include]
  ignore line: [End of search list.]
  ignore line: [GNU C++17 (Ubuntu 11.4.0-1ubuntu1~22.04.3) version 11.4.0 (aarch64-linux-gnu)]
  ignore line: [	compiled by GNU C version 11.4.0  GMP version 6.2.1  MPFR version 4.1.0  MPC version 1.2.1  isl version isl-0.24-GMP]
  ignore line: []
  ignore line: [GGC heuristics: --param ggc-min-expand=100 --param ggc-min-heapsize=131072]
  ignore line: [Compiler executable checksum: 1ec2e7097ef542eddc6fe6fb48e7bad4]
  ignore line: [COLLECT_GCC_OPTIONS='-v' '-o' 'CMakeFiles/cmTC_f2acc.dir/CMakeCXXCompilerABI.cpp.o' '-c' '-shared-libgcc' '-mlittle-endian' '-mabi=lp64' '-dumpdir' 'CMakeFiles/cmTC_f2acc.dir/']
  ignore line: [ as -v -EL -mabi=lp64 -o CMakeFiles/cmTC_f2acc.dir/CMakeCXXCompilerABI.cpp.o /tmp/ccpgLyde.s]
  ignore line: [GNU assembler version 2.38 (aarch64-linux-gnu) using BFD version (GNU Binutils for Ubuntu) 2.38]
  ignore line: [COMPILER_PATH=/usr/lib/gcc/aarch64-linux-gnu/11/:/usr/lib/gcc/aarch64-linux-gnu/11/:/usr/lib/gcc/aarch64-linux-gnu/:/usr/lib/gcc/aarch64-linux-gnu/11/:/usr/lib/gcc/aarch64-linux-gnu/]
  ignore line: [LIBRARY_PATH=/usr/lib/gcc/aarch64-linux-gnu/11/:/usr/lib/gcc/aarch64-linux-gnu/11/../../../aarch64-linux-gnu/:/usr/lib/gcc/aarch64-linux-gnu/11/../../../../lib/:/lib/aarch64-linux-gnu/:/lib/../lib/:/usr/lib/aarch64-linux-gnu/:/usr/lib/../lib/:/usr/lib/gcc/aarch64-linux-gnu/11/../../../:/lib/:/usr/lib/]
  ignore line: [COLLECT_GCC_OPTIONS='-v' '-o' 'CMakeFiles/cmTC_f2acc.dir/CMakeCXXCompilerABI.cpp.o' '-c' '-shared-libgcc' '-mlittle-endian' '-mabi=lp64' '-dumpdir' 'CMakeFiles/cmTC_f2acc.dir/CMakeCXXCompilerABI.cpp.']
  ignore line: [Linking CXX executable cmTC_f2acc]
  ignore line: [/usr/bin/cmake -E cmake_link_script CMakeFiles/cmTC_f2acc.dir/link.txt --verbose=1]
  ignore line: [/usr/bin/c++  -v CMakeFiles/cmTC_f2acc.dir/CMakeCXXCompilerABI.cpp.o -o cmTC_f2acc ]
  ignore line: [Using built-in specs.]
  ignore line: [COLLECT_GCC=/usr/bin/c++]
  ignore line: [COLLECT_LTO_WRAPPER=/usr/lib/gcc/aarch64-linux-gnu/11/lto-wrapper]
  ignore line: [Target: aarch64-linux-gnu]
  ignore line: [Configured with: ../src/configure -v --with-pkgversion='Ubuntu 11.4.0-1ubuntu1~22.04.3' --with-bugurl=file:///usr/share/doc/gcc-11/README.Bugs --enable-languages=c ada c++ go d fortran objc obj-c++ m2 --prefix=/usr --with-gcc-major-version-only --program-suffix=-11 --program-prefix=aarch64-linux-gnu- --enable-shared --enable-linker-build-id --libexecdir=/usr/lib --without-included-gettext --enable-threads=posix --libdir=/usr/lib --enable-nls --enable-bootstrap --enable-clocale=gnu --enable-libstdcxx-debug --enable-libstdcxx-time=yes --with-default-libstdcxx-abi=new --enable-gnu-unique-object --disable-libquadmath --disable-libquadmath-support --enable-plugin --enable-default-pie --with-system-zlib --enable-libphobos-checking=release --with-target-system-zlib=auto --enable-objc-gc=auto --enable-multiarch --enable-fix-cortex-a53-843419 --disable-werror --enable-checking=release --build=aarch64-linux-gnu --host=aarch64-linux-gnu --target=aarch64-linux-gnu --with-build-config=bootstrap-lto-lean --enable-link-serialization=4]
  ignore line: [Thread model: posix]
  ignore line: [Supported LTO compression algorithms: zlib zstd]
  ignore line: [gcc version 11.4.0 (Ubuntu 11.4.0-1ubuntu1~22.04.3) ]
  ignore line: [COMPILER_PATH=/usr/lib/gcc/aarch64-linux-gnu/11/:/usr/lib/gcc/aarch64-linux-gnu/11/:/usr/lib/gcc/aarch64-linux-gnu/:/usr/lib/gcc/aarch64-linux-gnu/11/:/usr/lib/gcc/aarch64-linux-gnu/]
  ignore line: [LIBRARY_PATH=/usr/lib/gcc/aarch64-linux-gnu/11/:/usr/lib/gcc/aarch64-linux-gnu/11/../../../aarch64-linux-gnu/:/usr/lib/gcc/aarch64-linux-gnu/11/../../../../lib/:/lib/aarch64-linux-gnu/:/lib/../lib/:/usr/lib/aarch64-linux-gnu/:/usr/lib/../lib/:/usr/lib/gcc/aarch64-linux-gnu/11/../../../:/lib/:/usr/lib/]
  ignore line: [COLLECT_GCC_OPTIONS='-v' '-o' 'cmTC_f2acc' '-shared-libgcc' '-mlittle-endian' '-mabi=lp64' '-dumpdir' 'cmTC_f2acc.']
  link line: [ /usr/lib/gcc/aarch64-linux-gnu/11/collect2 -plugin /usr/lib/gcc/aarch64-linux-gnu/11/liblto_plugin.so -plugin-opt=/usr/lib/gcc/aarch64-linux-gnu/11/lto-wrapper -plugin-opt=-fresolution=/tmp/ccZ8SjOm.res -plugin-opt=-pass-through=-lgcc_s -plugin-opt=-pass-through=-lgcc -plugin-opt=-pass-through=-lc -plugin-opt=-pass-through=-lgcc_s -plugin-opt=-pass-through=-lgcc --build-id --eh-frame-hdr --hash-style=gnu --as-needed -dynamic-linker /lib/ld-linux-aarch64.so.1 -X -EL -maarch64linux --fix-cortex-a53-843419 -pie -z now -z relro -o cmTC_f2acc /usr/lib/gcc/aarch64-linux-gnu/11/../../../aarch64-linux-gnu/Scrt1.o /usr/lib/gcc/aarch64-linux-gnu/11/../../../aarch64-linux-gnu/crti.o /usr/lib/gcc/aarch64-linux-gnu/11/crtbeginS.o -L/usr/lib/gcc/aarch64-linux-gnu/11 -L/usr/lib/gcc/aarch64-linux-gnu/11/../../../aarch64-linux-gnu -L/usr/lib/gcc/aarch64-linux-gnu/11/../../../../lib -L/lib/aarch64-linux-gnu -L/lib/../lib -L/usr/lib/aarch64-linux-gnu -L/usr/lib/../lib -L/usr/lib/gcc/aarch64-linux-gnu/11/../../.. CMakeFiles/cmTC_f2acc.dir/CMakeCXXCompilerABI.cpp.o -lstdc++ -lm -lgcc_s -lgcc -lc -lgcc_s -lgcc /usr/lib/gcc/aarch64-linux-gnu/11/crtendS.o /usr/lib/gcc/aarch64-linux-gnu/11/../../../aarch64-linux-gnu/crtn.o]
    arg [/usr/lib/gcc/aarch64-linux-gnu/11/collect2] ==> ignore
    arg [-plugin] ==> ignore
    arg [/usr/lib/gcc/aarch64-linux-gnu/11/liblto_plugin.so] ==> ignore
    arg [-plugin-opt=/usr/lib/gcc/aarch64-linux-gnu/11/lto-wrapper] ==> ignore
    arg [-plugin-opt=-fresolution=/tmp/ccZ8SjOm.res] ==> ignore
    arg [-plugin-opt=-pass-through=-lgcc_s] ==> ignore
    arg [-plugin-opt=-pass-through=-lgcc] ==> ignore
    arg [-plugin-opt=-pass-through=-lc] ==> ignore
    arg [-plugin-opt=-pass-through=-lgcc_s] ==> ignore
    arg [-plugin-opt=-pass-through=-lgcc] ==> ignore
    arg [--build-id] ==> ignore
    arg [--eh-frame-hdr] ==> ignore
    arg [--hash-style=gnu] ==> ignore
    arg [--as-needed] ==> ignore
    arg [-dynamic-linker] ==> ignore
    arg [/lib/ld-linux-aarch64.so.1] ==> ignore
    arg [-X] ==> ignore
    arg [-EL] ==> ignore
    arg [-maarch64linux] ==> ignore
    arg [--fix-cortex-a53-843419] ==> ignore
    arg [-pie] ==> ignore
    arg [-znow] ==> ignore
    arg [-zrelro] ==> ignore
    arg [-o] ==> ignore
    arg [cmTC_f2acc] ==> ignore
    arg [/usr/lib/gcc/aarch64-linux-gnu/11/../../../aarch64-linux-gnu/Scrt1.o] ==> obj [/usr/lib/gcc/aarch64-linux-gnu/11/../../../aarch64-linux-gnu/Scrt1.o]
    arg [/usr/lib/gcc/aarch64-linux-gnu/11/../../../aarch64-linux-gnu/crti.o] ==> obj [/usr/lib/gcc/aarch64-linux-gnu/11/../../../aarch64-linux-gnu/crti.o]
    arg [/usr/lib/gcc/aarch64-linux-gnu/11/crtbeginS.o] ==> obj [/usr/lib/gcc/aarch64-linux-gnu/11/crtbeginS.o]
    arg [-L/usr/lib/gcc/aarch64-linux-gnu/11] ==> dir [/usr/lib/gcc/aarch64-linux-gnu/11]
    arg [-L/usr/lib/gcc/aarch64-linux-gnu/11/../../../aarch64-linux-gnu] ==> dir [/usr/lib/gcc/aarch64-linux-gnu/11/../../../aarch64-linux-gnu]
    arg [-L/usr/lib/gcc/aarch64-linux-gnu/11/../../../../lib] ==> dir [/usr/lib/gcc/aarch64-linux-gnu/11/../../../../lib]
    arg [-L/lib/aarch64-linux-gnu] ==> dir [/lib/aarch64-linux-gnu]
    arg [-L/lib/../lib] ==> dir [/lib/../lib]
    arg [-L/usr/lib/aarch64-linux-gnu] ==> dir [/usr/lib/aarch64-linux-gnu]
    arg [-L/usr/lib/../lib] ==> dir [/usr/lib/../lib]
    arg [-L/usr/lib/gcc/aarch64-linux-gnu/11/../../..] ==> dir [/usr/lib/gcc/aarch64-linux-gnu/11/../../..]
    arg [CMakeFiles/cmTC_f2acc.dir/CMakeCXXCompilerABI.cpp.o] ==> ignore
    arg [-lstdc++] ==> lib [stdc++]
    arg [-lm] ==> lib [m]
    arg [-lgcc_s] ==> lib [gcc_s]
    arg [-lgcc] ==> lib [gcc]
    arg [-lc] ==> lib [c]
    arg [-lgcc_s] ==> lib [gcc_s]
    arg [-lgcc] ==> lib [gcc]
    arg [/usr/lib/gcc/aarch64-linux-gnu/11/crtendS.o] ==> obj [/usr/lib/gcc/aarch64-linux-gnu/11/crtendS.o]
    arg [/usr/lib/gcc/aarch64-linux-gnu/11/../../../aarch64-linux-gnu/crtn.o] ==> obj [/usr/lib/gcc/aarch64-linux-gnu/11/../../../aarch64-linux-gnu/crtn.o]
  collapse obj [/usr/lib/gcc/aarch64-linux-gnu/11/../../../aarch64-linux-gnu/Scrt1.o] ==> [/usr/lib/aarch64-linux-gnu/Scrt1.o]
  collapse obj [/usr/lib/gcc/aarch64-linux-gnu/11/../../../aarch64-linux-gnu/crti.o] ==> [/usr/lib/aarch64-linux-gnu/crti.o]
  collapse obj [/usr/lib/gcc/aarch64-linux-gnu/11/../../../aarch64-linux-gnu/crtn.o] ==> [/usr/lib/aarch64-linux-gnu/crtn.o]
  collapse library dir [/usr/lib/gcc/aarch64-linux-gnu/11] ==> [/usr/lib/gcc/aarch64-linux-gnu/11]
  collapse library dir [/usr/lib/gcc/aarch64-linux-gnu/11/../../../aarch64-linux-gnu] ==> [/usr/lib/aarch64-linux-gnu]
  collapse library dir [/usr/lib/gcc/aarch64-linux-gnu/11/../../../../lib] ==> [/usr/lib]
  collapse library dir [/lib/aarch64-linux-gnu] ==> [/lib/aarch64-linux-gnu]
  collapse library dir [/lib/../lib] ==> [/lib]
  collapse library dir [/usr/lib/aarch64-linux-gnu] ==> [/usr/lib/aarch64-linux-gnu]
  collapse library dir [/usr/lib/../lib] ==> [/usr/lib]
  collapse library dir [/usr/lib/gcc/aarch64-linux-gnu/11/../../..] ==> [/usr/lib]
  implicit libs: [stdc++;m;gcc_s;gcc;c;gcc_s;gcc]
  implicit objs: [/usr/lib/aarch64-linux-gnu/Scrt1.o;/usr/lib/aarch64-linux-gnu/crti.o;/usr/lib/gcc/aarch64-linux-gnu/11/crtbeginS.o;/usr/lib/gcc/aarch64-linux-gnu/11/crtendS.o;/usr/lib/aarch64-linux-gnu/crtn.o]
  implicit dirs: [/usr/lib/gcc/aarch64-linux-gnu/11;/usr/lib/aarch64-linux-gnu;/usr/lib;/lib/aarch64-linux-gnu;/lib]
  implicit fwks: []


Detecting CUDA compiler ABI info compiled with the following output:
Change Dir: /home/autopilot03/Desktop/f1tenth_test0806/f1tenth_project_repo/build/bev_processor/CMakeFiles/CMakeTmp

Run Build Command(s):/usr/bin/gmake -f Makefile cmTC_3f1e8/fast && /usr/bin/gmake  -f CMakeFiles/cmTC_3f1e8.dir/build.make CMakeFiles/cmTC_3f1e8.dir/build
gmake[1]: Entering directory '/home/autopilot03/Desktop/f1tenth_test0806/f1tenth_project_repo/build/bev_processor/CMakeFiles/CMakeTmp'
Building CUDA object CMakeFiles/cmTC_3f1e8.dir/CMakeCUDACompilerABI.cu.o
/usr/local/cuda/bin/nvcc -forward-unknown-to-host-compiler   --generate-code=arch=compute_52,code=[compute_52,sm_52]   -Xcompiler=-v -MD -MT CMakeFiles/cmTC_3f1e8.dir/CMakeCUDACompilerABI.cu.o -MF CMakeFiles/cmTC_3f1e8.dir/CMakeCUDACompilerABI.cu.o.d -x cu -c /usr/share/cmake-3.22/Modules/CMakeCUDACompilerABI.cu -o CMakeFiles/cmTC_3f1e8.dir/CMakeCUDACompilerABI.cu.o
Using built-in specs.
COLLECT_GCC=gcc
Target: aarch64-linux-gnu
Configured with: ../src/configure -v --with-pkgversion='Ubuntu 11.4.0-1ubuntu1~22.04.3' --with-bugurl=file:///usr/share/doc/gcc-11/README.Bugs --enable-languages=c,ada,c++,go,d,fortran,objc,obj-c++,m2 --prefix=/usr --with-gcc-major-version-only --program-suffix=-11 --program-prefix=aarch64-linux-gnu- --enable-shared --enable-linker-build-id --libexecdir=/usr/lib --without-included-gettext --enable-threads=posix --libdir=/usr/lib --enable-nls --enable-bootstrap --enable-clocale=gnu --enable-libstdcxx-debug --enable-libstdcxx-time=yes --with-default-libstdcxx-abi=new --enable-gnu-unique-object --disable-libquadmath --disable-libquadmath-support --enable-plugin --enable-default-pie --with-system-zlib --enable-libphobos-checking=release --with-target-system-zlib=auto --enable-objc-gc=auto --enable-multiarch --enable-fix-cortex-a53-843419 --disable-werror --enable-checking=release --build=aarch64-linux-gnu --host=aarch64-linux-gnu --target=aarch64-linux-gnu --with-build-config=bootstrap-lto-lean --enable-link-serialization=4
Thread model: posix
Supported LTO compression algorithms: zlib zstd
gcc version 11.4.0 (Ubuntu 11.4.0-1ubuntu1~22.04.3) 
COLLECT_GCC_OPTIONS='-D' '__CUDA_ARCH__=520' '-D' '__CUDA_ARCH_LIST__=520' '-D' '__NV_LEGACY_LAUNCH' '-E' '-D' 'CUDA_DOUBLE_MATH_FUNCTIONS' '-D' '__CUDACC__' '-D' '__NVCC__' '-v' '-I' '/usr/local/cuda/bin/../targets/aarch64-linux/include' '-D' '__CUDACC_VER_MAJOR__=12' '-D' '__CUDACC_VER_MINOR__=6' '-D' '__CUDACC_VER_BUILD__=68' '-D' '__CUDA_API_VER_MAJOR__=12' '-D' '__CUDA_API_VER_MINOR__=6' '-D' '__NVCC_DIAG_PRAGMA_SUPPORT__=1' '-include' 'cuda_runtime.h' '-o' '/tmp/tmpxft_000029c4_00000000-7_CMakeCUDACompilerABI.cpp1.ii' '-mlittle-endian' '-mabi=lp64' '-dumpdir' '/tmp/'
 /usr/lib/gcc/aarch64-linux-gnu/11/cc1plus -E -quiet -v -I /usr/local/cuda/bin/../targets/aarch64-linux/include -imultiarch aarch64-linux-gnu -D_GNU_SOURCE -D __CUDA_ARCH__=520 -D __CUDA_ARCH_LIST__=520 -D __NV_LEGACY_LAUNCH -D CUDA_DOUBLE_MATH_FUNCTIONS -D __CUDACC__ -D __NVCC__ -D __CUDACC_VER_MAJOR__=12 -D __CUDACC_VER_MINOR__=6 -D __CUDACC_VER_BUILD__=68 -D __CUDA_API_VER_MAJOR__=12 -D __CUDA_API_VER_MINOR__=6 -D __NVCC_DIAG_PRAGMA_SUPPORT__=1 -include cuda_runtime.h /usr/share/cmake-3.22/Modules/CMakeCUDACompilerABI.cu -o /tmp/tmpxft_000029c4_00000000-7_CMakeCUDACompilerABI.cpp1.ii -mlittle-endian -mabi=lp64 -fasynchronous-unwind-tables -fstack-protector-strong -Wformat -Wformat-security -fstack-clash-protection -dumpdir /tmp/ -dumpbase tmpxft_000029c4_00000000-7_CMakeCUDACompilerABI.cpp1.cu -dumpbase-ext .cu
ignoring duplicate directory "/usr/include/aarch64-linux-gnu/c++/11"
ignoring nonexistent directory "/usr/local/include/aarch64-linux-gnu"
ignoring nonexistent directory "/usr/lib/gcc/aarch64-linux-gnu/11/include-fixed"
ignoring nonexistent directory "/usr/lib/gcc/aarch64-linux-gnu/11/../../../../aarch64-linux-gnu/include"
#include "..." search starts here:
#include <...> search starts here:
 /usr/local/cuda/bin/../targets/aarch64-linux/include
 /usr/include/c++/11
 /usr/include/aarch64-linux-gnu/c++/11
 /usr/include/c++/11/backward
 /usr/lib/gcc/aarch64-linux-gnu/11/include
 /usr/local/include
 /usr/include/aarch64-linux-gnu
 /usr/include
End of search list.
COMPILER_PATH=/usr/lib/gcc/aarch64-linux-gnu/11/:/usr/lib/gcc/aarch64-linux-gnu/11/:/usr/lib/gcc/aarch64-linux-gnu/:/usr/lib/gcc/aarch64-linux-gnu/11/:/usr/lib/gcc/aarch64-linux-gnu/
LIBRARY_PATH=/usr/lib/gcc/aarch64-linux-gnu/11/:/usr/lib/gcc/aarch64-linux-gnu/11/../../../aarch64-linux-gnu/:/usr/lib/gcc/aarch64-linux-gnu/11/../../../../lib/:/lib/aarch64-linux-gnu/:/lib/../lib/:/usr/lib/aarch64-linux-gnu/:/usr/lib/../lib/:/usr/lib/gcc/aarch64-linux-gnu/11/../../../:/lib/:/usr/lib/
COLLECT_GCC_OPTIONS='-D' '__CUDA_ARCH__=520' '-D' '__CUDA_ARCH_LIST__=520' '-D' '__NV_LEGACY_LAUNCH' '-E' '-D' 'CUDA_DOUBLE_MATH_FUNCTIONS' '-D' '__CUDACC__' '-D' '__NVCC__' '-v' '-I' '/usr/local/cuda/bin/../targets/aarch64-linux/include' '-D' '__CUDACC_VER_MAJOR__=12' '-D' '__CUDACC_VER_MINOR__=6' '-D' '__CUDACC_VER_BUILD__=68' '-D' '__CUDA_API_VER_MAJOR__=12' '-D' '__CUDA_API_VER_MINOR__=6' '-D' '__NVCC_DIAG_PRAGMA_SUPPORT__=1' '-include' 'cuda_runtime.h' '-o' '/tmp/tmpxft_000029c4_00000000-7_CMakeCUDACompilerABI.cpp1.ii' '-mlittle-endian' '-mabi=lp64' '-dumpdir' '/tmp/tmpxft_000029c4_00000000-7_CMakeCUDACompilerABI.cpp1.'
Using built-in specs.
COLLECT_GCC=gcc
Target: aarch64-linux-gnu
Configured with: ../src/configure -v --with-pkgversion='Ubuntu 11.4.0-1ubuntu1~22.04.3' --with-bugurl=file:///usr/share/doc/gcc-11/README.Bugs --enable-languages=c,ada,c++,go,d,fortran,objc,obj-c++,m2 --prefix=/usr --with-gcc-major-version-only --program-suffix=-11 --program-prefix=aarch64-linux-gnu- --enable-shared --enable-linker-build-id --libexecdir=/usr/lib --without-included-gettext --enable-threads=posix --libdir=/usr/lib --enable-nls --enable-bootstrap --enable-clocale=gnu --enable-libstdcxx-debug --enable-libstdcxx-time=yes --with-default-libstdcxx-abi=new --enable-gnu-unique-object --disable-libquadmath --disable-libquadmath-support --enable-plugin --enable-default-pie --with-system-zlib --enable-libphobos-checking=release --with-target-system-zlib=auto --enable-objc-gc=auto --enable-multiarch --enable-fix-cortex-a53-843419 --disable-werror --enable-checking=release --build=aarch64-linux-gnu --host=aarch64-linux-gnu --target=aarch64-linux-gnu --with-build-config=bootstrap-lto-lean --enable-link-serialization=4
Thread model: posix
Supported LTO compression algorithms: zlib zstd
gcc version 11.4.0 (Ubuntu 11.4.0-1ubuntu1~22.04.3) 
COLLECT_GCC_OPTIONS='-D' '__CUDA_ARCH_LIST__=520' '-D' '__NV_LEGACY_LAUNCH' '-E' '-D' '__CUDACC__' '-D' '__NVCC__' '-v' '-I' '/usr/local/cuda/bin/../targets/aarch64-linux/include' '-D' '__CUDACC_VER_MAJOR__=12' '-D' '__CUDACC_VER_MINOR__=6' '-D' '__CUDACC_VER_BUILD__=68' '-D' '__CUDA_API_VER_MAJOR__=12' '-D' '__CUDA_API_VER_MINOR__=6' '-D' '__NVCC_DIAG_PRAGMA_SUPPORT__=1' '-include' 'cuda_runtime.h' '-o' '/tmp/tmpxft_000029c4_00000000-5_CMakeCUDACompilerABI.cpp4.ii' '-mlittle-endian' '-mabi=lp64' '-dumpdir' '/tmp/'
 /usr/lib/gcc/aarch64-linux-gnu/11/cc1plus -E -quiet -v -I /usr/local/cuda/bin/../targets/aarch64-linux/include -imultiarch aarch64-linux-gnu -D_GNU_SOURCE -D __CUDA_ARCH_LIST__=520 -D __NV_LEGACY_LAUNCH -D __CUDACC__ -D __NVCC__ -D __CUDACC_VER_MAJOR__=12 -D __CUDACC_VER_MINOR__=6 -D __CUDACC_VER_BUILD__=68 -D __CUDA_API_VER_MAJOR__=12 -D __CUDA_API_VER_MINOR__=6 -D __NVCC_DIAG_PRAGMA_SUPPORT__=1 -include cuda_runtime.h /usr/share/cmake-3.22/Modules/CMakeCUDACompilerABI.cu -o /tmp/tmpxft_000029c4_00000000-5_CMakeCUDACompilerABI.cpp4.ii -mlittle-endian -mabi=lp64 -fasynchronous-unwind-tables -fstack-protector-strong -Wformat -Wformat-security -fstack-clash-protection -dumpdir /tmp/ -dumpbase tmpxft_000029c4_00000000-5_CMakeCUDACompilerABI.cpp4.cu -dumpbase-ext .cu
ignoring duplicate directory "/usr/include/aarch64-linux-gnu/c++/11"
ignoring nonexistent directory "/usr/local/include/aarch64-linux-gnu"
ignoring nonexistent directory "/usr/lib/gcc/aarch64-linux-gnu/11/include-fixed"
ignoring nonexistent directory "/usr/lib/gcc/aarch64-linux-gnu/11/../../../../aarch64-linux-gnu/include"
#include "..." search starts here:
#include <...> search starts here:
 /usr/local/cuda/bin/../targets/aarch64-linux/include
 /usr/include/c++/11
 /usr/include/aarch64-linux-gnu/c++/11
 /usr/include/c++/11/backward
 /usr/lib/gcc/aarch64-linux-gnu/11/include
 /usr/local/include
 /usr/include/aarch64-linux-gnu
 /usr/include
End of search list.
COMPILER_PATH=/usr/lib/gcc/aarch64-linux-gnu/11/:/usr/lib/gcc/aarch64-linux-gnu/11/:/usr/lib/gcc/aarch64-linux-gnu/:/usr/lib/gcc/aarch64-linux-gnu/11/:/usr/lib/gcc/aarch64-linux-gnu/
LIBRARY_PATH=/usr/lib/gcc/aarch64-linux-gnu/11/:/usr/lib/gcc/aarch64-linux-gnu/11/../../../aarch64-linux-gnu/:/usr/lib/gcc/aarch64-linux-gnu/11/../../../../lib/:/lib/aarch64-linux-gnu/:/lib/../lib/:/usr/lib/aarch64-linux-gnu/:/usr/lib/../lib/:/usr/lib/gcc/aarch64-linux-gnu/11/../../../:/lib/:/usr/lib/
COLLECT_GCC_OPTIONS='-D' '__CUDA_ARCH_LIST__=520' '-D' '__NV_LEGACY_LAUNCH' '-E' '-D' '__CUDACC__' '-D' '__NVCC__' '-v' '-I' '/usr/local/cuda/bin/../targets/aarch64-linux/include' '-D' '__CUDACC_VER_MAJOR__=12' '-D' '__CUDACC_VER_MINOR__=6' '-D' '__CUDACC_VER_BUILD__=68' '-D' '__CUDA_API_VER_MAJOR__=12' '-D' '__CUDA_API_VER_MINOR__=6' '-D' '__NVCC_DIAG_PRAGMA_SUPPORT__=1' '-include' 'cuda_runtime.h' '-o' '/tmp/tmpxft_000029c4_00000000-5_CMakeCUDACompilerABI.cpp4.ii' '-mlittle-endian' '-mabi=lp64' '-dumpdir' '/tmp/tmpxft_000029c4_00000000-5_CMakeCUDACompilerABI.cpp4.'
Using built-in specs.
COLLECT_GCC=gcc
Target: aarch64-linux-gnu
Configured with: ../src/configure -v --with-pkgversion='Ubuntu 11.4.0-1ubuntu1~22.04.3' --with-bugurl=file:///usr/share/doc/gcc-11/README.Bugs --enable-languages=c,ada,c++,go,d,fortran,objc,obj-c++,m2 --prefix=/usr --with-gcc-major-version-only --program-suffix=-11 --program-prefix=aarch64-linux-gnu- --enable-shared --enable-linker-build-id --libexecdir=/usr/lib --without-included-gettext --enable-threads=posix --libdir=/usr/lib --enable-nls --enable-bootstrap --enable-clocale=gnu --enable-libstdcxx-debug --enable-libstdcxx-time=yes --with-default-libstdcxx-abi=new --enable-gnu-unique-object --disable-libquadmath --disable-libquadmath-support --enable-plugin --enable-default-pie --with-system-zlib --enable-libphobos-checking=release --with-target-system-zlib=auto --enable-objc-gc=auto --enable-multiarch --enable-fix-cortex-a53-843419 --disable-werror --enable-checking=release --build=aarch64-linux-gnu --host=aarch64-linux-gnu --target=aarch64-linux-gnu --with-build-config=bootstrap-lto-lean --enable-link-serialization=4
Thread model: posix
Supported LTO compression algorithms: zlib zstd
gcc version 11.4.0 (Ubuntu 11.4.0-1ubuntu1~22.04.3) 
COLLECT_GCC_OPTIONS='-D' '__CUDA_ARCH__=520' '-D' '__CUDA_ARCH_LIST__=520' '-D' '__NV_LEGACY_LAUNCH' '-c' '-D' 'CUDA_DOUBLE_MATH_FUNCTIONS' '-v' '-Wno-psabi' '-I' '/usr/local/cuda/bin/../targets/aarch64-linux/include' '-o' 'CMakeFiles/cmTC_3f1e8.dir/CMakeCUDACompilerABI.cu.o' '-mlittle-endian' '-mabi=lp64' '-dumpdir' 'CMakeFiles/cmTC_3f1e8.dir/'
 /usr/lib/gcc/aarch64-linux-gnu/11/cc1plus -quiet -v -I /usr/local/cuda/bin/../targets/aarch64-linux/include -imultiarch aarch64-linux-gnu -D_GNU_SOURCE -D __CUDA_ARCH__=520 -D __CUDA_ARCH_LIST__=520 -D __NV_LEGACY_LAUNCH -D CUDA_DOUBLE_MATH_FUNCTIONS /tmp/tmpxft_000029c4_00000000-6_CMakeCUDACompilerABI.cudafe1.cpp -quiet -dumpdir CMakeFiles/cmTC_3f1e8.dir/ -dumpbase CMakeCUDACompilerABI.cu.cpp -dumpbase-ext .cpp -mlittle-endian -mabi=lp64 -Wno-psabi -version -fasynchronous-unwind-tables -fstack-protector-strong -Wformat -Wformat-security -fstack-clash-protection -o /tmp/ccj74sbY.s
GNU C++17 (Ubuntu 11.4.0-1ubuntu1~22.04.3) version 11.4.0 (aarch64-linux-gnu)
	compiled by GNU C version 11.4.0, GMP version 6.2.1, MPFR version 4.1.0, MPC version 1.2.1, isl version isl-0.24-GMP

GGC heuristics: --param ggc-min-expand=100 --param ggc-min-heapsize=131072
ignoring duplicate directory "/usr/include/aarch64-linux-gnu/c++/11"
ignoring nonexistent directory "/usr/local/include/aarch64-linux-gnu"
ignoring nonexistent directory "/usr/lib/gcc/aarch64-linux-gnu/11/include-fixed"
ignoring nonexistent directory "/usr/lib/gcc/aarch64-linux-gnu/11/../../../../aarch64-linux-gnu/include"
#include "..." search starts here:
#include <...> search starts here:
 /usr/local/cuda/bin/../targets/aarch64-linux/include
 /usr/include/c++/11
 /usr/include/aarch64-linux-gnu/c++/11
 /usr/include/c++/11/backward
 /usr/lib/gcc/aarch64-linux-gnu/11/include
 /usr/local/include
 /usr/include/aarch64-linux-gnu
 /usr/include
End of search list.
GNU C++17 (Ubuntu 11.4.0-1ubuntu1~22.04.3) version 11.4.0 (aarch64-linux-gnu)
	compiled by GNU C version 11.4.0, GMP version 6.2.1, MPFR version 4.1.0, MPC version 1.2.1, isl version isl-0.24-GMP

GGC heuristics: --param ggc-min-expand=100 --param ggc-min-heapsize=131072
Compiler executable checksum: 1ec2e7097ef542eddc6fe6fb48e7bad4
COLLECT_GCC_OPTIONS='-D' '__CUDA_ARCH__=520' '-D' '__CUDA_ARCH_LIST__=520' '-D' '__NV_LEGACY_LAUNCH' '-c' '-D' 'CUDA_DOUBLE_MATH_FUNCTIONS' '-v' '-Wno-psabi' '-I' '/usr/local/cuda/bin/../targets/aarch64-linux/include' '-o' 'CMakeFiles/cmTC_3f1e8.dir/CMakeCUDACompilerABI.cu.o' '-mlittle-endian' '-mabi=lp64' '-dumpdir' 'CMakeFiles/cmTC_3f1e8.dir/'
 as -v -I /usr/local/cuda/bin/../targets/aarch64-linux/include -EL -mabi=lp64 -o CMakeFiles/cmTC_3f1e8.dir/CMakeCUDACompilerABI.cu.o /tmp/ccj74sbY.s
GNU assembler version 2.38 (aarch64-linux-gnu) using BFD version (GNU Binutils for Ubuntu) 2.38
COMPILER_PATH=/usr/lib/gcc/aarch64-linux-gnu/11/:/usr/lib/gcc/aarch64-linux-gnu/11/:/usr/lib/gcc/aarch64-linux-gnu/:/usr/lib/gcc/aarch64-linux-gnu/11/:/usr/lib/gcc/aarch64-linux-gnu/
LIBRARY_PATH=/usr/lib/gcc/aarch64-linux-gnu/11/:/usr/lib/gcc/aarch64-linux-gnu/11/../../../aarch64-linux-gnu/:/usr/lib/gcc/aarch64-linux-gnu/11/../../../../lib/:/lib/aarch64-linux-gnu/:/lib/../lib/:/usr/lib/aarch64-linux-gnu/:/usr/lib/../lib/:/usr/lib/gcc/aarch64-linux-gnu/11/../../../:/lib/:/usr/lib/
COLLECT_GCC_OPTIONS='-D' '__CUDA_ARCH__=520' '-D' '__CUDA_ARCH_LIST__=520' '-D' '__NV_LEGACY_LAUNCH' '-c' '-D' 'CUDA_DOUBLE_MATH_FUNCTIONS' '-v' '-Wno-psabi' '-I' '/usr/local/cuda/bin/../targets/aarch64-linux/include' '-o' 'CMakeFiles/cmTC_3f1e8.dir/CMakeCUDACompilerABI.cu.o' '-mlittle-endian' '-mabi=lp64' '-dumpdir' 'CMakeFiles/cmTC_3f1e8.dir/CMakeCUDACompilerABI.cu.'
Linking CUDA executable cmTC_3f1e8
/usr/bin/cmake -E cmake_link_script CMakeFiles/cmTC_3f1e8.dir/link.txt --verbose=1
/usr/bin/g++  -v CMakeFiles/cmTC_3f1e8.dir/CMakeCUDACompilerABI.cu.o -o cmTC_3f1e8  -lcudadevrt -lcudart_static -lrt -lpthread -ldl  -L"/usr/local/cuda/targets/aarch64-linux/lib/stubs" -L"/usr/local/cuda/targets/aarch64-linux/lib"
Using built-in specs.
COLLECT_GCC=/usr/bin/g++
COLLECT_LTO_WRAPPER=/usr/lib/gcc/aarch64-linux-gnu/11/lto-wrapper
Target: aarch64-linux-gnu
Configured with: ../src/configure -v --with-pkgversion='Ubuntu 11.4.0-1ubuntu1~22.04.3' --with-bugurl=file:///usr/share/doc/gcc-11/README.Bugs --enable-languages=c,ada,c++,go,d,fortran,objc,obj-c++,m2 --prefix=/usr --with-gcc-major-version-only --program-suffix=-11 --program-prefix=aarch64-linux-gnu- --enable-shared --enable-linker-build-id --libexecdir=/usr/lib --without-included-gettext --enable-threads=posix --libdir=/usr/lib --enable-nls --enable-bootstrap --enable-clocale=gnu --enable-libstdcxx-debug --enable-libstdcxx-time=yes --with-default-libstdcxx-abi=new --enable-gnu-unique-object --disable-libquadmath --disable-libquadmath-support --enable-plugin --enable-default-pie --with-system-zlib --enable-libphobos-checking=release --with-target-system-zlib=auto --enable-objc-gc=auto --enable-multiarch --enable-fix-cortex-a53-843419 --disable-werror --enable-checking=release --build=aarch64-linux-gnu --host=aarch64-linux-gnu --target=aarch64-linux-gnu --with-build-config=bootstrap-lto-lean --enable-link-serialization=4
Thread model: posix
Supported LTO compression algorithms: zlib zstd
gcc version 11.4.0 (Ubuntu 11.4.0-1ubuntu1~22.04.3) 
COMPILER_PATH=/usr/lib/gcc/aarch64-linux-gnu/11/:/usr/lib/gcc/aarch64-linux-gnu/11/:/usr/lib/gcc/aarch64-linux-gnu/:/usr/lib/gcc/aarch64-linux-gnu/11/:/usr/lib/gcc/aarch64-linux-gnu/
LIBRARY_PATH=/usr/lib/gcc/aarch64-linux-gnu/11/:/usr/lib/gcc/aarch64-linux-gnu/11/../../../aarch64-linux-gnu/:/usr/lib/gcc/aarch64-linux-gnu/11/../../../../lib/:/lib/aarch64-linux-gnu/:/lib/../lib/:/usr/lib/aarch64-linux-gnu/:/usr/lib/../lib/:/usr/lib/gcc/aarch64-linux-gnu/11/../../../:/lib/:/usr/lib/
COLLECT_GCC_OPTIONS='-v' '-o' 'cmTC_3f1e8' '-L/usr/local/cuda/targets/aarch64-linux/lib/stubs' '-L/usr/local/cuda/targets/aarch64-linux/lib' '-shared-libgcc' '-mlittle-endian' '-mabi=lp64' '-dumpdir' 'cmTC_3f1e8.'
 /usr/lib/gcc/aarch64-linux-gnu/11/collect2 -plugin /usr/lib/gcc/aarch64-linux-gnu/11/liblto_plugin.so -plugin-opt=/usr/lib/gcc/aarch64-linux-gnu/11/lto-wrapper -plugin-opt=-fresolution=/tmp/ccjcvLQZ.res -plugin-opt=-pass-through=-lgcc_s -plugin-opt=-pass-through=-lgcc -plugin-opt=-pass-through=-lc -plugin-opt=-pass-through=-lgcc_s -plugin-opt=-pass-through=-lgcc --build-id --eh-frame-hdr --hash-style=gnu --as-needed -dynamic-linker /lib/ld-linux-aarch64.so.1 -X -EL -maarch64linux --fix-cortex-a53-843419 -pie -z now -z relro -o cmTC_3f1e8 /usr/lib/gcc/aarch64-linux-gnu/11/../../../aarch64-linux-gnu/Scrt1.o /usr/lib/gcc/aarch64-linux-gnu/11/../../../aarch64-linux-gnu/crti.o /usr/lib/gcc/aarch64-linux-gnu/11/crtbeginS.o -L/usr/local/cuda/targets/aarch64-linux/lib/stubs -L/usr/local/cuda/targets/aarch64-linux/lib -L/usr/lib/gcc/aarch64-linux-gnu/11 -L/usr/lib/gcc/aarch64-linux-gnu/11/../../../aarch64-linux-gnu -L/usr/lib/gcc/aarch64-linux-gnu/11/../../../../lib -L/lib/aarch64-linux-gnu -L/lib/../lib -L/usr/lib/aarch64-linux-gnu -L/usr/lib/../lib -L/usr/lib/gcc/aarch64-linux-gnu/11/../../.. CMakeFiles/cmTC_3f1e8.dir/CMakeCUDACompilerABI.cu.o -lcudadevrt -lcudart_static -lrt -lpthread -ldl -lstdc++ -lm -lgcc_s -lgcc -lc -lgcc_s -lgcc /usr/lib/gcc/aarch64-linux-gnu/11/crtendS.o /usr/lib/gcc/aarch64-linux-gnu/11/../../../aarch64-linux-gnu/crtn.o
COLLECT_GCC_OPTIONS='-v' '-o' 'cmTC_3f1e8' '-L/usr/local/cuda/targets/aarch64-linux/lib/stubs' '-L/usr/local/cuda/targets/aarch64-linux/lib' '-shared-libgcc' '-mlittle-endian' '-mabi=lp64' '-dumpdir' 'cmTC_3f1e8.'
gmake[1]: Leaving directory '/home/autopilot03/Desktop/f1tenth_test0806/f1tenth_project_repo/build/bev_processor/CMakeFiles/CMakeTmp'



Parsed CUDA implicit include dir info from above output: rv=done
  found start of include info
  found start of implicit include info
    add: [/usr/local/cuda/bin/../targets/aarch64-linux/include]
    add: [/usr/include/c++/11]
    add: [/usr/include/aarch64-linux-gnu/c++/11]
    add: [/usr/include/c++/11/backward]
    add: [/usr/lib/gcc/aarch64-linux-gnu/11/include]
    add: [/usr/local/include]
    add: [/usr/include/aarch64-linux-gnu]
    add: [/usr/include]
  end of search list found
  collapse include dir [/usr/local/cuda/bin/../targets/aarch64-linux/include] ==> [/usr/local/cuda/targets/aarch64-linux/include]
  collapse include dir [/usr/include/c++/11] ==> [/usr/include/c++/11]
  collapse include dir [/usr/include/aarch64-linux-gnu/c++/11] ==> [/usr/include/aarch64-linux-gnu/c++/11]
  collapse include dir [/usr/include/c++/11/backward] ==> [/usr/include/c++/11/backward]
  collapse include dir [/usr/lib/gcc/aarch64-linux-gnu/11/include] ==> [/usr/lib/gcc/aarch64-linux-gnu/11/include]
  collapse include dir [/usr/local/include] ==> [/usr/local/include]
  collapse include dir [/usr/include/aarch64-linux-gnu] ==> [/usr/include/aarch64-linux-gnu]
  collapse include dir [/usr/include] ==> [/usr/include]
  implicit include dirs: [/usr/local/cuda/targets/aarch64-linux/include;/usr/include/c++/11;/usr/include/aarch64-linux-gnu/c++/11;/usr/include/c++/11/backward;/usr/lib/gcc/aarch64-linux-gnu/11/include;/usr/local/include;/usr/include/aarch64-linux-gnu;/usr/include]


Parsed CUDA implicit link information from above output:
  link line regex: [^( *|.*[/\])(ld|CMAKE_LINK_STARTFILE-NOTFOUND|([^/\]+-)?ld|collect2)[^/\]*( |$)]
  ignore line: [Change Dir: /home/autopilot03/Desktop/f1tenth_test0806/f1tenth_project_repo/build/bev_processor/CMakeFiles/CMakeTmp]
  ignore line: []
  ignore line: [Run Build Command(s):/usr/bin/gmake -f Makefile cmTC_3f1e8/fast && /usr/bin/gmake  -f CMakeFiles/cmTC_3f1e8.dir/build.make CMakeFiles/cmTC_3f1e8.dir/build]
  ignore line: [gmake[1]: Entering directory '/home/autopilot03/Desktop/f1tenth_test0806/f1tenth_project_repo/build/bev_processor/CMakeFiles/CMakeTmp']
  ignore line: [Building CUDA object CMakeFiles/cmTC_3f1e8.dir/CMakeCUDACompilerABI.cu.o]
  ignore line: [/usr/local/cuda/bin/nvcc -forward-unknown-to-host-compiler   --generate-code=arch=compute_52 code=[compute_52 sm_52]   -Xcompiler=-v -MD -MT CMakeFiles/cmTC_3f1e8.dir/CMakeCUDACompilerABI.cu.o -MF CMakeFiles/cmTC_3f1e8.dir/CMakeCUDACompilerABI.cu.o.d -x cu -c /usr/share/cmake-3.22/Modules/CMakeCUDACompilerABI.cu -o CMakeFiles/cmTC_3f1e8.dir/CMakeCUDACompilerABI.cu.o]
  ignore line: [Using built-in specs.]
  ignore line: [COLLECT_GCC=gcc]
  ignore line: [Target: aarch64-linux-gnu]
  ignore line: [Configured with: ../src/configure -v --with-pkgversion='Ubuntu 11.4.0-1ubuntu1~22.04.3' --with-bugurl=file:///usr/share/doc/gcc-11/README.Bugs --enable-languages=c ada c++ go d fortran objc obj-c++ m2 --prefix=/usr --with-gcc-major-version-only --program-suffix=-11 --program-prefix=aarch64-linux-gnu- --enable-shared --enable-linker-build-id --libexecdir=/usr/lib --without-included-gettext --enable-threads=posix --libdir=/usr/lib --enable-nls --enable-bootstrap --enable-clocale=gnu --enable-libstdcxx-debug --enable-libstdcxx-time=yes --with-default-libstdcxx-abi=new --enable-gnu-unique-object --disable-libquadmath --disable-libquadmath-support --enable-plugin --enable-default-pie --with-system-zlib --enable-libphobos-checking=release --with-target-system-zlib=auto --enable-objc-gc=auto --enable-multiarch --enable-fix-cortex-a53-843419 --disable-werror --enable-checking=release --build=aarch64-linux-gnu --host=aarch64-linux-gnu --target=aarch64-linux-gnu --with-build-config=bootstrap-lto-lean --enable-link-serialization=4]
  ignore line: [Thread model: posix]
  ignore line: [Supported LTO compression algorithms: zlib zstd]
  ignore line: [gcc version 11.4.0 (Ubuntu 11.4.0-1ubuntu1~22.04.3) ]
  ignore line: [COLLECT_GCC_OPTIONS='-D' '__CUDA_ARCH__=520' '-D' '__CUDA_ARCH_LIST__=520' '-D' '__NV_LEGACY_LAUNCH' '-E' '-D' 'CUDA_DOUBLE_MATH_FUNCTIONS' '-D' '__CUDACC__' '-D' '__NVCC__' '-v' '-I' '/usr/local/cuda/bin/../targets/aarch64-linux/include' '-D' '__CUDACC_VER_MAJOR__=12' '-D' '__CUDACC_VER_MINOR__=6' '-D' '__CUDACC_VER_BUILD__=68' '-D' '__CUDA_API_VER_MAJOR__=12' '-D' '__CUDA_API_VER_MINOR__=6' '-D' '__NVCC_DIAG_PRAGMA_SUPPORT__=1' '-include' 'cuda_runtime.h' '-o' '/tmp/tmpxft_000029c4_00000000-7_CMakeCUDACompilerABI.cpp1.ii' '-mlittle-endian' '-mabi=lp64' '-dumpdir' '/tmp/']
  ignore line: [ /usr/lib/gcc/aarch64-linux-gnu/11/cc1plus -E -quiet -v -I /usr/local/cuda/bin/../targets/aarch64-linux/include -imultiarch aarch64-linux-gnu -D_GNU_SOURCE -D __CUDA_ARCH__=520 -D __CUDA_ARCH_LIST__=520 -D __NV_LEGACY_LAUNCH -D CUDA_DOUBLE_MATH_FUNCTIONS -D __CUDACC__ -D __NVCC__ -D __CUDACC_VER_MAJOR__=12 -D __CUDACC_VER_MINOR__=6 -D __CUDACC_VER_BUILD__=68 -D __CUDA_API_VER_MAJOR__=12 -D __CUDA_API_VER_MINOR__=6 -D __NVCC_DIAG_PRAGMA_SUPPORT__=1 -include cuda_runtime.h /usr/share/cmake-3.22/Modules/CMakeCUDACompilerABI.cu -o /tmp/tmpxft_000029c4_00000000-7_CMakeCUDACompilerABI.cpp1.ii -mlittle-endian -mabi=lp64 -fasynchronous-unwind-tables -fstack-protector-strong -Wformat -Wformat-security -fstack-clash-protection -dumpdir /tmp/ -dumpbase tmpxft_000029c4_00000000-7_CMakeCUDACompilerABI.cpp1.cu -dumpbase-ext .cu]
  ignore line: [ignoring duplicate directory "/usr/include/aarch64-linux-gnu/c++/11"]
  ignore line: [ignoring nonexistent directory "/usr/local/include/aarch64-linux-gnu"]
  ignore line: [ignoring nonexistent directory "/usr/lib/gcc/aarch64-linux-gnu/11/include-fixed"]
  ignore line: [ignoring nonexistent directory "/usr/lib/gcc/aarch64-linux-gnu/11/../../../../aarch64-linux-gnu/include"]
  ignore line: [#include "..." search starts here:]
  ignore line: [#include <...> search starts here:]
  ignore line: [ /usr/local/cuda/bin/../targets/aarch64-linux/include]
  ignore line: [ /usr/include/c++/11]
  ignore line: [ /usr/include/aarch64-linux-gnu/c++/11]
  ignore line: [ /usr/include/c++/11/backward]
  ignore line: [ /usr/lib/gcc/aarch64-linux-gnu/11/include]
  ignore line: [ /usr/local/include]
  ignore line: [ /usr/include/aarch64-linux-gnu]
  ignore line: [ /usr/include]
  ignore line: [End of search list.]
  ignore line: [COMPILER_PATH=/usr/lib/gcc/aarch64-linux-gnu/11/:/usr/lib/gcc/aarch64-linux-gnu/11/:/usr/lib/gcc/aarch64-linux-gnu/:/usr/lib/gcc/aarch64-linux-gnu/11/:/usr/lib/gcc/aarch64-linux-gnu/]
  ignore line: [LIBRARY_PATH=/usr/lib/gcc/aarch64-linux-gnu/11/:/usr/lib/gcc/aarch64-linux-gnu/11/../../../aarch64-linux-gnu/:/usr/lib/gcc/aarch64-linux-gnu/11/../../../../lib/:/lib/aarch64-linux-gnu/:/lib/../lib/:/usr/lib/aarch64-linux-gnu/:/usr/lib/../lib/:/usr/lib/gcc/aarch64-linux-gnu/11/../../../:/lib/:/usr/lib/]
  ignore line: [COLLECT_GCC_OPTIONS='-D' '__CUDA_ARCH__=520' '-D' '__CUDA_ARCH_LIST__=520' '-D' '__NV_LEGACY_LAUNCH' '-E' '-D' 'CUDA_DOUBLE_MATH_FUNCTIONS' '-D' '__CUDACC__' '-D' '__NVCC__' '-v' '-I' '/usr/local/cuda/bin/../targets/aarch64-linux/include' '-D' '__CUDACC_VER_MAJOR__=12' '-D' '__CUDACC_VER_MINOR__=6' '-D' '__CUDACC_VER_BUILD__=68' '-D' '__CUDA_API_VER_MAJOR__=12' '-D' '__CUDA_API_VER_MINOR__=6' '-D' '__NVCC_DIAG_PRAGMA_SUPPORT__=1' '-include' 'cuda_runtime.h' '-o' '/tmp/tmpxft_000029c4_00000000-7_CMakeCUDACompilerABI.cpp1.ii' '-mlittle-endian' '-mabi=lp64' '-dumpdir' '/tmp/tmpxft_000029c4_00000000-7_CMakeCUDACompilerABI.cpp1.']
  ignore line: [Using built-in specs.]
  ignore line: [COLLECT_GCC=gcc]
  ignore line: [Target: aarch64-linux-gnu]
  ignore line: [Configured with: ../src/configure -v --with-pkgversion='Ubuntu 11.4.0-1ubuntu1~22.04.3' --with-bugurl=file:///usr/share/doc/gcc-11/README.Bugs --enable-languages=c ada c++ go d fortran objc obj-c++ m2 --prefix=/usr --with-gcc-major-version-only --program-suffix=-11 --program-prefix=aarch64-linux-gnu- --enable-shared --enable-linker-build-id --libexecdir=/usr/lib --without-included-gettext --enable-threads=posix --libdir=/usr/lib --enable-nls --enable-bootstrap --enable-clocale=gnu --enable-libstdcxx-debug --enable-libstdcxx-time=yes --with-default-libstdcxx-abi=new --enable-gnu-unique-object --disable-libquadmath --disable-libquadmath-support --enable-plugin --enable-default-pie --with-system-zlib --enable-libphobos-checking=release --with-target-system-zlib=auto --enable-objc-gc=auto --enable-multiarch --enable-fix-cortex-a53-843419 --disable-werror --enable-checking=release --build=aarch64-linux-gnu --host=aarch64-linux-gnu --target=aarch64-linux-gnu --with-build-config=bootstrap-lto-lean --enable-link-serialization=4]
  ignore line: [Thread model: posix]
  ignore line: [Supported LTO compression algorithms: zlib zstd]
  ignore line: [gcc version 11.4.0 (Ubuntu 11.4.0-1ubuntu1~22.04.3) ]
  ignore line: [COLLECT_GCC_OPTIONS='-D' '__CUDA_ARCH_LIST__=520' '-D' '__NV_LEGACY_LAUNCH' '-E' '-D' '__CUDACC__' '-D' '__NVCC__' '-v' '-I' '/usr/local/cuda/bin/../targets/aarch64-linux/include' '-D' '__CUDACC_VER_MAJOR__=12' '-D' '__CUDACC_VER_MINOR__=6' '-D' '__CUDACC_VER_BUILD__=68' '-D' '__CUDA_API_VER_MAJOR__=12' '-D' '__CUDA_API_VER_MINOR__=6' '-D' '__NVCC_DIAG_PRAGMA_SUPPORT__=1' '-include' 'cuda_runtime.h' '-o' '/tmp/tmpxft_000029c4_00000000-5_CMakeCUDACompilerABI.cpp4.ii' '-mlittle-endian' '-mabi=lp64' '-dumpdir' '/tmp/']
  ignore line: [ /usr/lib/gcc/aarch64-linux-gnu/11/cc1plus -E -quiet -v -I /usr/local/cuda/bin/../targets/aarch64-linux/include -imultiarch aarch64-linux-gnu -D_GNU_SOURCE -D __CUDA_ARCH_LIST__=520 -D __NV_LEGACY_LAUNCH -D __CUDACC__ -D __NVCC__ -D __CUDACC_VER_MAJOR__=12 -D __CUDACC_VER_MINOR__=6 -D __CUDACC_VER_BUILD__=68 -D __CUDA_API_VER_MAJOR__=12 -D __CUDA_API_VER_MINOR__=6 -D __NVCC_DIAG_PRAGMA_SUPPORT__=1 -include cuda_runtime.h /usr/share/cmake-3.22/Modules/CMakeCUDACompilerABI.cu -o /tmp/tmpxft_000029c4_00000000-5_CMakeCUDACompilerABI.cpp4.ii -mlittle-endian -mabi=lp64 -fasynchronous-unwind-tables -fstack-protector-strong -Wformat -Wformat-security -fstack-clash-protection -dumpdir /tmp/ -dumpbase tmpxft_000029c4_00000000-5_CMakeCUDACompilerABI.cpp4.cu -dumpbase-ext .cu]
  ignore line: [ignoring duplicate directory "/usr/include/aarch64-linux-gnu/c++/11"]
  ignore line: [ignoring nonexistent directory "/usr/local/include/aarch64-linux-gnu"]
  ignore line: [ignoring nonexistent directory "/usr/lib/gcc/aarch64-linux-gnu/11/include-fixed"]
  ignore line: [ignoring nonexistent directory "/usr/lib/gcc/aarch64-linux-gnu/11/../../../../aarch64-linux-gnu/include"]
  ignore line: [#include "..." search starts here:]
  ignore line: [#include <...> search starts here:]
  ignore line: [ /usr/local/cuda/bin/../targets/aarch64-linux/include]
  ignore line: [ /usr/include/c++/11]
  ignore line: [ /usr/include/aarch64-linux-gnu/c++/11]
  ignore line: [ /usr/include/c++/11/backward]
  ignore line: [ /usr/lib/gcc/aarch64-linux-gnu/11/include]
  ignore line: [ /usr/local/include]
  ignore line: [ /usr/include/aarch64-linux-gnu]
  ignore line: [ /usr/include]
  ignore line: [End of search list.]
  ignore line: [COMPILER_PATH=/usr/lib/gcc/aarch64-linux-gnu/11/:/usr/lib/gcc/aarch64-linux-gnu/11/:/usr/lib/gcc/aarch64-linux-gnu/:/usr/lib/gcc/aarch64-linux-gnu/11/:/usr/lib/gcc/aarch64-linux-gnu/]
  ignore line: [LIBRARY_PATH=/usr/lib/gcc/aarch64-linux-gnu/11/:/usr/lib/gcc/aarch64-linux-gnu/11/../../../aarch64-linux-gnu/:/usr/lib/gcc/aarch64-linux-gnu/11/../../../../lib/:/lib/aarch64-linux-gnu/:/lib/../lib/:/usr/lib/aarch64-linux-gnu/:/usr/lib/../lib/:/usr/lib/gcc/aarch64-linux-gnu/11/../../../:/lib/:/usr/lib/]
  ignore line: [COLLECT_GCC_OPTIONS='-D' '__CUDA_ARCH_LIST__=520' '-D' '__NV_LEGACY_LAUNCH' '-E' '-D' '__CUDACC__' '-D' '__NVCC__' '-v' '-I' '/usr/local/cuda/bin/../targets/aarch64-linux/include' '-D' '__CUDACC_VER_MAJOR__=12' '-D' '__CUDACC_VER_MINOR__=6' '-D' '__CUDACC_VER_BUILD__=68' '-D' '__CUDA_API_VER_MAJOR__=12' '-D' '__CUDA_API_VER_MINOR__=6' '-D' '__NVCC_DIAG_PRAGMA_SUPPORT__=1' '-include' 'cuda_runtime.h' '-o' '/tmp/tmpxft_000029c4_00000000-5_CMakeCUDACompilerABI.cpp4.ii' '-mlittle-endian' '-mabi=lp64' '-dumpdir' '/tmp/tmpxft_000029c4_00000000-5_CMakeCUDACompilerABI.cpp4.']
  ignore line: [Using built-in specs.]
  ignore line: [COLLECT_GCC=gcc]
  ignore line: [Target: aarch64-linux-gnu]
  ignore line: [Configured with: ../src/configure -v --with-pkgversion='Ubuntu 11.4.0-1ubuntu1~22.04.3' --with-bugurl=file:///usr/share/doc/gcc-11/README.Bugs --enable-languages=c ada c++ go d fortran objc obj-c++ m2 --prefix=/usr --with-gcc-major-version-only --program-suffix=-11 --program-prefix=aarch64-linux-gnu- --enable-shared --enable-linker-build-id --libexecdir=/usr/lib --without-included-gettext --enable-threads=posix --libdir=/usr/lib --enable-nls --enable-bootstrap --enable-clocale=gnu --enable-libstdcxx-debug --enable-libstdcxx-time=yes --with-default-libstdcxx-abi=new --enable-gnu-unique-object --disable-libquadmath --disable-libquadmath-support --enable-plugin --enable-default-pie --with-system-zlib --enable-libphobos-checking=release --with-target-system-zlib=auto --enable-objc-gc=auto --enable-multiarch --enable-fix-cortex-a53-843419 --disable-werror --enable-checking=release --build=aarch64-linux-gnu --host=aarch64-linux-gnu --target=aarch64-linux-gnu --with-build-config=bootstrap-lto-lean --enable-link-serialization=4]
  ignore line: [Thread model: posix]
  ignore line: [Supported LTO compression algorithms: zlib zstd]
  ignore line: [gcc version 11.4.0 (Ubuntu 11.4.0-1ubuntu1~22.04.3) ]
  ignore line: [COLLECT_GCC_OPTIONS='-D' '__CUDA_ARCH__=520' '-D' '__CUDA_ARCH_LIST__=520' '-D' '__NV_LEGACY_LAUNCH' '-c' '-D' 'CUDA_DOUBLE_MATH_FUNCTIONS' '-v' '-Wno-psabi' '-I' '/usr/local/cuda/bin/../targets/aarch64-linux/include' '-o' 'CMakeFiles/cmTC_3f1e8.dir/CMakeCUDACompilerABI.cu.o' '-mlittle-endian' '-mabi=lp64' '-dumpdir' 'CMakeFiles/cmTC_3f1e8.dir/']
  ignore line: [ /usr/lib/gcc/aarch64-linux-gnu/11/cc1plus -quiet -v -I /usr/local/cuda/bin/../targets/aarch64-linux/include -imultiarch aarch64-linux-gnu -D_GNU_SOURCE -D __CUDA_ARCH__=520 -D __CUDA_ARCH_LIST__=520 -D __NV_LEGACY_LAUNCH -D CUDA_DOUBLE_MATH_FUNCTIONS /tmp/tmpxft_000029c4_00000000-6_CMakeCUDACompilerABI.cudafe1.cpp -quiet -dumpdir CMakeFiles/cmTC_3f1e8.dir/ -dumpbase CMakeCUDACompilerABI.cu.cpp -dumpbase-ext .cpp -mlittle-endian -mabi=lp64 -Wno-psabi -version -fasynchronous-unwind-tables -fstack-protector-strong -Wformat -Wformat-security -fstack-clash-protection -o /tmp/ccj74sbY.s]
  ignore line: [GNU C++17 (Ubuntu 11.4.0-1ubuntu1~22.04.3) version 11.4.0 (aarch64-linux-gnu)]
  ignore line: [	compiled by GNU C version 11.4.0  GMP version 6.2.1  MPFR version 4.1.0  MPC version 1.2.1  isl version isl-0.24-GMP]
  ignore line: []
  ignore line: [GGC heuristics: --param ggc-min-expand=100 --param ggc-min-heapsize=131072]
  ignore line: [ignoring duplicate directory "/usr/include/aarch64-linux-gnu/c++/11"]
  ignore line: [ignoring nonexistent directory "/usr/local/include/aarch64-linux-gnu"]
  ignore line: [ignoring nonexistent directory "/usr/lib/gcc/aarch64-linux-gnu/11/include-fixed"]
  ignore line: [ignoring nonexistent directory "/usr/lib/gcc/aarch64-linux-gnu/11/../../../../aarch64-linux-gnu/include"]
  ignore line: [#include "..." search starts here:]
  ignore line: [#include <...> search starts here:]
  ignore line: [ /usr/local/cuda/bin/../targets/aarch64-linux/include]
  ignore line: [ /usr/include/c++/11]
  ignore line: [ /usr/include/aarch64-linux-gnu/c++/11]
  ignore line: [ /usr/include/c++/11/backward]
  ignore line: [ /usr/lib/gcc/aarch64-linux-gnu/11/include]
  ignore line: [ /usr/local/include]
  ignore line: [ /usr/include/aarch64-linux-gnu]
  ignore line: [ /usr/include]
  ignore line: [End of search list.]
  ignore line: [GNU C++17 (Ubuntu 11.4.0-1ubuntu1~22.04.3) version 11.4.0 (aarch64-linux-gnu)]
  ignore line: [	compiled by GNU C version 11.4.0  GMP version 6.2.1  MPFR version 4.1.0  MPC version 1.2.1  isl version isl-0.24-GMP]
  ignore line: []
  ignore line: [GGC heuristics: --param ggc-min-expand=100 --param ggc-min-heapsize=131072]
  ignore line: [Compiler executable checksum: 1ec2e7097ef542eddc6fe6fb48e7bad4]
  ignore line: [COLLECT_GCC_OPTIONS='-D' '__CUDA_ARCH__=520' '-D' '__CUDA_ARCH_LIST__=520' '-D' '__NV_LEGACY_LAUNCH' '-c' '-D' 'CUDA_DOUBLE_MATH_FUNCTIONS' '-v' '-Wno-psabi' '-I' '/usr/local/cuda/bin/../targets/aarch64-linux/include' '-o' 'CMakeFiles/cmTC_3f1e8.dir/CMakeCUDACompilerABI.cu.o' '-mlittle-endian' '-mabi=lp64' '-dumpdir' 'CMakeFiles/cmTC_3f1e8.dir/']
  ignore line: [ as -v -I /usr/local/cuda/bin/../targets/aarch64-linux/include -EL -mabi=lp64 -o CMakeFiles/cmTC_3f1e8.dir/CMakeCUDACompilerABI.cu.o /tmp/ccj74sbY.s]
  ignore line: [GNU assembler version 2.38 (aarch64-linux-gnu) using BFD version (GNU Binutils for Ubuntu) 2.38]
  ignore line: [COMPILER_PATH=/usr/lib/gcc/aarch64-linux-gnu/11/:/usr/lib/gcc/aarch64-linux-gnu/11/:/usr/lib/gcc/aarch64-linux-gnu/:/usr/lib/gcc/aarch64-linux-gnu/11/:/usr/lib/gcc/aarch64-linux-gnu/]
  ignore line: [LIBRARY_PATH=/usr/lib/gcc/aarch64-linux-gnu/11/:/usr/lib/gcc/aarch64-linux-gnu/11/../../../aarch64-linux-gnu/:/usr/lib/gcc/aarch64-linux-gnu/11/../../../../lib/:/lib/aarch64-linux-gnu/:/lib/../lib/:/usr/lib/aarch64-linux-gnu/:/usr/lib/../lib/:/usr/lib/gcc/aarch64-linux-gnu/11/../../../:/lib/:/usr/lib/]
  ignore line: [COLLECT_GCC_OPTIONS='-D' '__CUDA_ARCH__=520' '-D' '__CUDA_ARCH_LIST__=520' '-D' '__NV_LEGACY_LAUNCH' '-c' '-D' 'CUDA_DOUBLE_MATH_FUNCTIONS' '-v' '-Wno-psabi' '-I' '/usr/local/cuda/bin/../targets/aarch64-linux/include' '-o' 'CMakeFiles/cmTC_3f1e8.dir/CMakeCUDACompilerABI.cu.o' '-mlittle-endian' '-mabi=lp64' '-dumpdir' 'CMakeFiles/cmTC_3f1e8.dir/CMakeCUDACompilerABI.cu.']
  ignore line: [Linking CUDA executable cmTC_3f1e8]
  ignore line: [/usr/bin/cmake -E cmake_link_script CMakeFiles/cmTC_3f1e8.dir/link.txt --verbose=1]
  ignore line: [/usr/bin/g++  -v CMakeFiles/cmTC_3f1e8.dir/CMakeCUDACompilerABI.cu.o -o cmTC_3f1e8  -lcudadevrt -lcudart_static -lrt -lpthread -ldl  -L"/usr/local/cuda/targets/aarch64-linux/lib/stubs" -L"/usr/local/cuda/targets/aarch64-linux/lib"]
  ignore line: [Using built-in specs.]
  ignore line: [COLLECT_GCC=/usr/bin/g++]
  ignore line: [COLLECT_LTO_WRAPPER=/usr/lib/gcc/aarch64-linux-gnu/11/lto-wrapper]
  ignore line: [Target: aarch64-linux-gnu]
  ignore line: [Configured with: ../src/configure -v --with-pkgversion='Ubuntu 11.4.0-1ubuntu1~22.04.3' --with-bugurl=file:///usr/share/doc/gcc-11/README.Bugs --enable-languages=c ada c++ go d fortran objc obj-c++ m2 --prefix=/usr --with-gcc-major-version-only --program-suffix=-11 --program-prefix=aarch64-linux-gnu- --enable-shared --enable-linker-build-id --libexecdir=/usr/lib --without-included-gettext --enable-threads=posix --libdir=/usr/lib --enable-nls --enable-bootstrap --enable-clocale=gnu --enable-libstdcxx-debug --enable-libstdcxx-time=yes --with-default-libstdcxx-abi=new --enable-gnu-unique-object --disable-libquadmath --disable-libquadmath-support --enable-plugin --enable-default-pie --with-system-zlib --enable-libphobos-checking=release --with-target-system-zlib=auto --enable-objc-gc=auto --enable-multiarch --enable-fix-cortex-a53-843419 --disable-werror --enable-checking=release --build=aarch64-linux-gnu --host=aarch64-linux-gnu --target=aarch64-linux-gnu --with-build-config=bootstrap-lto-lean --enable-link-serialization=4]
  ignore line: [Thread model: posix]
  ignore line: [Supported LTO compression algorithms: zlib zstd]
  ignore line: [gcc version 11.4.0 (Ubuntu 11.4.0-1ubuntu1~22.04.3) ]
  ignore line: [COMPILER_PATH=/usr/lib/gcc/aarch64-linux-gnu/11/:/usr/lib/gcc/aarch64-linux-gnu/11/:/usr/lib/gcc/aarch64-linux-gnu/:/usr/lib/gcc/aarch64-linux-gnu/11/:/usr/lib/gcc/aarch64-linux-gnu/]
  ignore line: [LIBRARY_PATH=/usr/lib/gcc/aarch64-linux-gnu/11/:/usr/lib/gcc/aarch64-linux-gnu/11/../../../aarch64-linux-gnu/:/usr/lib/gcc/aarch64-linux-gnu/11/../../../../lib/:/lib/aarch64-linux-gnu/:/lib/../lib/:/usr/lib/aarch64-linux-gnu/:/usr/lib/../lib/:/usr/lib/gcc/aarch64-linux-gnu/11/../../../:/lib/:/usr/lib/]
  ignore line: [COLLECT_GCC_OPTIONS='-v' '-o' 'cmTC_3f1e8' '-L/usr/local/cuda/targets/aarch64-linux/lib/stubs' '-L/usr/local/cuda/targets/aarch64-linux/lib' '-shared-libgcc' '-mlittle-endian' '-mabi=lp64' '-dumpdir' 'cmTC_3f1e8.']
  link line: [ /usr/lib/gcc/aarch64-linux-gnu/11/collect2 -plugin /usr/lib/gcc/aarch64-linux-gnu/11/liblto_plugin.so -plugin-opt=/usr/lib/gcc/aarch64-linux-gnu/11/lto-wrapper -plugin-opt=-fresolution=/tmp/ccjcvLQZ.res -plugin-opt=-pass-through=-lgcc_s -plugin-opt=-pass-through=-lgcc -plugin-opt=-pass-through=-lc -plugin-opt=-pass-through=-lgcc_s -plugin-opt=-pass-through=-lgcc --build-id --eh-frame-hdr --hash-style=gnu --as-needed -dynamic-linker /lib/ld-linux-aarch64.so.1 -X -EL -maarch64linux --fix-cortex-a53-843419 -pie -z now -z relro -o cmTC_3f1e8 /usr/lib/gcc/aarch64-linux-gnu/11/../../../aarch64-linux-gnu/Scrt1.o /usr/lib/gcc/aarch64-linux-gnu/11/../../../aarch64-linux-gnu/crti.o /usr/lib/gcc/aarch64-linux-gnu/11/crtbeginS.o -L/usr/local/cuda/targets/aarch64-linux/lib/stubs -L/usr/local/cuda/targets/aarch64-linux/lib -L/usr/lib/gcc/aarch64-linux-gnu/11 -L/usr/lib/gcc/aarch64-linux-gnu/11/../../../aarch64-linux-gnu -L/usr/lib/gcc/aarch64-linux-gnu/11/../../../../lib -L/lib/aarch64-linux-gnu -L/lib/../lib -L/usr/lib/aarch64-linux-gnu -L/usr/lib/../lib -L/usr/lib/gcc/aarch64-linux-gnu/11/../../.. CMakeFiles/cmTC_3f1e8.dir/CMakeCUDACompilerABI.cu.o -lcudadevrt -lcudart_static -lrt -lpthread -ldl -lstdc++ -lm -lgcc_s -lgcc -lc -lgcc_s -lgcc /usr/lib/gcc/aarch64-linux-gnu/11/crtendS.o /usr/lib/gcc/aarch64-linux-gnu/11/../../../aarch64-linux-gnu/crtn.o]
    arg [/usr/lib/gcc/aarch64-linux-gnu/11/collect2] ==> ignore
    arg [-plugin] ==> ignore
    arg [/usr/lib/gcc/aarch64-linux-gnu/11/liblto_plugin.so] ==> ignore
    arg [-plugin-opt=/usr/lib/gcc/aarch64-linux-gnu/11/lto-wrapper] ==> ignore
    arg [-plugin-opt=-fresolution=/tmp/ccjcvLQZ.res] ==> ignore
    arg [-plugin-opt=-pass-through=-lgcc_s] ==> ignore
    arg [-plugin-opt=-pass-through=-lgcc] ==> ignore
    arg [-plugin-opt=-pass-through=-lc] ==> ignore
    arg [-plugin-opt=-pass-through=-lgcc_s] ==> ignore
    arg [-plugin-opt=-pass-through=-lgcc] ==> ignore
    arg [--build-id] ==> ignore
    arg [--eh-frame-hdr] ==> ignore
    arg [--hash-style=gnu] ==> ignore
    arg [--as-needed] ==> ignore
    arg [-dynamic-linker] ==> ignore
    arg [/lib/ld-linux-aarch64.so.1] ==> ignore
    arg [-X] ==> ignore
    arg [-EL] ==> ignore
    arg [-maarch64linux] ==> ignore
    arg [--fix-cortex-a53-843419] ==> ignore
    arg [-pie] ==> ignore
    arg [-znow] ==> ignore
    arg [-zrelro] ==> ignore
    arg [-o] ==> ignore
    arg [cmTC_3f1e8] ==> ignore
    arg [/usr/lib/gcc/aarch64-linux-gnu/11/../../../aarch64-linux-gnu/Scrt1.o] ==> obj [/usr/lib/gcc/aarch64-linux-gnu/11/../../../aarch64-linux-gnu/Scrt1.o]
    arg [/usr/lib/gcc/aarch64-linux-gnu/11/../../../aarch64-linux-gnu/crti.o] ==> obj [/usr/lib/gcc/aarch64-linux-gnu/11/../../../aarch64-linux-gnu/crti.o]
    arg [/usr/lib/gcc/aarch64-linux-gnu/11/crtbeginS.o] ==> obj [/usr/lib/gcc/aarch64-linux-gnu/11/crtbeginS.o]
    arg [-L/usr/local/cuda/targets/aarch64-linux/lib/stubs] ==> dir [/usr/local/cuda/targets/aarch64-linux/lib/stubs]
    arg [-L/usr/local/cuda/targets/aarch64-linux/lib] ==> dir [/usr/local/cuda/targets/aarch64-linux/lib]
    arg [-L/usr/lib/gcc/aarch64-linux-gnu/11] ==> dir [/usr/lib/gcc/aarch64-linux-gnu/11]
    arg [-L/usr/lib/gcc/aarch64-linux-gnu/11/../../../aarch64-linux-gnu] ==> dir [/usr/lib/gcc/aarch64-linux-gnu/11/../../../aarch64-linux-gnu]
    arg [-L/usr/lib/gcc/aarch64-linux-gnu/11/../../../../lib] ==> dir [/usr/lib/gcc/aarch64-linux-gnu/11/../../../../lib]
    arg [-L/lib/aarch64-linux-gnu] ==> dir [/lib/aarch64-linux-gnu]
    arg [-L/lib/../lib] ==> dir [/lib/../lib]
    arg [-L/usr/lib/aarch64-linux-gnu] ==> dir [/usr/lib/aarch64-linux-gnu]
    arg [-L/usr/lib/../lib] ==> dir [/usr/lib/../lib]
    arg [-L/usr/lib/gcc/aarch64-linux-gnu/11/../../..] ==> dir [/usr/lib/gcc/aarch64-linux-gnu/11/../../..]
    arg [CMakeFiles/cmTC_3f1e8.dir/CMakeCUDACompilerABI.cu.o] ==> ignore
    arg [-lcudadevrt] ==> lib [cudadevrt]
    arg [-lcudart_static] ==> lib [cudart_static]
    arg [-lrt] ==> lib [rt]
    arg [-lpthread] ==> lib [pthread]
    arg [-ldl] ==> lib [dl]
    arg [-lstdc++] ==> lib [stdc++]
    arg [-lm] ==> lib [m]
    arg [-lgcc_s] ==> lib [gcc_s]
    arg [-lgcc] ==> lib [gcc]
    arg [-lc] ==> lib [c]
    arg [-lgcc_s] ==> lib [gcc_s]
    arg [-lgcc] ==> lib [gcc]
    arg [/usr/lib/gcc/aarch64-linux-gnu/11/crtendS.o] ==> obj [/usr/lib/gcc/aarch64-linux-gnu/11/crtendS.o]
    arg [/usr/lib/gcc/aarch64-linux-gnu/11/../../../aarch64-linux-gnu/crtn.o] ==> obj [/usr/lib/gcc/aarch64-linux-gnu/11/../../../aarch64-linux-gnu/crtn.o]
  collapse obj [/usr/lib/gcc/aarch64-linux-gnu/11/../../../aarch64-linux-gnu/Scrt1.o] ==> [/usr/lib/aarch64-linux-gnu/Scrt1.o]
  collapse obj [/usr/lib/gcc/aarch64-linux-gnu/11/../../../aarch64-linux-gnu/crti.o] ==> [/usr/lib/aarch64-linux-gnu/crti.o]
  collapse obj [/usr/lib/gcc/aarch64-linux-gnu/11/../../../aarch64-linux-gnu/crtn.o] ==> [/usr/lib/aarch64-linux-gnu/crtn.o]
  collapse library dir [/usr/local/cuda/targets/aarch64-linux/lib/stubs] ==> [/usr/local/cuda/targets/aarch64-linux/lib/stubs]
  collapse library dir [/usr/local/cuda/targets/aarch64-linux/lib] ==> [/usr/local/cuda/targets/aarch64-linux/lib]
  collapse library dir [/usr/lib/gcc/aarch64-linux-gnu/11] ==> [/usr/lib/gcc/aarch64-linux-gnu/11]
  collapse library dir [/usr/lib/gcc/aarch64-linux-gnu/11/../../../aarch64-linux-gnu] ==> [/usr/lib/aarch64-linux-gnu]
  collapse library dir [/usr/lib/gcc/aarch64-linux-gnu/11/../../../../lib] ==> [/usr/lib]
  collapse library dir [/lib/aarch64-linux-gnu] ==> [/lib/aarch64-linux-gnu]
  collapse library dir [/lib/../lib] ==> [/lib]
  collapse library dir [/usr/lib/aarch64-linux-gnu] ==> [/usr/lib/aarch64-linux-gnu]
  collapse library dir [/usr/lib/../lib] ==> [/usr/lib]
  collapse library dir [/usr/lib/gcc/aarch64-linux-gnu/11/../../..] ==> [/usr/lib]
  implicit libs: [cudadevrt;cudart_static;rt;pthread;dl;stdc++;m;gcc_s;gcc;c;gcc_s;gcc]
  implicit objs: [/usr/lib/aarch64-linux-gnu/Scrt1.o;/usr/lib/aarch64-linux-gnu/crti.o;/usr/lib/gcc/aarch64-linux-gnu/11/crtbeginS.o;/usr/lib/gcc/aarch64-linux-gnu/11/crtendS.o;/usr/lib/aarch64-linux-gnu/crtn.o]
  implicit dirs: [/usr/local/cuda/targets/aarch64-linux/lib/stubs;/usr/local/cuda/targets/aarch64-linux/lib;/usr/lib/gcc/aarch64-linux-gnu/11;/usr/lib/aarch64-linux-gnu;/usr/lib;/lib/aarch64-linux-gnu;/lib]
  implicit fwks: []


Determining if the include file pthread.h exists passed with the following output:
Change Dir: /home/autopilot03/Desktop/f1tenth_test0806/f1tenth_project_repo/build/bev_processor/CMakeFiles/CMakeTmp

Run Build Command(s):/usr/bin/gmake -f Makefile cmTC_744f0/fast && /usr/bin/gmake  -f CMakeFiles/cmTC_744f0.dir/build.make CMakeFiles/cmTC_744f0.dir/build
gmake[1]: Entering directory '/home/autopilot03/Desktop/f1tenth_test0806/f1tenth_project_repo/build/bev_processor/CMakeFiles/CMakeTmp'
Building CXX object CMakeFiles/cmTC_744f0.dir/CheckIncludeFile.cxx.o
/usr/bin/c++   -std=c++17 -o CMakeFiles/cmTC_744f0.dir/CheckIncludeFile.cxx.o -c /home/autopilot03/Desktop/f1tenth_test0806/f1tenth_project_repo/build/bev_processor/CMakeFiles/CMakeTmp/CheckIncludeFile.cxx
Linking CXX executable cmTC_744f0
/usr/bin/cmake -E cmake_link_script CMakeFiles/cmTC_744f0.dir/link.txt --verbose=1
/usr/bin/c++ CMakeFiles/cmTC_744f0.dir/CheckIncludeFile.cxx.o -o cmTC_744f0 
gmake[1]: Leaving directory '/home/autopilot03/Desktop/f1tenth_test0806/f1tenth_project_repo/build/bev_processor/CMakeFiles/CMakeTmp'



Performing C++ SOURCE FILE Test CMAKE_HAVE_LIBC_PTHREAD succeeded with the following output:
Change Dir: /home/autopilot03/Desktop/f1tenth_test0806/f1tenth_project_repo/build/bev_processor/CMakeFiles/CMakeTmp

Run Build Command(s):/usr/bin/gmake -f Makefile cmTC_03ea8/fast && /usr/bin/gmake  -f CMakeFiles/cmTC_03ea8.dir/build.make CMakeFiles/cmTC_03ea8.dir/build
gmake[1]: Entering directory '/home/autopilot03/Desktop/f1tenth_test0806/f1tenth_project_repo/build/bev_processor/CMakeFiles/CMakeTmp'
Building CXX object CMakeFiles/cmTC_03ea8.dir/src.cxx.o
/usr/bin/c++ -DCMAKE_HAVE_LIBC_PTHREAD  -std=c++17 -o CMakeFiles/cmTC_03ea8.dir/src.cxx.o -c /home/autopilot03/Desktop/f1tenth_test0806/f1tenth_project_repo/build/bev_processor/CMakeFiles/CMakeTmp/src.cxx
Linking CXX executable cmTC_03ea8
/usr/bin/cmake -E cmake_link_script CMakeFiles/cmTC_03ea8.dir/link.txt --verbose=1
/usr/bin/c++ CMakeFiles/cmTC_03ea8.dir/src.cxx.o -o cmTC_03ea8 
gmake[1]: Leaving directory '/home/autopilot03/Desktop/f1tenth_test0806/f1tenth_project_repo/build/bev_processor/CMakeFiles/CMakeTmp'


Source file was:
#include <pthread.h>

static void* test_func(void* data)
{
  return data;
}

int main(void)
{
  pthread_t thread;
  pthread_create(&thread, NULL, test_func, NULL);
  pthread_detach(thread);
  pthread_cancel(thread);
  pthread_join(thread, NULL);
  pthread_atfork(NULL, NULL, NULL);
  pthread_exit(NULL);

  return 0;
}

Performing C++ SOURCE FILE Test arch_native_supported succeeded with the following output:
Change Dir: /home/autopilot03/Desktop/f1tenth_test0806/f1tenth_project_repo/build/bev_processor/CMakeFiles/CMakeTmp

Run Build Command(s):/usr/bin/gmake -f Makefile cmTC_d0300/fast && /usr/bin/gmake  -f CMakeFiles/cmTC_d0300.dir/build.make CMakeFiles/cmTC_d0300.dir/build
gmake[1]: Entering directory '/home/autopilot03/Desktop/f1tenth_test0806/f1tenth_project_repo/build/bev_processor/CMakeFiles/CMakeTmp'
Building CXX object CMakeFiles/cmTC_d0300.dir/src.cxx.o
/usr/bin/c++ -Darch_native_supported  -march=native -std=c++17 -o CMakeFiles/cmTC_d0300.dir/src.cxx.o -c /home/autopilot03/Desktop/f1tenth_test0806/f1tenth_project_repo/build/bev_processor/CMakeFiles/CMakeTmp/src.cxx
Linking CXX executable cmTC_d0300
/usr/bin/cmake -E cmake_link_script CMakeFiles/cmTC_d0300.dir/link.txt --verbose=1
/usr/bin/c++ CMakeFiles/cmTC_d0300.dir/src.cxx.o -o cmTC_d0300 
gmake[1]: Leaving directory '/home/autopilot03/Desktop/f1tenth_test0806/f1tenth_project_repo/build/bev_processor/CMakeFiles/CMakeTmp'


Source file was:
int main() { return 0; }
