[0.000000] (-) TimerEvent: {}
[0.000744] (-) JobUnselected: {'identifier': 'auto_control'}
[0.001334] (-) JobUnselected: {'identifier': 'camera_height_estimator'}
[0.001634] (-) JobUnselected: {'identifier': 'joy_initializer'}
[0.001997] (-) JobUnselected: {'identifier': 'manual_control'}
[0.002111] (-) JobUnselected: {'identifier': 'vehicle_config'}
[0.002197] (-) JobUnselected: {'identifier': 'vehicle_interfaces'}
[0.002277] (-) JobUnselected: {'identifier': 'vehicle_launcher'}
[0.002354] (-) JobUnselected: {'identifier': 'vehicle_test_drive'}
[0.002429] (-) JobUnselected: {'identifier': 'vesc_initializer'}
[0.002509] (camera_driver) JobQueued: {'identifier': 'camera_driver', 'dependencies': OrderedDict()}
[0.002592] (bev_processor) JobQueued: {'identifier': 'bev_processor', 'dependencies': OrderedDict([('camera_driver', '/home/autopilot03/Desktop/f1tenth_test0804/f1tenth_project_repo/install/camera_driver')])}
[0.002671] (camera_driver) JobStarted: {'identifier': 'camera_driver'}
[0.017344] (camera_driver) JobProgress: {'identifier': 'camera_driver', 'progress': 'cmake'}
[0.018424] (camera_driver) Command: {'cmd': ['/usr/bin/cmake', '/home/autopilot03/Desktop/f1tenth_test0804/f1tenth_project_repo/src/camera_driver', '-DCMAKE_BUILD_TYPE=Release', '-DCMAKE_CUDA_COMPILER=/usr/local/cuda/bin/nvcc', '-DCMAKE_INSTALL_PREFIX=/home/autopilot03/Desktop/f1tenth_test0804/f1tenth_project_repo/install/camera_driver'], 'cwd': '/home/autopilot03/Desktop/f1tenth_test0804/f1tenth_project_repo/build/camera_driver', 'env': OrderedDict([('OPENBLAS_CORETYPE', 'ARMV8'), ('LESSOPEN', '| /usr/bin/lesspipe %s'), ('USER', 'autopilot03'), ('XDG_SESSION_TYPE', 'x11'), ('SHLVL', '1'), ('LD_LIBRARY_PATH', '/opt/ros/humble/opt/rviz_ogre_vendor/lib:/opt/ros/humble/lib/aarch64-linux-gnu:/opt/ros/humble/lib:/usr/local/cuda/lib64:'), ('HOME', '/home/autopilot03'), ('OLDPWD', '/home/autopilot03/Desktop/f1tenth_test0804'), ('DESKTOP_SESSION', 'ubuntu'), ('ROS_PYTHON_VERSION', '3'), ('GNOME_SHELL_SESSION_MODE', 'ubuntu'), ('GTK_MODULES', 'gail:atk-bridge'), ('DBUS_STARTER_BUS_TYPE', 'session'), ('SYSTEMD_EXEC_PID', '3625'), ('DBUS_SESSION_BUS_ADDRESS', 'unix:path=/run/user/1000/bus,guid=0ef7eba7120ff60171aa42a96a71ae4d'), ('COLORTERM', 'truecolor'), ('IM_CONFIG_PHASE', '1'), ('ROS_DISTRO', 'humble'), ('GTK_IM_MODULE', 'ibus'), ('LOGNAME', 'autopilot03'), ('_', '/usr/bin/colcon'), ('ROS_VERSION', '2'), ('XDG_SESSION_CLASS', 'user'), ('USERNAME', 'autopilot03'), ('TERM', 'xterm-256color'), ('GNOME_DESKTOP_SESSION_ID', 'this-is-deprecated'), ('ROS_LOCALHOST_ONLY', '0'), ('WINDOWPATH', '2'), ('PATH', '/opt/ros/humble/bin:/usr/local/cuda/bin:/home/autopilot03/.local/bin:/usr/local/sbin:/usr/local/bin:/usr/sbin:/usr/bin:/sbin:/bin:/usr/games:/usr/local/games:/snap/bin:/snap/bin'), ('SESSION_MANAGER', 'local/autopilot03-desktop:@/tmp/.ICE-unix/3625,unix/autopilot03-desktop:/tmp/.ICE-unix/3625'), ('XDG_MENU_PREFIX', 'gnome-'), ('GNOME_TERMINAL_SCREEN', '/org/gnome/Terminal/screen/bfbe520d_0ebe_4561_ad60_d63b61313ae1'), ('XDG_RUNTIME_DIR', '/run/user/1000'), ('DISPLAY', ':1'), ('LANG', 'en_US.UTF-8'), ('XDG_CURRENT_DESKTOP', 'ubuntu:GNOME'), ('XMODIFIERS', '@im=ibus'), ('XDG_SESSION_DESKTOP', 'ubuntu'), ('XAUTHORITY', '/run/user/1000/gdm/Xauthority'), ('LS_COLORS', 'rs=0:di=01;34:ln=01;36:mh=00:pi=40;33:so=01;35:do=01;35:bd=40;33;01:cd=40;33;01:or=40;31;01:mi=00:su=37;41:sg=30;43:ca=30;41:tw=30;42:ow=34;42:st=37;44:ex=01;32:*.tar=01;31:*.tgz=01;31:*.arc=01;31:*.arj=01;31:*.taz=01;31:*.lha=01;31:*.lz4=01;31:*.lzh=01;31:*.lzma=01;31:*.tlz=01;31:*.txz=01;31:*.tzo=01;31:*.t7z=01;31:*.zip=01;31:*.z=01;31:*.dz=01;31:*.gz=01;31:*.lrz=01;31:*.lz=01;31:*.lzo=01;31:*.xz=01;31:*.zst=01;31:*.tzst=01;31:*.bz2=01;31:*.bz=01;31:*.tbz=01;31:*.tbz2=01;31:*.tz=01;31:*.deb=01;31:*.rpm=01;31:*.jar=01;31:*.war=01;31:*.ear=01;31:*.sar=01;31:*.rar=01;31:*.alz=01;31:*.ace=01;31:*.zoo=01;31:*.cpio=01;31:*.7z=01;31:*.rz=01;31:*.cab=01;31:*.wim=01;31:*.swm=01;31:*.dwm=01;31:*.esd=01;31:*.jpg=01;35:*.jpeg=01;35:*.mjpg=01;35:*.mjpeg=01;35:*.gif=01;35:*.bmp=01;35:*.pbm=01;35:*.pgm=01;35:*.ppm=01;35:*.tga=01;35:*.xbm=01;35:*.xpm=01;35:*.tif=01;35:*.tiff=01;35:*.png=01;35:*.svg=01;35:*.svgz=01;35:*.mng=01;35:*.pcx=01;35:*.mov=01;35:*.mpg=01;35:*.mpeg=01;35:*.m2v=01;35:*.mkv=01;35:*.webm=01;35:*.webp=01;35:*.ogm=01;35:*.mp4=01;35:*.m4v=01;35:*.mp4v=01;35:*.vob=01;35:*.qt=01;35:*.nuv=01;35:*.wmv=01;35:*.asf=01;35:*.rm=01;35:*.rmvb=01;35:*.flc=01;35:*.avi=01;35:*.fli=01;35:*.flv=01;35:*.gl=01;35:*.dl=01;35:*.xcf=01;35:*.xwd=01;35:*.yuv=01;35:*.cgm=01;35:*.emf=01;35:*.ogv=01;35:*.ogx=01;35:*.aac=00;36:*.au=00;36:*.flac=00;36:*.m4a=00;36:*.mid=00;36:*.midi=00;36:*.mka=00;36:*.mp3=00;36:*.mpc=00;36:*.ogg=00;36:*.ra=00;36:*.wav=00;36:*.oga=00;36:*.opus=00;36:*.spx=00;36:*.xspf=00;36:'), ('GNOME_TERMINAL_SERVICE', ':1.93'), ('SSH_AGENT_LAUNCHER', 'gnome-keyring'), ('SSH_AUTH_SOCK', '/run/user/1000/keyring/ssh'), ('AMENT_PREFIX_PATH', '/opt/ros/humble'), ('SHELL', '/bin/bash'), ('QT_ACCESSIBILITY', '1'), ('GDMSESSION', 'ubuntu'), ('LESSCLOSE', '/usr/bin/lesspipe %s %s'), ('GPG_AGENT_INFO', '/run/user/1000/gnupg/S.gpg-agent:0:1'), ('QT_IM_MODULE', 'ibus'), ('PWD', '/home/autopilot03/Desktop/f1tenth_test0804/f1tenth_project_repo/build/camera_driver'), ('LC_ALL', 'en_US.UTF-8'), ('XDG_CONFIG_DIRS', '/etc/xdg/xdg-ubuntu:/etc/xdg'), ('DBUS_STARTER_ADDRESS', 'unix:path=/run/user/1000/bus,guid=0ef7eba7120ff60171aa42a96a71ae4d'), ('XDG_DATA_DIRS', '/usr/share/ubuntu:/usr/share/gnome:/home/autopilot03/.local/share/flatpak/exports/share:/var/lib/flatpak/exports/share:/usr/local/share/:/usr/share/:/var/lib/snapd/desktop'), ('PYTHONPATH', '/opt/ros/humble/lib/python3.10/site-packages:/opt/ros/humble/local/lib/python3.10/dist-packages'), ('COLCON', '1'), ('VTE_VERSION', '6800'), ('CMAKE_PREFIX_PATH', '/opt/ros/humble')]), 'shell': False}
[0.099359] (-) TimerEvent: {}
[0.139455] (camera_driver) StdoutLine: {'line': b'-- The C compiler identification is GNU 11.4.0\n'}
[0.199540] (-) TimerEvent: {}
[0.266100] (camera_driver) StdoutLine: {'line': b'-- The CXX compiler identification is GNU 11.4.0\n'}
[0.285299] (camera_driver) StdoutLine: {'line': b'-- Detecting C compiler ABI info\n'}
[0.299751] (-) TimerEvent: {}
[0.400538] (-) TimerEvent: {}
[0.441870] (camera_driver) StdoutLine: {'line': b'-- Detecting C compiler ABI info - done\n'}
[0.466832] (camera_driver) StdoutLine: {'line': b'-- Check for working C compiler: /usr/bin/cc - skipped\n'}
[0.467576] (camera_driver) StdoutLine: {'line': b'-- Detecting C compile features\n'}
[0.468024] (camera_driver) StdoutLine: {'line': b'-- Detecting C compile features - done\n'}
[0.476905] (camera_driver) StdoutLine: {'line': b'-- Detecting CXX compiler ABI info\n'}
[0.500713] (-) TimerEvent: {}
[0.601630] (-) TimerEvent: {}
[0.646948] (camera_driver) StdoutLine: {'line': b'-- Detecting CXX compiler ABI info - done\n'}
[0.669895] (camera_driver) StdoutLine: {'line': b'-- Check for working CXX compiler: /usr/bin/c++ - skipped\n'}
[0.670747] (camera_driver) StdoutLine: {'line': b'-- Detecting CXX compile features\n'}
[0.671763] (camera_driver) StdoutLine: {'line': b'-- Detecting CXX compile features - done\n'}
[0.676225] (camera_driver) StdoutLine: {'line': b'-- Found ament_cmake: 1.3.14 (/opt/ros/humble/share/ament_cmake/cmake)\n'}
[0.701794] (-) TimerEvent: {}
[0.802520] (-) TimerEvent: {}
[0.903135] (-) TimerEvent: {}
[1.003758] (-) TimerEvent: {}
[1.031175] (camera_driver) StdoutLine: {'line': b'-- Found Python3: /usr/bin/python3 (found version "3.10.12") found components: Interpreter \n'}
[1.103936] (-) TimerEvent: {}
[1.204688] (-) TimerEvent: {}
[1.255159] (camera_driver) StdoutLine: {'line': b'-- Found rclcpp: 16.0.19 (/opt/ros/humble/share/rclcpp/cmake)\n'}
[1.304907] (-) TimerEvent: {}
[1.342327] (camera_driver) StdoutLine: {'line': b'-- Found rosidl_generator_c: 3.1.8 (/opt/ros/humble/share/rosidl_generator_c/cmake)\n'}
[1.352213] (camera_driver) StdoutLine: {'line': b'-- Found rosidl_adapter: 3.1.8 (/opt/ros/humble/share/rosidl_adapter/cmake)\n'}
[1.369438] (camera_driver) StdoutLine: {'line': b'-- Found rosidl_generator_cpp: 3.1.8 (/opt/ros/humble/share/rosidl_generator_cpp/cmake)\n'}
[1.393272] (camera_driver) StdoutLine: {'line': b'-- Using all available rosidl_typesupport_c: rosidl_typesupport_fastrtps_c;rosidl_typesupport_introspection_c\n'}
[1.405092] (-) TimerEvent: {}
[1.425486] (camera_driver) StdoutLine: {'line': b'-- Using all available rosidl_typesupport_cpp: rosidl_typesupport_fastrtps_cpp;rosidl_typesupport_introspection_cpp\n'}
[1.505267] (-) TimerEvent: {}
[1.512146] (camera_driver) StdoutLine: {'line': b'-- Found rmw_implementation_cmake: 6.1.2 (/opt/ros/humble/share/rmw_implementation_cmake/cmake)\n'}
[1.517553] (camera_driver) StdoutLine: {'line': b'-- Found rmw_fastrtps_cpp: 6.2.10 (/opt/ros/humble/share/rmw_fastrtps_cpp/cmake)\n'}
[1.605442] (-) TimerEvent: {}
[1.695705] (camera_driver) StdoutLine: {'line': b'-- Found OpenSSL: /usr/lib/aarch64-linux-gnu/libcrypto.so (found version "3.0.2")  \n'}
[1.705554] (-) TimerEvent: {}
[1.755686] (camera_driver) StdoutLine: {'line': b'-- Found FastRTPS: /opt/ros/humble/include  \n'}
[1.805766] (-) TimerEvent: {}
[1.841148] (camera_driver) StdoutLine: {'line': b"-- Using RMW implementation 'rmw_fastrtps_cpp' as default\n"}
[1.858459] (camera_driver) StdoutLine: {'line': b'-- Looking for pthread.h\n'}
[1.905981] (-) TimerEvent: {}
[2.006783] (-) TimerEvent: {}
[2.014111] (camera_driver) StdoutLine: {'line': b'-- Looking for pthread.h - found\n'}
[2.015494] (camera_driver) StdoutLine: {'line': b'-- Performing Test CMAKE_HAVE_LIBC_PTHREAD\n'}
[2.106980] (-) TimerEvent: {}
[2.197309] (camera_driver) StdoutLine: {'line': b'-- Performing Test CMAKE_HAVE_LIBC_PTHREAD - Success\n'}
[2.200098] (camera_driver) StdoutLine: {'line': b'-- Found Threads: TRUE  \n'}
[2.207043] (-) TimerEvent: {}
[2.307621] (-) TimerEvent: {}
[2.357397] (camera_driver) StdoutLine: {'line': b'-- Found rclcpp_components: 16.0.19 (/opt/ros/humble/share/rclcpp_components/cmake)\n'}
[2.407834] (-) TimerEvent: {}
[2.416693] (camera_driver) StdoutLine: {'line': b'-- Found sensor_msgs: 4.9.1 (/opt/ros/humble/share/sensor_msgs/cmake)\n'}
[2.504297] (camera_driver) StdoutLine: {'line': b'-- Found OpenCV: /usr (found suitable version "4.8.0", minimum required is "4") found components: core highgui imgproc \n'}
[2.507910] (-) TimerEvent: {}
[2.546326] (camera_driver) StdoutLine: {'line': b'-- Performing Test arch_native_supported\n'}
[2.608160] (-) TimerEvent: {}
[2.708997] (-) TimerEvent: {}
[2.715941] (camera_driver) StdoutLine: {'line': b'-- Performing Test arch_native_supported - Success\n'}
[2.809169] (-) TimerEvent: {}
[2.903131] (camera_driver) StdoutLine: {'line': b'-- Configuring done\n'}
[2.909299] (-) TimerEvent: {}
[2.962003] (camera_driver) StdoutLine: {'line': b'-- Generating done\n'}
[2.965417] (camera_driver) StderrLine: {'line': b'\x1b[33mCMake Warning:\n'}
[2.965963] (camera_driver) StderrLine: {'line': b'  Manually-specified variables were not used by the project:\n'}
[2.966277] (camera_driver) StderrLine: {'line': b'\n'}
[2.966562] (camera_driver) StderrLine: {'line': b'    CMAKE_CUDA_COMPILER\n'}
[2.966828] (camera_driver) StderrLine: {'line': b'\n'}
[2.967083] (camera_driver) StderrLine: {'line': b'\x1b[0m\n'}
[2.978113] (camera_driver) StdoutLine: {'line': b'-- Build files have been written to: /home/autopilot03/Desktop/f1tenth_test0804/f1tenth_project_repo/build/camera_driver\n'}
[3.009503] (-) TimerEvent: {}
[3.012147] (camera_driver) CommandEnded: {'returncode': 0}
[3.014081] (camera_driver) JobProgress: {'identifier': 'camera_driver', 'progress': 'build'}
[3.017035] (camera_driver) Command: {'cmd': ['/usr/bin/cmake', '--build', '/home/autopilot03/Desktop/f1tenth_test0804/f1tenth_project_repo/build/camera_driver', '--', '-j6', '-l6'], 'cwd': '/home/autopilot03/Desktop/f1tenth_test0804/f1tenth_project_repo/build/camera_driver', 'env': OrderedDict([('OPENBLAS_CORETYPE', 'ARMV8'), ('LESSOPEN', '| /usr/bin/lesspipe %s'), ('USER', 'autopilot03'), ('XDG_SESSION_TYPE', 'x11'), ('SHLVL', '1'), ('LD_LIBRARY_PATH', '/opt/ros/humble/opt/rviz_ogre_vendor/lib:/opt/ros/humble/lib/aarch64-linux-gnu:/opt/ros/humble/lib:/usr/local/cuda/lib64:'), ('HOME', '/home/autopilot03'), ('OLDPWD', '/home/autopilot03/Desktop/f1tenth_test0804'), ('DESKTOP_SESSION', 'ubuntu'), ('ROS_PYTHON_VERSION', '3'), ('GNOME_SHELL_SESSION_MODE', 'ubuntu'), ('GTK_MODULES', 'gail:atk-bridge'), ('DBUS_STARTER_BUS_TYPE', 'session'), ('SYSTEMD_EXEC_PID', '3625'), ('DBUS_SESSION_BUS_ADDRESS', 'unix:path=/run/user/1000/bus,guid=0ef7eba7120ff60171aa42a96a71ae4d'), ('COLORTERM', 'truecolor'), ('IM_CONFIG_PHASE', '1'), ('ROS_DISTRO', 'humble'), ('GTK_IM_MODULE', 'ibus'), ('LOGNAME', 'autopilot03'), ('_', '/usr/bin/colcon'), ('ROS_VERSION', '2'), ('XDG_SESSION_CLASS', 'user'), ('USERNAME', 'autopilot03'), ('TERM', 'xterm-256color'), ('GNOME_DESKTOP_SESSION_ID', 'this-is-deprecated'), ('ROS_LOCALHOST_ONLY', '0'), ('WINDOWPATH', '2'), ('PATH', '/opt/ros/humble/bin:/usr/local/cuda/bin:/home/autopilot03/.local/bin:/usr/local/sbin:/usr/local/bin:/usr/sbin:/usr/bin:/sbin:/bin:/usr/games:/usr/local/games:/snap/bin:/snap/bin'), ('SESSION_MANAGER', 'local/autopilot03-desktop:@/tmp/.ICE-unix/3625,unix/autopilot03-desktop:/tmp/.ICE-unix/3625'), ('XDG_MENU_PREFIX', 'gnome-'), ('GNOME_TERMINAL_SCREEN', '/org/gnome/Terminal/screen/bfbe520d_0ebe_4561_ad60_d63b61313ae1'), ('XDG_RUNTIME_DIR', '/run/user/1000'), ('DISPLAY', ':1'), ('LANG', 'en_US.UTF-8'), ('XDG_CURRENT_DESKTOP', 'ubuntu:GNOME'), ('XMODIFIERS', '@im=ibus'), ('XDG_SESSION_DESKTOP', 'ubuntu'), ('XAUTHORITY', '/run/user/1000/gdm/Xauthority'), ('LS_COLORS', 'rs=0:di=01;34:ln=01;36:mh=00:pi=40;33:so=01;35:do=01;35:bd=40;33;01:cd=40;33;01:or=40;31;01:mi=00:su=37;41:sg=30;43:ca=30;41:tw=30;42:ow=34;42:st=37;44:ex=01;32:*.tar=01;31:*.tgz=01;31:*.arc=01;31:*.arj=01;31:*.taz=01;31:*.lha=01;31:*.lz4=01;31:*.lzh=01;31:*.lzma=01;31:*.tlz=01;31:*.txz=01;31:*.tzo=01;31:*.t7z=01;31:*.zip=01;31:*.z=01;31:*.dz=01;31:*.gz=01;31:*.lrz=01;31:*.lz=01;31:*.lzo=01;31:*.xz=01;31:*.zst=01;31:*.tzst=01;31:*.bz2=01;31:*.bz=01;31:*.tbz=01;31:*.tbz2=01;31:*.tz=01;31:*.deb=01;31:*.rpm=01;31:*.jar=01;31:*.war=01;31:*.ear=01;31:*.sar=01;31:*.rar=01;31:*.alz=01;31:*.ace=01;31:*.zoo=01;31:*.cpio=01;31:*.7z=01;31:*.rz=01;31:*.cab=01;31:*.wim=01;31:*.swm=01;31:*.dwm=01;31:*.esd=01;31:*.jpg=01;35:*.jpeg=01;35:*.mjpg=01;35:*.mjpeg=01;35:*.gif=01;35:*.bmp=01;35:*.pbm=01;35:*.pgm=01;35:*.ppm=01;35:*.tga=01;35:*.xbm=01;35:*.xpm=01;35:*.tif=01;35:*.tiff=01;35:*.png=01;35:*.svg=01;35:*.svgz=01;35:*.mng=01;35:*.pcx=01;35:*.mov=01;35:*.mpg=01;35:*.mpeg=01;35:*.m2v=01;35:*.mkv=01;35:*.webm=01;35:*.webp=01;35:*.ogm=01;35:*.mp4=01;35:*.m4v=01;35:*.mp4v=01;35:*.vob=01;35:*.qt=01;35:*.nuv=01;35:*.wmv=01;35:*.asf=01;35:*.rm=01;35:*.rmvb=01;35:*.flc=01;35:*.avi=01;35:*.fli=01;35:*.flv=01;35:*.gl=01;35:*.dl=01;35:*.xcf=01;35:*.xwd=01;35:*.yuv=01;35:*.cgm=01;35:*.emf=01;35:*.ogv=01;35:*.ogx=01;35:*.aac=00;36:*.au=00;36:*.flac=00;36:*.m4a=00;36:*.mid=00;36:*.midi=00;36:*.mka=00;36:*.mp3=00;36:*.mpc=00;36:*.ogg=00;36:*.ra=00;36:*.wav=00;36:*.oga=00;36:*.opus=00;36:*.spx=00;36:*.xspf=00;36:'), ('GNOME_TERMINAL_SERVICE', ':1.93'), ('SSH_AGENT_LAUNCHER', 'gnome-keyring'), ('SSH_AUTH_SOCK', '/run/user/1000/keyring/ssh'), ('AMENT_PREFIX_PATH', '/opt/ros/humble'), ('SHELL', '/bin/bash'), ('QT_ACCESSIBILITY', '1'), ('GDMSESSION', 'ubuntu'), ('LESSCLOSE', '/usr/bin/lesspipe %s %s'), ('GPG_AGENT_INFO', '/run/user/1000/gnupg/S.gpg-agent:0:1'), ('QT_IM_MODULE', 'ibus'), ('PWD', '/home/autopilot03/Desktop/f1tenth_test0804/f1tenth_project_repo/build/camera_driver'), ('LC_ALL', 'en_US.UTF-8'), ('XDG_CONFIG_DIRS', '/etc/xdg/xdg-ubuntu:/etc/xdg'), ('DBUS_STARTER_ADDRESS', 'unix:path=/run/user/1000/bus,guid=0ef7eba7120ff60171aa42a96a71ae4d'), ('XDG_DATA_DIRS', '/usr/share/ubuntu:/usr/share/gnome:/home/autopilot03/.local/share/flatpak/exports/share:/var/lib/flatpak/exports/share:/usr/local/share/:/usr/share/:/var/lib/snapd/desktop'), ('PYTHONPATH', '/opt/ros/humble/lib/python3.10/site-packages:/opt/ros/humble/local/lib/python3.10/dist-packages'), ('COLCON', '1'), ('VTE_VERSION', '6800'), ('CMAKE_PREFIX_PATH', '/opt/ros/humble')]), 'shell': False}
[3.109713] (-) TimerEvent: {}
[3.134783] (camera_driver) StdoutLine: {'line': b'[ 12%] \x1b[32mBuilding CXX object CMakeFiles/camera_imu_stabilizer.dir/src/imu_image_stabilizer.cpp.o\x1b[0m\n'}
[3.209918] (-) TimerEvent: {}
[3.310728] (-) TimerEvent: {}
[3.411581] (-) TimerEvent: {}
[3.512474] (-) TimerEvent: {}
[3.613365] (-) TimerEvent: {}
[3.714327] (-) TimerEvent: {}
[3.815663] (-) TimerEvent: {}
[3.916488] (-) TimerEvent: {}
[4.017348] (-) TimerEvent: {}
[4.118210] (-) TimerEvent: {}
[4.219158] (-) TimerEvent: {}
[4.320143] (-) TimerEvent: {}
[4.421216] (-) TimerEvent: {}
[4.522065] (-) TimerEvent: {}
[4.622897] (-) TimerEvent: {}
[4.724686] (-) TimerEvent: {}
[4.825621] (-) TimerEvent: {}
[4.926579] (-) TimerEvent: {}
[5.029379] (-) TimerEvent: {}
[5.130529] (-) TimerEvent: {}
[5.232306] (-) TimerEvent: {}
[5.334098] (-) TimerEvent: {}
[5.434992] (-) TimerEvent: {}
[5.535745] (-) TimerEvent: {}
[5.636534] (-) TimerEvent: {}
[5.737358] (-) TimerEvent: {}
[5.838151] (-) TimerEvent: {}
[5.938842] (-) TimerEvent: {}
[6.039564] (-) TimerEvent: {}
[6.140513] (-) TimerEvent: {}
[6.241370] (-) TimerEvent: {}
[6.342526] (-) TimerEvent: {}
[6.444291] (-) TimerEvent: {}
[6.545050] (-) TimerEvent: {}
[6.645853] (-) TimerEvent: {}
[6.746556] (-) TimerEvent: {}
[6.847252] (-) TimerEvent: {}
[6.948016] (-) TimerEvent: {}
[7.048935] (-) TimerEvent: {}
[7.149801] (-) TimerEvent: {}
[7.250665] (-) TimerEvent: {}
[7.351522] (-) TimerEvent: {}
[7.452416] (-) TimerEvent: {}
[7.554236] (-) TimerEvent: {}
[7.656039] (-) TimerEvent: {}
[7.756897] (-) TimerEvent: {}
[7.811483] (camera_driver) StdoutLine: {'line': b'[ 25%] \x1b[32m\x1b[1mLinking CXX static library libcamera_imu_stabilizer.a\x1b[0m\n'}
[7.857100] (-) TimerEvent: {}
[7.877361] (camera_driver) StdoutLine: {'line': b'[ 25%] Built target camera_imu_stabilizer\n'}
[7.921780] (camera_driver) StdoutLine: {'line': b'[ 37%] \x1b[32mBuilding CXX object CMakeFiles/imu_image_stabilizer_test.dir/test/imu_image_stabilizer_test.cpp.o\x1b[0m\n'}
[7.932001] (camera_driver) StdoutLine: {'line': b'[ 50%] \x1b[32mBuilding CXX object CMakeFiles/camera_driver_component.dir/src/camera_driver_node.cpp.o\x1b[0m\n'}
[7.957277] (-) TimerEvent: {}
[8.057989] (-) TimerEvent: {}
[8.158685] (-) TimerEvent: {}
[8.259383] (-) TimerEvent: {}
[8.360098] (-) TimerEvent: {}
[8.460903] (-) TimerEvent: {}
[8.561674] (-) TimerEvent: {}
[8.662405] (-) TimerEvent: {}
[8.764124] (-) TimerEvent: {}
[8.865260] (-) TimerEvent: {}
[8.965989] (-) TimerEvent: {}
[9.067472] (-) TimerEvent: {}
[9.168488] (-) TimerEvent: {}
[9.269249] (-) TimerEvent: {}
[9.369947] (-) TimerEvent: {}
[9.471466] (-) TimerEvent: {}
[9.572906] (-) TimerEvent: {}
[9.673592] (-) TimerEvent: {}
[9.774293] (-) TimerEvent: {}
[9.875187] (-) TimerEvent: {}
[9.976030] (-) TimerEvent: {}
[10.076843] (-) TimerEvent: {}
[10.177538] (-) TimerEvent: {}
[10.278249] (-) TimerEvent: {}
[10.378962] (-) TimerEvent: {}
[10.479678] (-) TimerEvent: {}
[10.580351] (-) TimerEvent: {}
[10.681044] (-) TimerEvent: {}
[10.781729] (-) TimerEvent: {}
[10.882443] (-) TimerEvent: {}
[10.914148] (camera_driver) StdoutLine: {'line': b'[ 62%] \x1b[32m\x1b[1mLinking CXX executable imu_image_stabilizer_test\x1b[0m\n'}
[10.982621] (-) TimerEvent: {}
[11.083305] (-) TimerEvent: {}
[11.106324] (camera_driver) StdoutLine: {'line': b'[ 62%] Built target imu_image_stabilizer_test\n'}
[11.183488] (-) TimerEvent: {}
[11.284418] (-) TimerEvent: {}
[11.385292] (-) TimerEvent: {}
[11.486176] (-) TimerEvent: {}
[11.587054] (-) TimerEvent: {}
[11.687827] (-) TimerEvent: {}
[11.788904] (-) TimerEvent: {}
[11.889656] (-) TimerEvent: {}
[11.990854] (-) TimerEvent: {}
[12.091713] (-) TimerEvent: {}
[12.192443] (-) TimerEvent: {}
[12.293165] (-) TimerEvent: {}
[12.394203] (-) TimerEvent: {}
[12.494957] (-) TimerEvent: {}
[12.595718] (-) TimerEvent: {}
[12.696562] (-) TimerEvent: {}
[12.797306] (-) TimerEvent: {}
[12.898063] (-) TimerEvent: {}
[12.998757] (-) TimerEvent: {}
[13.099448] (-) TimerEvent: {}
[13.200134] (-) TimerEvent: {}
[13.300846] (-) TimerEvent: {}
[13.401547] (-) TimerEvent: {}
[13.502237] (-) TimerEvent: {}
[13.602905] (-) TimerEvent: {}
[13.703586] (-) TimerEvent: {}
[13.804311] (-) TimerEvent: {}
[13.905049] (-) TimerEvent: {}
[14.005719] (-) TimerEvent: {}
[14.106393] (-) TimerEvent: {}
[14.207081] (-) TimerEvent: {}
[14.307866] (-) TimerEvent: {}
[14.408654] (-) TimerEvent: {}
[14.509474] (-) TimerEvent: {}
[14.610328] (-) TimerEvent: {}
[14.711121] (-) TimerEvent: {}
[14.811891] (-) TimerEvent: {}
[14.912656] (-) TimerEvent: {}
[15.013451] (-) TimerEvent: {}
[15.114190] (-) TimerEvent: {}
[15.214893] (-) TimerEvent: {}
[15.315689] (-) TimerEvent: {}
[15.416463] (-) TimerEvent: {}
[15.517266] (-) TimerEvent: {}
[15.618027] (-) TimerEvent: {}
[15.718806] (-) TimerEvent: {}
[15.819672] (-) TimerEvent: {}
[15.920456] (-) TimerEvent: {}
[16.021244] (-) TimerEvent: {}
[16.121984] (-) TimerEvent: {}
[16.222760] (-) TimerEvent: {}
[16.323553] (-) TimerEvent: {}
[16.424347] (-) TimerEvent: {}
[16.525195] (-) TimerEvent: {}
[16.625982] (-) TimerEvent: {}
[16.726764] (-) TimerEvent: {}
[16.827553] (-) TimerEvent: {}
[16.928335] (-) TimerEvent: {}
[17.029151] (-) TimerEvent: {}
[17.129934] (-) TimerEvent: {}
[17.230733] (-) TimerEvent: {}
[17.331512] (-) TimerEvent: {}
[17.432333] (-) TimerEvent: {}
[17.533167] (-) TimerEvent: {}
[17.633943] (-) TimerEvent: {}
[17.734635] (-) TimerEvent: {}
[17.835421] (-) TimerEvent: {}
[17.936189] (-) TimerEvent: {}
[18.036964] (-) TimerEvent: {}
[18.137734] (-) TimerEvent: {}
[18.238558] (-) TimerEvent: {}
[18.339429] (-) TimerEvent: {}
[18.440305] (-) TimerEvent: {}
[18.541139] (-) TimerEvent: {}
[18.642377] (-) TimerEvent: {}
[18.743219] (-) TimerEvent: {}
[18.844063] (-) TimerEvent: {}
[18.944958] (-) TimerEvent: {}
[19.045831] (-) TimerEvent: {}
[19.146720] (-) TimerEvent: {}
[19.247564] (-) TimerEvent: {}
[19.348413] (-) TimerEvent: {}
[19.449356] (-) TimerEvent: {}
[19.550289] (-) TimerEvent: {}
[19.651201] (-) TimerEvent: {}
[19.752077] (-) TimerEvent: {}
[19.853023] (-) TimerEvent: {}
[19.953938] (-) TimerEvent: {}
[20.054831] (-) TimerEvent: {}
[20.156158] (-) TimerEvent: {}
[20.257010] (-) TimerEvent: {}
[20.357878] (-) TimerEvent: {}
[20.458933] (-) TimerEvent: {}
[20.559829] (-) TimerEvent: {}
[20.660739] (-) TimerEvent: {}
[20.761677] (-) TimerEvent: {}
[20.862539] (-) TimerEvent: {}
[20.963370] (-) TimerEvent: {}
[21.064184] (-) TimerEvent: {}
[21.165009] (-) TimerEvent: {}
[21.265837] (-) TimerEvent: {}
[21.366676] (-) TimerEvent: {}
[21.467508] (-) TimerEvent: {}
[21.568352] (-) TimerEvent: {}
[21.669351] (-) TimerEvent: {}
[21.770351] (-) TimerEvent: {}
[21.872416] (-) TimerEvent: {}
[21.973353] (-) TimerEvent: {}
[22.074200] (-) TimerEvent: {}
[22.175580] (-) TimerEvent: {}
[22.276318] (-) TimerEvent: {}
[22.377415] (-) TimerEvent: {}
[22.478188] (-) TimerEvent: {}
[22.578918] (-) TimerEvent: {}
[22.680037] (-) TimerEvent: {}
[22.780992] (-) TimerEvent: {}
[22.881984] (-) TimerEvent: {}
[22.983556] (-) TimerEvent: {}
[23.084826] (-) TimerEvent: {}
[23.185697] (-) TimerEvent: {}
[23.286621] (-) TimerEvent: {}
[23.387574] (-) TimerEvent: {}
[23.488436] (-) TimerEvent: {}
[23.589455] (-) TimerEvent: {}
[23.690635] (-) TimerEvent: {}
[23.791451] (-) TimerEvent: {}
[23.892299] (-) TimerEvent: {}
[23.993158] (-) TimerEvent: {}
[24.094001] (-) TimerEvent: {}
[24.194812] (-) TimerEvent: {}
[24.296078] (-) TimerEvent: {}
[24.397005] (-) TimerEvent: {}
[24.497833] (-) TimerEvent: {}
[24.598663] (-) TimerEvent: {}
[24.701254] (-) TimerEvent: {}
[24.803279] (-) TimerEvent: {}
[24.904157] (-) TimerEvent: {}
[25.005158] (-) TimerEvent: {}
[25.106482] (-) TimerEvent: {}
[25.207387] (-) TimerEvent: {}
[25.308227] (-) TimerEvent: {}
[25.409076] (-) TimerEvent: {}
[25.509913] (-) TimerEvent: {}
[25.610785] (-) TimerEvent: {}
[25.711846] (-) TimerEvent: {}
[25.813183] (-) TimerEvent: {}
[25.914091] (-) TimerEvent: {}
[26.014968] (-) TimerEvent: {}
[26.115799] (-) TimerEvent: {}
[26.216691] (-) TimerEvent: {}
[26.318214] (-) TimerEvent: {}
[26.419097] (-) TimerEvent: {}
[26.520053] (-) TimerEvent: {}
[26.620989] (-) TimerEvent: {}
[26.721842] (-) TimerEvent: {}
[26.822680] (-) TimerEvent: {}
[26.923505] (-) TimerEvent: {}
[27.024347] (-) TimerEvent: {}
[27.125192] (-) TimerEvent: {}
[27.226063] (-) TimerEvent: {}
[27.326872] (-) TimerEvent: {}
[27.427705] (-) TimerEvent: {}
[27.528501] (-) TimerEvent: {}
[27.629358] (-) TimerEvent: {}
[27.730174] (-) TimerEvent: {}
[27.830992] (-) TimerEvent: {}
[27.931811] (-) TimerEvent: {}
[28.032650] (-) TimerEvent: {}
[28.133505] (-) TimerEvent: {}
[28.234317] (-) TimerEvent: {}
[28.335137] (-) TimerEvent: {}
[28.435962] (-) TimerEvent: {}
[28.536870] (-) TimerEvent: {}
[28.637829] (-) TimerEvent: {}
[28.738741] (-) TimerEvent: {}
[28.839735] (-) TimerEvent: {}
[28.940622] (-) TimerEvent: {}
[29.041492] (-) TimerEvent: {}
[29.142321] (-) TimerEvent: {}
[29.243187] (-) TimerEvent: {}
[29.343949] (-) TimerEvent: {}
[29.444846] (-) TimerEvent: {}
[29.545672] (-) TimerEvent: {}
[29.646518] (-) TimerEvent: {}
[29.748726] (-) TimerEvent: {}
[29.849577] (-) TimerEvent: {}
[29.950403] (-) TimerEvent: {}
[30.051224] (-) TimerEvent: {}
[30.151970] (-) TimerEvent: {}
[30.252677] (-) TimerEvent: {}
[30.353406] (-) TimerEvent: {}
[30.454219] (-) TimerEvent: {}
[30.555324] (-) TimerEvent: {}
[30.656052] (-) TimerEvent: {}
[30.757333] (-) TimerEvent: {}
[30.858156] (-) TimerEvent: {}
[30.958952] (-) TimerEvent: {}
[31.059700] (-) TimerEvent: {}
[31.160507] (-) TimerEvent: {}
[31.261258] (-) TimerEvent: {}
[31.361989] (-) TimerEvent: {}
[31.462698] (-) TimerEvent: {}
[31.563410] (-) TimerEvent: {}
[31.664128] (-) TimerEvent: {}
[31.764890] (-) TimerEvent: {}
[31.865797] (-) TimerEvent: {}
[31.966496] (-) TimerEvent: {}
[32.067498] (-) TimerEvent: {}
[32.168212] (-) TimerEvent: {}
[32.268952] (-) TimerEvent: {}
[32.369649] (-) TimerEvent: {}
[32.470337] (-) TimerEvent: {}
[32.571055] (-) TimerEvent: {}
[32.671962] (-) TimerEvent: {}
[32.772672] (-) TimerEvent: {}
[32.873396] (-) TimerEvent: {}
[32.974136] (-) TimerEvent: {}
[33.074870] (-) TimerEvent: {}
[33.175588] (-) TimerEvent: {}
[33.276373] (-) TimerEvent: {}
[33.377084] (-) TimerEvent: {}
[33.477782] (-) TimerEvent: {}
[33.578501] (-) TimerEvent: {}
[33.679225] (-) TimerEvent: {}
[33.780037] (-) TimerEvent: {}
[33.880885] (-) TimerEvent: {}
[33.981695] (-) TimerEvent: {}
[34.082507] (-) TimerEvent: {}
[34.183318] (-) TimerEvent: {}
[34.284137] (-) TimerEvent: {}
[34.384974] (-) TimerEvent: {}
[34.485793] (-) TimerEvent: {}
[34.586653] (-) TimerEvent: {}
[34.687505] (-) TimerEvent: {}
[34.788441] (-) TimerEvent: {}
[34.889428] (-) TimerEvent: {}
[34.990343] (-) TimerEvent: {}
[35.091651] (-) TimerEvent: {}
[35.192493] (-) TimerEvent: {}
[35.293373] (-) TimerEvent: {}
[35.394222] (-) TimerEvent: {}
[35.495060] (-) TimerEvent: {}
[35.595913] (-) TimerEvent: {}
[35.696777] (-) TimerEvent: {}
[35.797665] (-) TimerEvent: {}
[35.898494] (-) TimerEvent: {}
[35.999330] (-) TimerEvent: {}
[36.100159] (-) TimerEvent: {}
[36.200999] (-) TimerEvent: {}
[36.301835] (-) TimerEvent: {}
[36.402645] (-) TimerEvent: {}
[36.503436] (-) TimerEvent: {}
[36.604239] (-) TimerEvent: {}
[36.705073] (-) TimerEvent: {}
[36.805798] (-) TimerEvent: {}
[36.906517] (-) TimerEvent: {}
[37.007221] (-) TimerEvent: {}
[37.107939] (-) TimerEvent: {}
[37.208654] (-) TimerEvent: {}
[37.309408] (-) TimerEvent: {}
[37.410134] (-) TimerEvent: {}
[37.510881] (-) TimerEvent: {}
[37.611601] (-) TimerEvent: {}
[37.712302] (-) TimerEvent: {}
[37.812976] (-) TimerEvent: {}
[37.913681] (-) TimerEvent: {}
[38.014382] (-) TimerEvent: {}
[38.115088] (-) TimerEvent: {}
[38.215799] (-) TimerEvent: {}
[38.316538] (-) TimerEvent: {}
[38.417337] (-) TimerEvent: {}
[38.518039] (-) TimerEvent: {}
[38.618739] (-) TimerEvent: {}
[38.719454] (-) TimerEvent: {}
[38.820139] (-) TimerEvent: {}
[38.920887] (-) TimerEvent: {}
[39.021596] (-) TimerEvent: {}
[39.122310] (-) TimerEvent: {}
[39.223010] (-) TimerEvent: {}
[39.323716] (-) TimerEvent: {}
[39.424406] (-) TimerEvent: {}
[39.525122] (-) TimerEvent: {}
[39.626068] (-) TimerEvent: {}
[39.726827] (-) TimerEvent: {}
[39.827534] (-) TimerEvent: {}
[39.928245] (-) TimerEvent: {}
[40.028995] (-) TimerEvent: {}
[40.129714] (-) TimerEvent: {}
[40.230437] (-) TimerEvent: {}
[40.331148] (-) TimerEvent: {}
[40.431870] (-) TimerEvent: {}
[40.532654] (-) TimerEvent: {}
[40.633393] (-) TimerEvent: {}
[40.734101] (-) TimerEvent: {}
[40.834811] (-) TimerEvent: {}
[40.935525] (-) TimerEvent: {}
[41.036233] (-) TimerEvent: {}
[41.136945] (-) TimerEvent: {}
[41.237934] (-) TimerEvent: {}
[41.338673] (-) TimerEvent: {}
[41.439402] (-) TimerEvent: {}
[41.540124] (-) TimerEvent: {}
[41.640851] (-) TimerEvent: {}
[41.741572] (-) TimerEvent: {}
[41.842270] (-) TimerEvent: {}
[41.942962] (-) TimerEvent: {}
[42.043663] (-) TimerEvent: {}
[42.144358] (-) TimerEvent: {}
[42.245094] (-) TimerEvent: {}
[42.345817] (-) TimerEvent: {}
[42.446518] (-) TimerEvent: {}
[42.547202] (-) TimerEvent: {}
[42.647886] (-) TimerEvent: {}
[42.748584] (-) TimerEvent: {}
[42.849329] (-) TimerEvent: {}
[42.950047] (-) TimerEvent: {}
[43.050750] (-) TimerEvent: {}
[43.151455] (-) TimerEvent: {}
[43.252159] (-) TimerEvent: {}
[43.352906] (-) TimerEvent: {}
[43.453626] (-) TimerEvent: {}
[43.554345] (-) TimerEvent: {}
[43.655047] (-) TimerEvent: {}
[43.755749] (-) TimerEvent: {}
[43.856458] (-) TimerEvent: {}
[43.957160] (-) TimerEvent: {}
[44.058499] (-) TimerEvent: {}
[44.159371] (-) TimerEvent: {}
[44.261025] (-) TimerEvent: {}
[44.361961] (-) TimerEvent: {}
[44.463701] (-) TimerEvent: {}
[44.564690] (-) TimerEvent: {}
[44.666670] (-) TimerEvent: {}
[44.767420] (-) TimerEvent: {}
[44.868169] (-) TimerEvent: {}
[44.969194] (-) TimerEvent: {}
[45.070756] (-) TimerEvent: {}
[45.171617] (-) TimerEvent: {}
[45.272521] (-) TimerEvent: {}
[45.373446] (-) TimerEvent: {}
[45.474762] (-) TimerEvent: {}
[45.577610] (-) TimerEvent: {}
[45.678552] (-) TimerEvent: {}
[45.779373] (-) TimerEvent: {}
[45.880148] (-) TimerEvent: {}
[45.981018] (-) TimerEvent: {}
[46.081947] (-) TimerEvent: {}
[46.182762] (-) TimerEvent: {}
[46.283570] (-) TimerEvent: {}
[46.384381] (-) TimerEvent: {}
[46.485234] (-) TimerEvent: {}
[46.586059] (-) TimerEvent: {}
[46.686894] (-) TimerEvent: {}
[46.787724] (-) TimerEvent: {}
[46.888552] (-) TimerEvent: {}
[46.989709] (-) TimerEvent: {}
[47.090723] (-) TimerEvent: {}
[47.191606] (-) TimerEvent: {}
[47.292552] (-) TimerEvent: {}
[47.393430] (-) TimerEvent: {}
[47.494289] (-) TimerEvent: {}
[47.595154] (-) TimerEvent: {}
[47.696616] (-) TimerEvent: {}
[47.797510] (-) TimerEvent: {}
[47.898386] (-) TimerEvent: {}
[47.999315] (-) TimerEvent: {}
[48.100257] (-) TimerEvent: {}
[48.201260] (-) TimerEvent: {}
[48.302140] (-) TimerEvent: {}
[48.403044] (-) TimerEvent: {}
[48.503934] (-) TimerEvent: {}
[48.604929] (-) TimerEvent: {}
[48.705792] (-) TimerEvent: {}
[48.806701] (-) TimerEvent: {}
[48.907631] (-) TimerEvent: {}
[49.008450] (-) TimerEvent: {}
[49.109381] (-) TimerEvent: {}
[49.210268] (-) TimerEvent: {}
[49.311214] (-) TimerEvent: {}
[49.412056] (-) TimerEvent: {}
[49.512994] (-) TimerEvent: {}
[49.613824] (-) TimerEvent: {}
[49.714665] (-) TimerEvent: {}
[49.816052] (-) TimerEvent: {}
[49.917347] (-) TimerEvent: {}
[50.018223] (-) TimerEvent: {}
[50.119856] (-) TimerEvent: {}
[50.221778] (-) TimerEvent: {}
[50.322720] (-) TimerEvent: {}
[50.423636] (-) TimerEvent: {}
[50.524492] (-) TimerEvent: {}
[50.625396] (-) TimerEvent: {}
[50.726267] (-) TimerEvent: {}
[50.827164] (-) TimerEvent: {}
[50.928609] (-) TimerEvent: {}
[51.031346] (-) TimerEvent: {}
[51.132622] (-) TimerEvent: {}
[51.235659] (-) TimerEvent: {}
[51.336512] (-) TimerEvent: {}
[51.437382] (-) TimerEvent: {}
[51.538230] (-) TimerEvent: {}
[51.639078] (-) TimerEvent: {}
[51.739960] (-) TimerEvent: {}
[51.841228] (-) TimerEvent: {}
[51.943227] (-) TimerEvent: {}
[52.044111] (-) TimerEvent: {}
[52.145036] (-) TimerEvent: {}
[52.245930] (-) TimerEvent: {}
[52.347417] (-) TimerEvent: {}
[52.448919] (-) TimerEvent: {}
[52.549752] (-) TimerEvent: {}
[52.650663] (-) TimerEvent: {}
[52.751624] (-) TimerEvent: {}
[52.763065] (camera_driver) StderrLine: {'line': b'In file included from \x1b[01m\x1b[K/usr/local/include/depthai/utility/Serialization.hpp:6\x1b[m\x1b[K,\n'}
[52.763878] (camera_driver) StderrLine: {'line': b'                 from \x1b[01m\x1b[K/usr/local/include/depthai/common/Point3f.hpp:7\x1b[m\x1b[K,\n'}
[52.764214] (camera_driver) StderrLine: {'line': b'                 from \x1b[01m\x1b[K/usr/local/include/depthai/common/Extrinsics.hpp:9\x1b[m\x1b[K,\n'}
[52.764559] (camera_driver) StderrLine: {'line': b'                 from \x1b[01m\x1b[K/usr/local/include/depthai/common/CameraInfo.hpp:4\x1b[m\x1b[K,\n'}
[52.764871] (camera_driver) StderrLine: {'line': b'                 from \x1b[01m\x1b[K/usr/local/include/depthai/common/EepromData.hpp:7\x1b[m\x1b[K,\n'}
[52.765156] (camera_driver) StderrLine: {'line': b'                 from \x1b[01m\x1b[K/usr/local/include/depthai/device/CalibrationHandler.hpp:11\x1b[m\x1b[K,\n'}
[52.765423] (camera_driver) StderrLine: {'line': b'                 from \x1b[01m\x1b[K/usr/local/include/depthai/depthai.hpp:11\x1b[m\x1b[K,\n'}
[52.765676] (camera_driver) StderrLine: {'line': b'                 from \x1b[01m\x1b[K/home/autopilot03/Desktop/f1tenth_test0804/f1tenth_project_repo/src/camera_driver/src/camera_driver_node.cpp:24\x1b[m\x1b[K:\n'}
[52.765932] (camera_driver) StderrLine: {'line': b'/usr/local/include/nlohmann/json.hpp: In instantiation of \xe2\x80\x98\x1b[01m\x1b[Kconstexpr decltype (declval<const basic_json_t&>().get_impl<ValueType>(nlohmann::json_abi_v3_12_0::detail::priority_tag<4>{})) nlohmann::json_abi_v3_12_0::basic_json<ObjectType, ArrayType, StringType, BooleanType, NumberIntegerType, NumberUnsignedType, NumberFloatType, AllocatorType, JSONSerializer, BinaryType, CustomBaseClass>::get() const [with ValueTypeCV = std::pair<float, float>; ValueType = std::pair<float, float>; ObjectType = std::map; ArrayType = std::vector; StringType = std::__cxx11::basic_string<char>; BooleanType = bool; NumberIntegerType = long int; NumberUnsignedType = long unsigned int; NumberFloatType = double; AllocatorType = std::allocator; JSONSerializer = nlohmann::json_abi_v3_12_0::adl_serializer; BinaryType = std::vector<unsigned char, std::allocator<unsigned char> >; CustomBaseClass = void; decltype (declval<const basic_json_t&>().get_impl<ValueType>(nlohmann::json_abi_v3_12_0::detail::priority_tag<4>{})) = std::pair<float, float>; nlohmann::json_abi_v3_12_0::basic_json<ObjectType, ArrayType, StringType, BooleanType, NumberIntegerType, NumberUnsignedType, NumberFloatType, AllocatorType, JSONSerializer, BinaryType, CustomBaseClass>::basic_json_t = nlohmann::json_abi_v3_12_0::basic_json<>]\x1b[m\x1b[K\xe2\x80\x99:\n'}
[52.766283] (camera_driver) StderrLine: {'line': b'\x1b[01m\x1b[K/usr/local/include/depthai/common/variant.hpp:16:66:\x1b[m\x1b[K   required from \xe2\x80\x98\x1b[01m\x1b[Kvoid dai::internal::VariantSwitch<N>::operator()(int, const json&, Variant&) const [with Variant = std::variant<float, std::pair<float, float>, std::vector<float, std::allocator<float> > >; long unsigned int N = 1; json = nlohmann::json_abi_v3_12_0::basic_json<>]\x1b[m\x1b[K\xe2\x80\x99\n'}
[52.766555] (camera_driver) StderrLine: {'line': b'\x1b[01m\x1b[K/usr/local/include/depthai/common/variant.hpp:18:35:\x1b[m\x1b[K   required from \xe2\x80\x98\x1b[01m\x1b[Kvoid dai::internal::VariantSwitch<N>::operator()(int, const json&, Variant&) const [with Variant = std::variant<float, std::pair<float, float>, std::vector<float, std::allocator<float> > >; long unsigned int N = 2; json = nlohmann::json_abi_v3_12_0::basic_json<>]\x1b[m\x1b[K\xe2\x80\x99\n'}
[52.766815] (camera_driver) StderrLine: {'line': b'\x1b[01m\x1b[K/usr/local/include/depthai/common/variant.hpp:50:62:\x1b[m\x1b[K   required from \xe2\x80\x98\x1b[01m\x1b[Kstatic void nlohmann::json_abi_v3_12_0::adl_serializer<std::variant<_Types ...> >::from_json(const json&, std::variant<_Types ...>&) [with Args = {float, std::pair<float, float>, std::vector<float, std::allocator<float> >}; nlohmann::json_abi_v3_12_0::json = nlohmann::json_abi_v3_12_0::basic_json<>]\x1b[m\x1b[K\xe2\x80\x99\n'}
[52.767070] (camera_driver) StderrLine: {'line': b'\x1b[01m\x1b[K/usr/local/include/nlohmann/json.hpp:1637:45:\x1b[m\x1b[K   required from \xe2\x80\x98\x1b[01m\x1b[KValueType nlohmann::json_abi_v3_12_0::basic_json<ObjectType, ArrayType, StringType, BooleanType, NumberIntegerType, NumberUnsignedType, NumberFloatType, AllocatorType, JSONSerializer, BinaryType, CustomBaseClass>::get_impl(nlohmann::json_abi_v3_12_0::detail::priority_tag<0>) const [with ValueType = std::variant<float, std::pair<float, float>, std::vector<float, std::allocator<float> > >; typename std::enable_if<(nlohmann::json_abi_v3_12_0::detail::is_default_constructible<ValueType>::value && nlohmann::json_abi_v3_12_0::detail::has_from_json<nlohmann::json_abi_v3_12_0::basic_json<ObjectType, ArrayType, StringType, BooleanType, NumberIntegerType, NumberUnsignedType, NumberFloatType, AllocatorType, JSONSerializer, BinaryType, CustomBaseClass>, ValueType>::value), int>::type <anonymous> = 0; ObjectType = std::map; ArrayType = std::vector; StringType = std::__cxx11::basic_string<char>; BooleanType = bool; NumberIntegerType = long int; NumberUnsignedType = long unsigned int; NumberFloatType = double; AllocatorType = std::allocator; JSONSerializer = nlohmann::json_abi_v3_12_0::adl_serializer; BinaryType = std::vector<unsigned char, std::allocator<unsigned char> >; CustomBaseClass = void]\x1b[m\x1b[K\xe2\x80\x99\n'}
[52.767425] (camera_driver) StderrLine: {'line': b'\x1b[01m\x1b[K/usr/local/include/nlohmann/json.hpp:1780:35:\x1b[m\x1b[K   [ skipping 2 instantiation contexts, use -ftemplate-backtrace-limit=0 to disable ]\n'}
[52.767680] (camera_driver) StderrLine: {'line': b'\x1b[01m\x1b[K/usr/local/include/nlohmann/json.hpp:1828:45:\x1b[m\x1b[K   required from \xe2\x80\x98\x1b[01m\x1b[KValueType& nlohmann::json_abi_v3_12_0::basic_json<ObjectType, ArrayType, StringType, BooleanType, NumberIntegerType, NumberUnsignedType, NumberFloatType, AllocatorType, JSONSerializer, BinaryType, CustomBaseClass>::get_to(ValueType&) const [with ValueType = std::optional<std::variant<float, std::pair<float, float>, std::vector<float, std::allocator<float> > > >; typename std::enable_if<((! nlohmann::json_abi_v3_12_0::detail::is_basic_json<BasicJsonType>::value) && nlohmann::json_abi_v3_12_0::detail::has_from_json<nlohmann::json_abi_v3_12_0::basic_json<ObjectType, ArrayType, StringType, BooleanType, NumberIntegerType, NumberUnsignedType, NumberFloatType, AllocatorType, JSONSerializer, BinaryType, CustomBaseClass>, ValueType>::value), int>::type <anonymous> = 0; ObjectType = std::map; ArrayType = std::vector; StringType = std::__cxx11::basic_string<char>; BooleanType = bool; NumberIntegerType = long int; NumberUnsignedType = long unsigned int; NumberFloatType = double; AllocatorType = std::allocator; JSONSerializer = nlohmann::json_abi_v3_12_0::adl_serializer; BinaryType = std::vector<unsigned char, std::allocator<unsigned char> >; CustomBaseClass = void]\x1b[m\x1b[K\xe2\x80\x99\n'}
[52.767991] (camera_driver) StderrLine: {'line': b'\x1b[01m\x1b[K/usr/local/include/depthai/capabilities/CapabilityRange.hpp:33:5:\x1b[m\x1b[K   required from \xe2\x80\x98\x1b[01m\x1b[Kvoid dai::from_json(const json&, dai::CapabilityRange<float>&)\x1b[m\x1b[K\xe2\x80\x99\n'}
[52.768248] (camera_driver) StderrLine: {'line': b'\x1b[01m\x1b[K/usr/local/include/nlohmann/detail/conversions/from_json.hpp:558:25:\x1b[m\x1b[K   required from \xe2\x80\x98\x1b[01m\x1b[Kdecltype (nlohmann::json_abi_v3_12_0::detail::from_json(j, forward<T>(val))) nlohmann::json_abi_v3_12_0::detail::from_json_fn::operator()(const BasicJsonType&, T&&) const [with BasicJsonType = nlohmann::json_abi_v3_12_0::basic_json<>; T = dai::CapabilityRange<float>&; decltype (nlohmann::json_abi_v3_12_0::detail::from_json(j, forward<T>(val))) = void]\x1b[m\x1b[K\xe2\x80\x99\n'}
[52.768512] (camera_driver) StderrLine: {'line': b'\x1b[01m\x1b[K/usr/local/include/nlohmann/adl_serializer.hpp:31:30:\x1b[m\x1b[K   required from \xe2\x80\x98\x1b[01m\x1b[Kstatic decltype ((nlohmann::json_abi_v3_12_0::from_json(forward<BasicJsonType>(j), val), void())) nlohmann::json_abi_v3_12_0::adl_serializer<T, SFINAE>::from_json(BasicJsonType&&, TargetType&) [with BasicJsonType = const nlohmann::json_abi_v3_12_0::basic_json<>&; TargetType = dai::CapabilityRange<float>; ValueType = dai::CapabilityRange<float>; <template-parameter-1-2> = void; decltype ((nlohmann::json_abi_v3_12_0::from_json(forward<BasicJsonType>(j), val), void())) = void]\x1b[m\x1b[K\xe2\x80\x99\n'}
[52.768828] (camera_driver) StderrLine: {'line': b'\x1b[01m\x1b[K/usr/local/include/nlohmann/json.hpp:1828:45:\x1b[m\x1b[K   required from \xe2\x80\x98\x1b[01m\x1b[KValueType& nlohmann::json_abi_v3_12_0::basic_json<ObjectType, ArrayType, StringType, BooleanType, NumberIntegerType, NumberUnsignedType, NumberFloatType, AllocatorType, JSONSerializer, BinaryType, CustomBaseClass>::get_to(ValueType&) const [with ValueType = dai::CapabilityRange<float>; typename std::enable_if<((! nlohmann::json_abi_v3_12_0::detail::is_basic_json<BasicJsonType>::value) && nlohmann::json_abi_v3_12_0::detail::has_from_json<nlohmann::json_abi_v3_12_0::basic_json<ObjectType, ArrayType, StringType, BooleanType, NumberIntegerType, NumberUnsignedType, NumberFloatType, AllocatorType, JSONSerializer, BinaryType, CustomBaseClass>, ValueType>::value), int>::type <anonymous> = 0; ObjectType = std::map; ArrayType = std::vector; StringType = std::__cxx11::basic_string<char>; BooleanType = bool; NumberIntegerType = long int; NumberUnsignedType = long unsigned int; NumberFloatType = double; AllocatorType = std::allocator; JSONSerializer = nlohmann::json_abi_v3_12_0::adl_serializer; BinaryType = std::vector<unsigned char, std::allocator<unsigned char> >; CustomBaseClass = void]\x1b[m\x1b[K\xe2\x80\x99\n'}
[52.769179] (camera_driver) StderrLine: {'line': b'\x1b[01m\x1b[K/usr/local/include/depthai/capabilities/ImgFrameCapability.hpp:55:5:\x1b[m\x1b[K   required from here\n'}
[52.769445] (camera_driver) StderrLine: {'line': b'\x1b[01m\x1b[K/usr/local/include/nlohmann/json.hpp:1771:10:\x1b[m\x1b[K \x1b[01;36m\x1b[Knote: \x1b[m\x1b[Kparameter passing for argument of type \xe2\x80\x98\x1b[01m\x1b[Kstd::pair<float, float>\x1b[m\x1b[K\xe2\x80\x99 when C++17 is enabled changed to match C++14 \x1b]8;;https://gcc.gnu.org/gcc-10/changes.html#empty_base\x07in GCC 10.1\x1b]8;;\x07\n'}
[52.769707] (camera_driver) StderrLine: {'line': b' 1771 |     auto \x1b[01;36m\x1b[Kget\x1b[m\x1b[K() const noexcept(\n'}
[52.769949] (camera_driver) StderrLine: {'line': b'      |          \x1b[01;36m\x1b[K^~~\x1b[m\x1b[K\n'}
[52.851828] (-) TimerEvent: {}
[52.952632] (-) TimerEvent: {}
[53.053514] (-) TimerEvent: {}
[53.154394] (-) TimerEvent: {}
[53.255261] (-) TimerEvent: {}
[53.356150] (-) TimerEvent: {}
[53.456985] (-) TimerEvent: {}
[53.557806] (-) TimerEvent: {}
[53.658619] (-) TimerEvent: {}
[53.759457] (-) TimerEvent: {}
[53.860317] (-) TimerEvent: {}
[53.961166] (-) TimerEvent: {}
[54.061993] (-) TimerEvent: {}
[54.162814] (-) TimerEvent: {}
[54.263639] (-) TimerEvent: {}
[54.364466] (-) TimerEvent: {}
[54.465304] (-) TimerEvent: {}
[54.566119] (-) TimerEvent: {}
[54.666969] (-) TimerEvent: {}
[54.767907] (-) TimerEvent: {}
[54.868819] (-) TimerEvent: {}
[54.969692] (-) TimerEvent: {}
[55.070544] (-) TimerEvent: {}
[55.171450] (-) TimerEvent: {}
[55.272266] (-) TimerEvent: {}
[55.373951] (-) TimerEvent: {}
[55.475569] (-) TimerEvent: {}
[55.576874] (-) TimerEvent: {}
[55.677691] (-) TimerEvent: {}
[55.778391] (-) TimerEvent: {}
[55.879088] (-) TimerEvent: {}
[55.979774] (-) TimerEvent: {}
[56.080487] (-) TimerEvent: {}
[56.181193] (-) TimerEvent: {}
[56.281884] (-) TimerEvent: {}
[56.382593] (-) TimerEvent: {}
[56.483298] (-) TimerEvent: {}
[56.583986] (-) TimerEvent: {}
[56.684685] (-) TimerEvent: {}
[56.785415] (-) TimerEvent: {}
[56.886254] (-) TimerEvent: {}
[56.987376] (-) TimerEvent: {}
[57.088113] (-) TimerEvent: {}
[57.188835] (-) TimerEvent: {}
[57.289530] (-) TimerEvent: {}
[57.390257] (-) TimerEvent: {}
[57.490966] (-) TimerEvent: {}
[57.591671] (-) TimerEvent: {}
[57.692441] (-) TimerEvent: {}
[57.793206] (-) TimerEvent: {}
[57.893931] (-) TimerEvent: {}
[57.994649] (-) TimerEvent: {}
[58.095365] (-) TimerEvent: {}
[58.196078] (-) TimerEvent: {}
[58.296787] (-) TimerEvent: {}
[58.397524] (-) TimerEvent: {}
[58.498232] (-) TimerEvent: {}
[58.598962] (-) TimerEvent: {}
[58.699696] (-) TimerEvent: {}
[58.800410] (-) TimerEvent: {}
[58.901153] (-) TimerEvent: {}
[59.001888] (-) TimerEvent: {}
[59.102595] (-) TimerEvent: {}
[59.203271] (-) TimerEvent: {}
[59.303969] (-) TimerEvent: {}
[59.404671] (-) TimerEvent: {}
[59.505389] (-) TimerEvent: {}
[59.606080] (-) TimerEvent: {}
[59.706808] (-) TimerEvent: {}
[59.807554] (-) TimerEvent: {}
[59.908334] (-) TimerEvent: {}
[60.009155] (-) TimerEvent: {}
[60.109875] (-) TimerEvent: {}
[60.210586] (-) TimerEvent: {}
[60.311317] (-) TimerEvent: {}
[60.412053] (-) TimerEvent: {}
[60.512755] (-) TimerEvent: {}
[60.613512] (-) TimerEvent: {}
[60.714421] (-) TimerEvent: {}
[60.815116] (-) TimerEvent: {}
[60.916938] (-) TimerEvent: {}
[61.017640] (-) TimerEvent: {}
[61.118333] (-) TimerEvent: {}
[61.219047] (-) TimerEvent: {}
[61.319744] (-) TimerEvent: {}
[61.420449] (-) TimerEvent: {}
[61.521185] (-) TimerEvent: {}
[61.621883] (-) TimerEvent: {}
[61.722588] (-) TimerEvent: {}
[61.823293] (-) TimerEvent: {}
[61.924253] (-) TimerEvent: {}
[62.024983] (-) TimerEvent: {}
[62.125677] (-) TimerEvent: {}
[62.226378] (-) TimerEvent: {}
[62.327100] (-) TimerEvent: {}
[62.427828] (-) TimerEvent: {}
[62.528534] (-) TimerEvent: {}
[62.629280] (-) TimerEvent: {}
[62.729972] (-) TimerEvent: {}
[62.830658] (-) TimerEvent: {}
[62.931362] (-) TimerEvent: {}
[63.032062] (-) TimerEvent: {}
[63.133182] (-) TimerEvent: {}
[63.233920] (-) TimerEvent: {}
[63.334643] (-) TimerEvent: {}
[63.435337] (-) TimerEvent: {}
[63.536042] (-) TimerEvent: {}
[63.636757] (-) TimerEvent: {}
[63.737513] (-) TimerEvent: {}
[63.838232] (-) TimerEvent: {}
[63.938950] (-) TimerEvent: {}
[64.039662] (-) TimerEvent: {}
[64.140351] (-) TimerEvent: {}
[64.241094] (-) TimerEvent: {}
[64.341796] (-) TimerEvent: {}
[64.442492] (-) TimerEvent: {}
[64.543208] (-) TimerEvent: {}
[64.643926] (-) TimerEvent: {}
[64.744620] (-) TimerEvent: {}
[64.845401] (-) TimerEvent: {}
[64.946297] (-) TimerEvent: {}
[65.047201] (-) TimerEvent: {}
[65.148275] (-) TimerEvent: {}
[65.249190] (-) TimerEvent: {}
[65.350101] (-) TimerEvent: {}
[65.451018] (-) TimerEvent: {}
[65.551864] (-) TimerEvent: {}
[65.652864] (-) TimerEvent: {}
[65.753870] (-) TimerEvent: {}
[65.854791] (-) TimerEvent: {}
[65.955613] (-) TimerEvent: {}
[66.056420] (-) TimerEvent: {}
[66.157153] (-) TimerEvent: {}
[66.257979] (-) TimerEvent: {}
[66.358813] (-) TimerEvent: {}
[66.459711] (-) TimerEvent: {}
[66.560909] (-) TimerEvent: {}
[66.661766] (-) TimerEvent: {}
[66.762576] (-) TimerEvent: {}
[66.863393] (-) TimerEvent: {}
[66.964240] (-) TimerEvent: {}
[67.065147] (-) TimerEvent: {}
[67.166113] (-) TimerEvent: {}
[67.266956] (-) TimerEvent: {}
[67.367781] (-) TimerEvent: {}
[67.468607] (-) TimerEvent: {}
[67.569479] (-) TimerEvent: {}
[67.672452] (-) TimerEvent: {}
[67.773304] (-) TimerEvent: {}
[67.874104] (-) TimerEvent: {}
[67.974953] (-) TimerEvent: {}
[68.075851] (-) TimerEvent: {}
[68.176711] (-) TimerEvent: {}
[68.277636] (-) TimerEvent: {}
[68.378514] (-) TimerEvent: {}
[68.479394] (-) TimerEvent: {}
[68.580296] (-) TimerEvent: {}
[68.681310] (-) TimerEvent: {}
[68.782435] (-) TimerEvent: {}
[68.883314] (-) TimerEvent: {}
[68.984173] (-) TimerEvent: {}
[69.085032] (-) TimerEvent: {}
[69.185898] (-) TimerEvent: {}
[69.286727] (-) TimerEvent: {}
[69.387528] (-) TimerEvent: {}
[69.488428] (-) TimerEvent: {}
[69.589438] (-) TimerEvent: {}
[69.690340] (-) TimerEvent: {}
[69.791249] (-) TimerEvent: {}
[69.892187] (-) TimerEvent: {}
[69.993128] (-) TimerEvent: {}
[70.093998] (-) TimerEvent: {}
[70.194868] (-) TimerEvent: {}
[70.295731] (-) TimerEvent: {}
[70.396723] (-) TimerEvent: {}
[70.497652] (-) TimerEvent: {}
[70.598648] (-) TimerEvent: {}
[70.699591] (-) TimerEvent: {}
[70.800406] (-) TimerEvent: {}
[70.901260] (-) TimerEvent: {}
[71.002059] (-) TimerEvent: {}
[71.102897] (-) TimerEvent: {}
[71.203730] (-) TimerEvent: {}
[71.306839] (-) TimerEvent: {}
[71.407686] (-) TimerEvent: {}
[71.508523] (-) TimerEvent: {}
[71.609377] (-) TimerEvent: {}
[71.710188] (-) TimerEvent: {}
[71.811017] (-) TimerEvent: {}
[71.911840] (-) TimerEvent: {}
[72.012674] (-) TimerEvent: {}
[72.113590] (-) TimerEvent: {}
[72.214506] (-) TimerEvent: {}
[72.316136] (-) TimerEvent: {}
[72.417336] (-) TimerEvent: {}
[72.518206] (-) TimerEvent: {}
[72.619203] (-) TimerEvent: {}
[72.720061] (-) TimerEvent: {}
[72.820943] (-) TimerEvent: {}
[72.922971] (-) TimerEvent: {}
[73.023712] (-) TimerEvent: {}
[73.124470] (-) TimerEvent: {}
[73.225510] (-) TimerEvent: {}
[73.326196] (-) TimerEvent: {}
[73.426926] (-) TimerEvent: {}
[73.527683] (-) TimerEvent: {}
[73.628417] (-) TimerEvent: {}
[73.729157] (-) TimerEvent: {}
[73.831192] (-) TimerEvent: {}
[73.932099] (-) TimerEvent: {}
[74.032994] (-) TimerEvent: {}
[74.133881] (-) TimerEvent: {}
[74.234751] (-) TimerEvent: {}
[74.335578] (-) TimerEvent: {}
[74.436413] (-) TimerEvent: {}
[74.537737] (-) TimerEvent: {}
[74.638579] (-) TimerEvent: {}
[74.739416] (-) TimerEvent: {}
[74.840318] (-) TimerEvent: {}
[74.941264] (-) TimerEvent: {}
[75.042198] (-) TimerEvent: {}
[75.143032] (-) TimerEvent: {}
[75.243944] (-) TimerEvent: {}
[75.344783] (-) TimerEvent: {}
[75.445643] (-) TimerEvent: {}
[75.546521] (-) TimerEvent: {}
[75.647420] (-) TimerEvent: {}
[75.748301] (-) TimerEvent: {}
[75.849205] (-) TimerEvent: {}
[75.950116] (-) TimerEvent: {}
[76.051708] (-) TimerEvent: {}
[76.153265] (-) TimerEvent: {}
[76.254112] (-) TimerEvent: {}
[76.354936] (-) TimerEvent: {}
[76.455787] (-) TimerEvent: {}
[76.556715] (-) TimerEvent: {}
[76.657649] (-) TimerEvent: {}
[76.758798] (-) TimerEvent: {}
[76.859979] (-) TimerEvent: {}
[76.960879] (-) TimerEvent: {}
[77.061958] (-) TimerEvent: {}
[77.162796] (-) TimerEvent: {}
[77.263745] (-) TimerEvent: {}
[77.364625] (-) TimerEvent: {}
[77.393752] (camera_driver) StdoutLine: {'line': b'[ 75%] \x1b[32m\x1b[1mLinking CXX shared library libcamera_driver_component.so\x1b[0m\n'}
[77.464860] (-) TimerEvent: {}
[77.565579] (-) TimerEvent: {}
[77.666303] (-) TimerEvent: {}
[77.767071] (-) TimerEvent: {}
[77.867924] (-) TimerEvent: {}
[77.969006] (-) TimerEvent: {}
[78.069765] (-) TimerEvent: {}
[78.081454] (camera_driver) StdoutLine: {'line': b'[ 75%] Built target camera_driver_component\n'}
[78.128892] (camera_driver) StdoutLine: {'line': b'[ 87%] \x1b[32mBuilding CXX object CMakeFiles/camera_driver_node.dir/src/main.cpp.o\x1b[0m\n'}
[78.169941] (-) TimerEvent: {}
[78.270625] (-) TimerEvent: {}
[78.371345] (-) TimerEvent: {}
[78.472110] (-) TimerEvent: {}
[78.572842] (-) TimerEvent: {}
[78.673590] (-) TimerEvent: {}
[78.774258] (-) TimerEvent: {}
[78.874935] (-) TimerEvent: {}
[78.975633] (-) TimerEvent: {}
[79.076336] (-) TimerEvent: {}
[79.177053] (-) TimerEvent: {}
[79.277760] (-) TimerEvent: {}
[79.378467] (-) TimerEvent: {}
[79.479173] (-) TimerEvent: {}
[79.579878] (-) TimerEvent: {}
[79.680591] (-) TimerEvent: {}
[79.781324] (-) TimerEvent: {}
[79.882034] (-) TimerEvent: {}
[79.982733] (-) TimerEvent: {}
[80.083425] (-) TimerEvent: {}
[80.184122] (-) TimerEvent: {}
[80.284894] (-) TimerEvent: {}
[80.385694] (-) TimerEvent: {}
[80.486404] (-) TimerEvent: {}
[80.587613] (-) TimerEvent: {}
[80.689025] (-) TimerEvent: {}
[80.790203] (-) TimerEvent: {}
[80.891090] (-) TimerEvent: {}
[80.991912] (-) TimerEvent: {}
[81.092724] (-) TimerEvent: {}
[81.193684] (-) TimerEvent: {}
[81.295217] (-) TimerEvent: {}
[81.395966] (-) TimerEvent: {}
[81.496724] (-) TimerEvent: {}
[81.597496] (-) TimerEvent: {}
[81.698248] (-) TimerEvent: {}
[81.798959] (-) TimerEvent: {}
[81.899696] (-) TimerEvent: {}
[82.000419] (-) TimerEvent: {}
[82.101169] (-) TimerEvent: {}
[82.201889] (-) TimerEvent: {}
[82.302661] (-) TimerEvent: {}
[82.403374] (-) TimerEvent: {}
[82.504094] (-) TimerEvent: {}
[82.604901] (-) TimerEvent: {}
[82.705689] (-) TimerEvent: {}
[82.806395] (-) TimerEvent: {}
[82.907140] (-) TimerEvent: {}
[83.007873] (-) TimerEvent: {}
[83.108699] (-) TimerEvent: {}
[83.209498] (-) TimerEvent: {}
[83.310211] (-) TimerEvent: {}
[83.411388] (-) TimerEvent: {}
[83.512243] (-) TimerEvent: {}
[83.613164] (-) TimerEvent: {}
[83.715399] (-) TimerEvent: {}
[83.817433] (-) TimerEvent: {}
[83.918363] (-) TimerEvent: {}
[84.019407] (-) TimerEvent: {}
[84.120219] (-) TimerEvent: {}
[84.220954] (-) TimerEvent: {}
[84.321682] (-) TimerEvent: {}
[84.422433] (-) TimerEvent: {}
[84.523158] (-) TimerEvent: {}
[84.623978] (-) TimerEvent: {}
[84.725618] (-) TimerEvent: {}
[84.826916] (-) TimerEvent: {}
[84.928115] (-) TimerEvent: {}
[85.028849] (-) TimerEvent: {}
[85.129550] (-) TimerEvent: {}
[85.230254] (-) TimerEvent: {}
[85.330992] (-) TimerEvent: {}
[85.431828] (-) TimerEvent: {}
[85.532586] (-) TimerEvent: {}
[85.633375] (-) TimerEvent: {}
[85.734102] (-) TimerEvent: {}
[85.834820] (-) TimerEvent: {}
[85.911866] (camera_driver) StdoutLine: {'line': b'[100%] \x1b[32m\x1b[1mLinking CXX executable camera_driver_node\x1b[0m\n'}
[85.935002] (-) TimerEvent: {}
[86.035691] (-) TimerEvent: {}
[86.136409] (-) TimerEvent: {}
[86.237314] (-) TimerEvent: {}
[86.338005] (-) TimerEvent: {}
[86.438740] (-) TimerEvent: {}
[86.539563] (-) TimerEvent: {}
[86.641046] (-) TimerEvent: {}
[86.728338] (camera_driver) StdoutLine: {'line': b'[100%] Built target camera_driver_node\n'}
[86.741518] (-) TimerEvent: {}
[86.763669] (camera_driver) CommandEnded: {'returncode': 0}
[86.765075] (camera_driver) JobProgress: {'identifier': 'camera_driver', 'progress': 'install'}
[86.782528] (camera_driver) Command: {'cmd': ['/usr/bin/cmake', '--install', '/home/autopilot03/Desktop/f1tenth_test0804/f1tenth_project_repo/build/camera_driver'], 'cwd': '/home/autopilot03/Desktop/f1tenth_test0804/f1tenth_project_repo/build/camera_driver', 'env': OrderedDict([('OPENBLAS_CORETYPE', 'ARMV8'), ('LESSOPEN', '| /usr/bin/lesspipe %s'), ('USER', 'autopilot03'), ('XDG_SESSION_TYPE', 'x11'), ('SHLVL', '1'), ('LD_LIBRARY_PATH', '/opt/ros/humble/opt/rviz_ogre_vendor/lib:/opt/ros/humble/lib/aarch64-linux-gnu:/opt/ros/humble/lib:/usr/local/cuda/lib64:'), ('HOME', '/home/autopilot03'), ('OLDPWD', '/home/autopilot03/Desktop/f1tenth_test0804'), ('DESKTOP_SESSION', 'ubuntu'), ('ROS_PYTHON_VERSION', '3'), ('GNOME_SHELL_SESSION_MODE', 'ubuntu'), ('GTK_MODULES', 'gail:atk-bridge'), ('DBUS_STARTER_BUS_TYPE', 'session'), ('SYSTEMD_EXEC_PID', '3625'), ('DBUS_SESSION_BUS_ADDRESS', 'unix:path=/run/user/1000/bus,guid=0ef7eba7120ff60171aa42a96a71ae4d'), ('COLORTERM', 'truecolor'), ('IM_CONFIG_PHASE', '1'), ('ROS_DISTRO', 'humble'), ('GTK_IM_MODULE', 'ibus'), ('LOGNAME', 'autopilot03'), ('_', '/usr/bin/colcon'), ('ROS_VERSION', '2'), ('XDG_SESSION_CLASS', 'user'), ('USERNAME', 'autopilot03'), ('TERM', 'xterm-256color'), ('GNOME_DESKTOP_SESSION_ID', 'this-is-deprecated'), ('ROS_LOCALHOST_ONLY', '0'), ('WINDOWPATH', '2'), ('PATH', '/opt/ros/humble/bin:/usr/local/cuda/bin:/home/autopilot03/.local/bin:/usr/local/sbin:/usr/local/bin:/usr/sbin:/usr/bin:/sbin:/bin:/usr/games:/usr/local/games:/snap/bin:/snap/bin'), ('SESSION_MANAGER', 'local/autopilot03-desktop:@/tmp/.ICE-unix/3625,unix/autopilot03-desktop:/tmp/.ICE-unix/3625'), ('XDG_MENU_PREFIX', 'gnome-'), ('GNOME_TERMINAL_SCREEN', '/org/gnome/Terminal/screen/bfbe520d_0ebe_4561_ad60_d63b61313ae1'), ('XDG_RUNTIME_DIR', '/run/user/1000'), ('DISPLAY', ':1'), ('LANG', 'en_US.UTF-8'), ('XDG_CURRENT_DESKTOP', 'ubuntu:GNOME'), ('XMODIFIERS', '@im=ibus'), ('XDG_SESSION_DESKTOP', 'ubuntu'), ('XAUTHORITY', '/run/user/1000/gdm/Xauthority'), ('LS_COLORS', 'rs=0:di=01;34:ln=01;36:mh=00:pi=40;33:so=01;35:do=01;35:bd=40;33;01:cd=40;33;01:or=40;31;01:mi=00:su=37;41:sg=30;43:ca=30;41:tw=30;42:ow=34;42:st=37;44:ex=01;32:*.tar=01;31:*.tgz=01;31:*.arc=01;31:*.arj=01;31:*.taz=01;31:*.lha=01;31:*.lz4=01;31:*.lzh=01;31:*.lzma=01;31:*.tlz=01;31:*.txz=01;31:*.tzo=01;31:*.t7z=01;31:*.zip=01;31:*.z=01;31:*.dz=01;31:*.gz=01;31:*.lrz=01;31:*.lz=01;31:*.lzo=01;31:*.xz=01;31:*.zst=01;31:*.tzst=01;31:*.bz2=01;31:*.bz=01;31:*.tbz=01;31:*.tbz2=01;31:*.tz=01;31:*.deb=01;31:*.rpm=01;31:*.jar=01;31:*.war=01;31:*.ear=01;31:*.sar=01;31:*.rar=01;31:*.alz=01;31:*.ace=01;31:*.zoo=01;31:*.cpio=01;31:*.7z=01;31:*.rz=01;31:*.cab=01;31:*.wim=01;31:*.swm=01;31:*.dwm=01;31:*.esd=01;31:*.jpg=01;35:*.jpeg=01;35:*.mjpg=01;35:*.mjpeg=01;35:*.gif=01;35:*.bmp=01;35:*.pbm=01;35:*.pgm=01;35:*.ppm=01;35:*.tga=01;35:*.xbm=01;35:*.xpm=01;35:*.tif=01;35:*.tiff=01;35:*.png=01;35:*.svg=01;35:*.svgz=01;35:*.mng=01;35:*.pcx=01;35:*.mov=01;35:*.mpg=01;35:*.mpeg=01;35:*.m2v=01;35:*.mkv=01;35:*.webm=01;35:*.webp=01;35:*.ogm=01;35:*.mp4=01;35:*.m4v=01;35:*.mp4v=01;35:*.vob=01;35:*.qt=01;35:*.nuv=01;35:*.wmv=01;35:*.asf=01;35:*.rm=01;35:*.rmvb=01;35:*.flc=01;35:*.avi=01;35:*.fli=01;35:*.flv=01;35:*.gl=01;35:*.dl=01;35:*.xcf=01;35:*.xwd=01;35:*.yuv=01;35:*.cgm=01;35:*.emf=01;35:*.ogv=01;35:*.ogx=01;35:*.aac=00;36:*.au=00;36:*.flac=00;36:*.m4a=00;36:*.mid=00;36:*.midi=00;36:*.mka=00;36:*.mp3=00;36:*.mpc=00;36:*.ogg=00;36:*.ra=00;36:*.wav=00;36:*.oga=00;36:*.opus=00;36:*.spx=00;36:*.xspf=00;36:'), ('GNOME_TERMINAL_SERVICE', ':1.93'), ('SSH_AGENT_LAUNCHER', 'gnome-keyring'), ('SSH_AUTH_SOCK', '/run/user/1000/keyring/ssh'), ('AMENT_PREFIX_PATH', '/opt/ros/humble'), ('SHELL', '/bin/bash'), ('QT_ACCESSIBILITY', '1'), ('GDMSESSION', 'ubuntu'), ('LESSCLOSE', '/usr/bin/lesspipe %s %s'), ('GPG_AGENT_INFO', '/run/user/1000/gnupg/S.gpg-agent:0:1'), ('QT_IM_MODULE', 'ibus'), ('PWD', '/home/autopilot03/Desktop/f1tenth_test0804/f1tenth_project_repo/build/camera_driver'), ('LC_ALL', 'en_US.UTF-8'), ('XDG_CONFIG_DIRS', '/etc/xdg/xdg-ubuntu:/etc/xdg'), ('DBUS_STARTER_ADDRESS', 'unix:path=/run/user/1000/bus,guid=0ef7eba7120ff60171aa42a96a71ae4d'), ('XDG_DATA_DIRS', '/usr/share/ubuntu:/usr/share/gnome:/home/autopilot03/.local/share/flatpak/exports/share:/var/lib/flatpak/exports/share:/usr/local/share/:/usr/share/:/var/lib/snapd/desktop'), ('PYTHONPATH', '/opt/ros/humble/lib/python3.10/site-packages:/opt/ros/humble/local/lib/python3.10/dist-packages'), ('COLCON', '1'), ('VTE_VERSION', '6800'), ('CMAKE_PREFIX_PATH', '/opt/ros/humble')]), 'shell': False}
[86.804056] (camera_driver) StdoutLine: {'line': b'-- Install configuration: "Release"\n'}
[86.804961] (camera_driver) StdoutLine: {'line': b'-- Installing: /home/autopilot03/Desktop/f1tenth_test0804/f1tenth_project_repo/install/camera_driver/include\n'}
[86.805462] (camera_driver) StdoutLine: {'line': b'-- Installing: /home/autopilot03/Desktop/f1tenth_test0804/f1tenth_project_repo/install/camera_driver/include/camera_driver\n'}
[86.805951] (camera_driver) StdoutLine: {'line': b'-- Installing: /home/autopilot03/Desktop/f1tenth_test0804/f1tenth_project_repo/install/camera_driver/include/camera_driver/imu_image_stabilizer.hpp\n'}
[86.806302] (camera_driver) StdoutLine: {'line': b'-- Installing: /home/autopilot03/Desktop/f1tenth_test0804/f1tenth_project_repo/install/camera_driver/include/camera_driver/visibility_control.hpp\n'}
[86.806598] (camera_driver) StdoutLine: {'line': b'-- Installing: /home/autopilot03/Desktop/f1tenth_test0804/f1tenth_project_repo/install/camera_driver/include/camera_driver/camera_driver_node.hpp\n'}
[86.806933] (camera_driver) StdoutLine: {'line': b'-- Installing: /home/autopilot03/Desktop/f1tenth_test0804/f1tenth_project_repo/install/camera_driver/share/camera_driver/config\n'}
[86.807206] (camera_driver) StdoutLine: {'line': b'-- Installing: /home/autopilot03/Desktop/f1tenth_test0804/f1tenth_project_repo/install/camera_driver/share/camera_driver/config/camera_config.yaml\n'}
[86.807514] (camera_driver) StdoutLine: {'line': b'-- Installing: /home/autopilot03/Desktop/f1tenth_test0804/f1tenth_project_repo/install/camera_driver/share/camera_driver/launch\n'}
[86.807780] (camera_driver) StdoutLine: {'line': b'-- Installing: /home/autopilot03/Desktop/f1tenth_test0804/f1tenth_project_repo/install/camera_driver/share/camera_driver/launch/camera_driver.launch.py\n'}
[86.808043] (camera_driver) StdoutLine: {'line': b'-- Installing: /home/autopilot03/Desktop/f1tenth_test0804/f1tenth_project_repo/install/camera_driver/lib/libcamera_imu_stabilizer.a\n'}
[86.808295] (camera_driver) StdoutLine: {'line': b'-- Installing: /home/autopilot03/Desktop/f1tenth_test0804/f1tenth_project_repo/install/camera_driver/lib/libcamera_driver_component.so\n'}
[86.809067] (camera_driver) StdoutLine: {'line': b'-- Set runtime path of "/home/autopilot03/Desktop/f1tenth_test0804/f1tenth_project_repo/install/camera_driver/lib/libcamera_driver_component.so" to ""\n'}
[86.809404] (camera_driver) StdoutLine: {'line': b'-- Installing: /home/autopilot03/Desktop/f1tenth_test0804/f1tenth_project_repo/install/camera_driver/lib/camera_driver/camera_driver_node\n'}
[86.809978] (camera_driver) StdoutLine: {'line': b'-- Set runtime path of "/home/autopilot03/Desktop/f1tenth_test0804/f1tenth_project_repo/install/camera_driver/lib/camera_driver/camera_driver_node" to ""\n'}
[86.810308] (camera_driver) StdoutLine: {'line': b'-- Installing: /home/autopilot03/Desktop/f1tenth_test0804/f1tenth_project_repo/install/camera_driver/share/camera_driver/environment/library_path.sh\n'}
[86.810622] (camera_driver) StdoutLine: {'line': b'-- Installing: /home/autopilot03/Desktop/f1tenth_test0804/f1tenth_project_repo/install/camera_driver/share/camera_driver/environment/library_path.dsv\n'}
[86.810961] (camera_driver) StdoutLine: {'line': b'-- Installing: /home/autopilot03/Desktop/f1tenth_test0804/f1tenth_project_repo/install/camera_driver/share/ament_index/resource_index/package_run_dependencies/camera_driver\n'}
[86.811343] (camera_driver) StdoutLine: {'line': b'-- Installing: /home/autopilot03/Desktop/f1tenth_test0804/f1tenth_project_repo/install/camera_driver/share/ament_index/resource_index/parent_prefix_path/camera_driver\n'}
[86.811689] (camera_driver) StdoutLine: {'line': b'-- Installing: /home/autopilot03/Desktop/f1tenth_test0804/f1tenth_project_repo/install/camera_driver/share/camera_driver/environment/ament_prefix_path.sh\n'}
[86.812002] (camera_driver) StdoutLine: {'line': b'-- Installing: /home/autopilot03/Desktop/f1tenth_test0804/f1tenth_project_repo/install/camera_driver/share/camera_driver/environment/ament_prefix_path.dsv\n'}
[86.812296] (camera_driver) StdoutLine: {'line': b'-- Installing: /home/autopilot03/Desktop/f1tenth_test0804/f1tenth_project_repo/install/camera_driver/share/camera_driver/environment/path.sh\n'}
[86.812596] (camera_driver) StdoutLine: {'line': b'-- Installing: /home/autopilot03/Desktop/f1tenth_test0804/f1tenth_project_repo/install/camera_driver/share/camera_driver/environment/path.dsv\n'}
[86.812921] (camera_driver) StdoutLine: {'line': b'-- Installing: /home/autopilot03/Desktop/f1tenth_test0804/f1tenth_project_repo/install/camera_driver/share/camera_driver/local_setup.bash\n'}
[86.813591] (camera_driver) StdoutLine: {'line': b'-- Installing: /home/autopilot03/Desktop/f1tenth_test0804/f1tenth_project_repo/install/camera_driver/share/camera_driver/local_setup.sh\n'}
[86.813926] (camera_driver) StdoutLine: {'line': b'-- Installing: /home/autopilot03/Desktop/f1tenth_test0804/f1tenth_project_repo/install/camera_driver/share/camera_driver/local_setup.zsh\n'}
[86.814235] (camera_driver) StdoutLine: {'line': b'-- Installing: /home/autopilot03/Desktop/f1tenth_test0804/f1tenth_project_repo/install/camera_driver/share/camera_driver/local_setup.dsv\n'}
[86.814548] (camera_driver) StdoutLine: {'line': b'-- Installing: /home/autopilot03/Desktop/f1tenth_test0804/f1tenth_project_repo/install/camera_driver/share/camera_driver/package.dsv\n'}
[86.814865] (camera_driver) StdoutLine: {'line': b'-- Installing: /home/autopilot03/Desktop/f1tenth_test0804/f1tenth_project_repo/install/camera_driver/share/ament_index/resource_index/packages/camera_driver\n'}
[86.815243] (camera_driver) StdoutLine: {'line': b'-- Installing: /home/autopilot03/Desktop/f1tenth_test0804/f1tenth_project_repo/install/camera_driver/share/ament_index/resource_index/rclcpp_components/camera_driver\n'}
[86.815622] (camera_driver) StdoutLine: {'line': b'-- Installing: /home/autopilot03/Desktop/f1tenth_test0804/f1tenth_project_repo/install/camera_driver/share/camera_driver/cmake/export_camera_driverExport.cmake\n'}
[86.815980] (camera_driver) StdoutLine: {'line': b'-- Installing: /home/autopilot03/Desktop/f1tenth_test0804/f1tenth_project_repo/install/camera_driver/share/camera_driver/cmake/export_camera_driverExport-release.cmake\n'}
[86.816290] (camera_driver) StdoutLine: {'line': b'-- Installing: /home/autopilot03/Desktop/f1tenth_test0804/f1tenth_project_repo/install/camera_driver/share/camera_driver/cmake/ament_cmake_export_targets-extras.cmake\n'}
[86.816597] (camera_driver) StdoutLine: {'line': b'-- Installing: /home/autopilot03/Desktop/f1tenth_test0804/f1tenth_project_repo/install/camera_driver/share/camera_driver/cmake/ament_cmake_export_dependencies-extras.cmake\n'}
[86.816985] (camera_driver) StdoutLine: {'line': b'-- Installing: /home/autopilot03/Desktop/f1tenth_test0804/f1tenth_project_repo/install/camera_driver/share/camera_driver/cmake/camera_driverConfig.cmake\n'}
[86.817368] (camera_driver) StdoutLine: {'line': b'-- Installing: /home/autopilot03/Desktop/f1tenth_test0804/f1tenth_project_repo/install/camera_driver/share/camera_driver/cmake/camera_driverConfig-version.cmake\n'}
[86.817748] (camera_driver) StdoutLine: {'line': b'-- Installing: /home/autopilot03/Desktop/f1tenth_test0804/f1tenth_project_repo/install/camera_driver/share/camera_driver/package.xml\n'}
[86.823181] (camera_driver) CommandEnded: {'returncode': 0}
[86.843378] (-) TimerEvent: {}
[86.896299] (camera_driver) JobEnded: {'identifier': 'camera_driver', 'rc': 0}
[86.901331] (bev_processor) JobStarted: {'identifier': 'bev_processor'}
[86.908747] (bev_processor) JobProgress: {'identifier': 'bev_processor', 'progress': 'cmake'}
[86.909193] (bev_processor) Command: {'cmd': ['/usr/bin/cmake', '/home/autopilot03/Desktop/f1tenth_test0804/f1tenth_project_repo/src/bev_processor', '-DCMAKE_BUILD_TYPE=Release', '-DCMAKE_CUDA_COMPILER=/usr/local/cuda/bin/nvcc', '-DCMAKE_INSTALL_PREFIX=/home/autopilot03/Desktop/f1tenth_test0804/f1tenth_project_repo/install/bev_processor'], 'cwd': '/home/autopilot03/Desktop/f1tenth_test0804/f1tenth_project_repo/build/bev_processor', 'env': OrderedDict([('OPENBLAS_CORETYPE', 'ARMV8'), ('LESSOPEN', '| /usr/bin/lesspipe %s'), ('USER', 'autopilot03'), ('XDG_SESSION_TYPE', 'x11'), ('SHLVL', '1'), ('LD_LIBRARY_PATH', '/home/autopilot03/Desktop/f1tenth_test0804/f1tenth_project_repo/install/camera_driver/lib:/opt/ros/humble/opt/rviz_ogre_vendor/lib:/opt/ros/humble/lib/aarch64-linux-gnu:/opt/ros/humble/lib:/usr/local/cuda/lib64'), ('HOME', '/home/autopilot03'), ('OLDPWD', '/home/autopilot03/Desktop/f1tenth_test0804'), ('DESKTOP_SESSION', 'ubuntu'), ('ROS_PYTHON_VERSION', '3'), ('GNOME_SHELL_SESSION_MODE', 'ubuntu'), ('GTK_MODULES', 'gail:atk-bridge'), ('DBUS_STARTER_BUS_TYPE', 'session'), ('SYSTEMD_EXEC_PID', '3625'), ('DBUS_SESSION_BUS_ADDRESS', 'unix:path=/run/user/1000/bus,guid=0ef7eba7120ff60171aa42a96a71ae4d'), ('COLORTERM', 'truecolor'), ('IM_CONFIG_PHASE', '1'), ('ROS_DISTRO', 'humble'), ('GTK_IM_MODULE', 'ibus'), ('LOGNAME', 'autopilot03'), ('_', '/usr/bin/colcon'), ('ROS_VERSION', '2'), ('XDG_SESSION_CLASS', 'user'), ('USERNAME', 'autopilot03'), ('TERM', 'xterm-256color'), ('GNOME_DESKTOP_SESSION_ID', 'this-is-deprecated'), ('ROS_LOCALHOST_ONLY', '0'), ('WINDOWPATH', '2'), ('PATH', '/opt/ros/humble/bin:/usr/local/cuda/bin:/home/autopilot03/.local/bin:/usr/local/sbin:/usr/local/bin:/usr/sbin:/usr/bin:/sbin:/bin:/usr/games:/usr/local/games:/snap/bin:/snap/bin'), ('SESSION_MANAGER', 'local/autopilot03-desktop:@/tmp/.ICE-unix/3625,unix/autopilot03-desktop:/tmp/.ICE-unix/3625'), ('XDG_MENU_PREFIX', 'gnome-'), ('GNOME_TERMINAL_SCREEN', '/org/gnome/Terminal/screen/bfbe520d_0ebe_4561_ad60_d63b61313ae1'), ('XDG_RUNTIME_DIR', '/run/user/1000'), ('DISPLAY', ':1'), ('LANG', 'en_US.UTF-8'), ('XDG_CURRENT_DESKTOP', 'ubuntu:GNOME'), ('XMODIFIERS', '@im=ibus'), ('XDG_SESSION_DESKTOP', 'ubuntu'), ('XAUTHORITY', '/run/user/1000/gdm/Xauthority'), ('LS_COLORS', 'rs=0:di=01;34:ln=01;36:mh=00:pi=40;33:so=01;35:do=01;35:bd=40;33;01:cd=40;33;01:or=40;31;01:mi=00:su=37;41:sg=30;43:ca=30;41:tw=30;42:ow=34;42:st=37;44:ex=01;32:*.tar=01;31:*.tgz=01;31:*.arc=01;31:*.arj=01;31:*.taz=01;31:*.lha=01;31:*.lz4=01;31:*.lzh=01;31:*.lzma=01;31:*.tlz=01;31:*.txz=01;31:*.tzo=01;31:*.t7z=01;31:*.zip=01;31:*.z=01;31:*.dz=01;31:*.gz=01;31:*.lrz=01;31:*.lz=01;31:*.lzo=01;31:*.xz=01;31:*.zst=01;31:*.tzst=01;31:*.bz2=01;31:*.bz=01;31:*.tbz=01;31:*.tbz2=01;31:*.tz=01;31:*.deb=01;31:*.rpm=01;31:*.jar=01;31:*.war=01;31:*.ear=01;31:*.sar=01;31:*.rar=01;31:*.alz=01;31:*.ace=01;31:*.zoo=01;31:*.cpio=01;31:*.7z=01;31:*.rz=01;31:*.cab=01;31:*.wim=01;31:*.swm=01;31:*.dwm=01;31:*.esd=01;31:*.jpg=01;35:*.jpeg=01;35:*.mjpg=01;35:*.mjpeg=01;35:*.gif=01;35:*.bmp=01;35:*.pbm=01;35:*.pgm=01;35:*.ppm=01;35:*.tga=01;35:*.xbm=01;35:*.xpm=01;35:*.tif=01;35:*.tiff=01;35:*.png=01;35:*.svg=01;35:*.svgz=01;35:*.mng=01;35:*.pcx=01;35:*.mov=01;35:*.mpg=01;35:*.mpeg=01;35:*.m2v=01;35:*.mkv=01;35:*.webm=01;35:*.webp=01;35:*.ogm=01;35:*.mp4=01;35:*.m4v=01;35:*.mp4v=01;35:*.vob=01;35:*.qt=01;35:*.nuv=01;35:*.wmv=01;35:*.asf=01;35:*.rm=01;35:*.rmvb=01;35:*.flc=01;35:*.avi=01;35:*.fli=01;35:*.flv=01;35:*.gl=01;35:*.dl=01;35:*.xcf=01;35:*.xwd=01;35:*.yuv=01;35:*.cgm=01;35:*.emf=01;35:*.ogv=01;35:*.ogx=01;35:*.aac=00;36:*.au=00;36:*.flac=00;36:*.m4a=00;36:*.mid=00;36:*.midi=00;36:*.mka=00;36:*.mp3=00;36:*.mpc=00;36:*.ogg=00;36:*.ra=00;36:*.wav=00;36:*.oga=00;36:*.opus=00;36:*.spx=00;36:*.xspf=00;36:'), ('GNOME_TERMINAL_SERVICE', ':1.93'), ('SSH_AGENT_LAUNCHER', 'gnome-keyring'), ('SSH_AUTH_SOCK', '/run/user/1000/keyring/ssh'), ('AMENT_PREFIX_PATH', '/home/autopilot03/Desktop/f1tenth_test0804/f1tenth_project_repo/install/camera_driver:/opt/ros/humble'), ('SHELL', '/bin/bash'), ('QT_ACCESSIBILITY', '1'), ('GDMSESSION', 'ubuntu'), ('LESSCLOSE', '/usr/bin/lesspipe %s %s'), ('GPG_AGENT_INFO', '/run/user/1000/gnupg/S.gpg-agent:0:1'), ('QT_IM_MODULE', 'ibus'), ('PWD', '/home/autopilot03/Desktop/f1tenth_test0804/f1tenth_project_repo/build/bev_processor'), ('LC_ALL', 'en_US.UTF-8'), ('XDG_CONFIG_DIRS', '/etc/xdg/xdg-ubuntu:/etc/xdg'), ('DBUS_STARTER_ADDRESS', 'unix:path=/run/user/1000/bus,guid=0ef7eba7120ff60171aa42a96a71ae4d'), ('XDG_DATA_DIRS', '/usr/share/ubuntu:/usr/share/gnome:/home/autopilot03/.local/share/flatpak/exports/share:/var/lib/flatpak/exports/share:/usr/local/share/:/usr/share/:/var/lib/snapd/desktop'), ('PYTHONPATH', '/opt/ros/humble/lib/python3.10/site-packages:/opt/ros/humble/local/lib/python3.10/dist-packages'), ('COLCON', '1'), ('VTE_VERSION', '6800'), ('CMAKE_PREFIX_PATH', '/home/autopilot03/Desktop/f1tenth_test0804/f1tenth_project_repo/install/camera_driver:/opt/ros/humble')]), 'shell': False}
[86.943558] (-) TimerEvent: {}
[87.044211] (-) TimerEvent: {}
[87.052580] (bev_processor) StdoutLine: {'line': b'-- The CXX compiler identification is GNU 11.4.0\n'}
[87.144428] (-) TimerEvent: {}
[87.245136] (-) TimerEvent: {}
[87.346665] (-) TimerEvent: {}
[87.447487] (-) TimerEvent: {}
[87.548338] (-) TimerEvent: {}
[87.649089] (-) TimerEvent: {}
[87.749938] (-) TimerEvent: {}
[87.850668] (-) TimerEvent: {}
[87.951405] (-) TimerEvent: {}
[88.052152] (-) TimerEvent: {}
[88.152844] (-) TimerEvent: {}
[88.253564] (-) TimerEvent: {}
[88.354397] (-) TimerEvent: {}
[88.455227] (-) TimerEvent: {}
[88.556676] (-) TimerEvent: {}
[88.657612] (-) TimerEvent: {}
[88.758840] (-) TimerEvent: {}
[88.859648] (-) TimerEvent: {}
[88.960352] (-) TimerEvent: {}
[89.061088] (-) TimerEvent: {}
[89.161790] (-) TimerEvent: {}
[89.262498] (-) TimerEvent: {}
[89.363213] (-) TimerEvent: {}
[89.463965] (-) TimerEvent: {}
[89.544994] (bev_processor) StdoutLine: {'line': b'-- The CUDA compiler identification is NVIDIA 12.6.68\n'}
[89.562343] (bev_processor) StdoutLine: {'line': b'-- Detecting CXX compiler ABI info\n'}
[89.564227] (-) TimerEvent: {}
[89.664978] (-) TimerEvent: {}
[89.727043] (bev_processor) StdoutLine: {'line': b'-- Detecting CXX compiler ABI info - done\n'}
[89.749272] (bev_processor) StdoutLine: {'line': b'-- Check for working CXX compiler: /usr/bin/c++ - skipped\n'}
[89.750633] (bev_processor) StdoutLine: {'line': b'-- Detecting CXX compile features\n'}
[89.752434] (bev_processor) StdoutLine: {'line': b'-- Detecting CXX compile features - done\n'}
[89.762026] (bev_processor) StdoutLine: {'line': b'-- Detecting CUDA compiler ABI info\n'}
[89.764993] (-) TimerEvent: {}
[89.865499] (-) TimerEvent: {}
[89.966154] (-) TimerEvent: {}
[90.066813] (-) TimerEvent: {}
[90.167485] (-) TimerEvent: {}
[90.268420] (-) TimerEvent: {}
[90.369410] (-) TimerEvent: {}
[90.470169] (-) TimerEvent: {}
[90.571033] (-) TimerEvent: {}
[90.671766] (-) TimerEvent: {}
[90.772609] (-) TimerEvent: {}
[90.873471] (-) TimerEvent: {}
[90.974292] (-) TimerEvent: {}
[91.075440] (-) TimerEvent: {}
[91.176162] (-) TimerEvent: {}
[91.276876] (-) TimerEvent: {}
[91.377577] (-) TimerEvent: {}
[91.478332] (-) TimerEvent: {}
[91.579060] (-) TimerEvent: {}
[91.679824] (-) TimerEvent: {}
[91.780576] (-) TimerEvent: {}
[91.881456] (-) TimerEvent: {}
[91.982366] (-) TimerEvent: {}
[92.032620] (bev_processor) StdoutLine: {'line': b'-- Detecting CUDA compiler ABI info - done\n'}
[92.082586] (-) TimerEvent: {}
[92.110127] (bev_processor) StdoutLine: {'line': b'-- Check for working CUDA compiler: /usr/local/cuda/bin/nvcc - skipped\n'}
[92.110690] (bev_processor) StdoutLine: {'line': b'-- Detecting CUDA compile features\n'}
[92.111323] (bev_processor) StdoutLine: {'line': b'-- Detecting CUDA compile features - done\n'}
[92.115293] (bev_processor) StdoutLine: {'line': b'-- Found ament_cmake: 1.3.14 (/opt/ros/humble/share/ament_cmake/cmake)\n'}
[92.182711] (-) TimerEvent: {}
[92.283298] (-) TimerEvent: {}
[92.384425] (-) TimerEvent: {}
[92.479950] (bev_processor) StdoutLine: {'line': b'-- Found Python3: /usr/bin/python3 (found version "3.10.12") found components: Interpreter \n'}
[92.484531] (-) TimerEvent: {}
[92.585108] (-) TimerEvent: {}
[92.685775] (-) TimerEvent: {}
[92.705657] (bev_processor) StdoutLine: {'line': b'-- Found CUDAToolkit: /usr/local/cuda/include (found version "12.6.68") \n'}
[92.740988] (bev_processor) StdoutLine: {'line': b'-- Looking for C++ include pthread.h\n'}
[92.785991] (-) TimerEvent: {}
[92.886712] (-) TimerEvent: {}
[92.926231] (bev_processor) StdoutLine: {'line': b'-- Looking for C++ include pthread.h - found\n'}
[92.927528] (bev_processor) StdoutLine: {'line': b'-- Performing Test CMAKE_HAVE_LIBC_PTHREAD\n'}
[92.986908] (-) TimerEvent: {}
[93.087578] (-) TimerEvent: {}
[93.142584] (bev_processor) StdoutLine: {'line': b'-- Performing Test CMAKE_HAVE_LIBC_PTHREAD - Success\n'}
[93.145084] (bev_processor) StdoutLine: {'line': b'-- Found Threads: TRUE  \n'}
[93.187810] (-) TimerEvent: {}
[93.250838] (bev_processor) StdoutLine: {'line': b'-- Found OpenCV: /usr (found suitable version "4.8.0", minimum required is "4") found components: core highgui imgproc \n'}
[93.253623] (bev_processor) StdoutLine: {'line': b'-- Found rclcpp: 16.0.19 (/opt/ros/humble/share/rclcpp/cmake)\n'}
[93.287994] (-) TimerEvent: {}
[93.325902] (bev_processor) StdoutLine: {'line': b'-- Found rosidl_generator_c: 3.1.8 (/opt/ros/humble/share/rosidl_generator_c/cmake)\n'}
[93.335517] (bev_processor) StdoutLine: {'line': b'-- Found rosidl_adapter: 3.1.8 (/opt/ros/humble/share/rosidl_adapter/cmake)\n'}
[93.353676] (bev_processor) StdoutLine: {'line': b'-- Found rosidl_generator_cpp: 3.1.8 (/opt/ros/humble/share/rosidl_generator_cpp/cmake)\n'}
[93.378728] (bev_processor) StdoutLine: {'line': b'-- Using all available rosidl_typesupport_c: rosidl_typesupport_fastrtps_c;rosidl_typesupport_introspection_c\n'}
[93.388185] (-) TimerEvent: {}
[93.412104] (bev_processor) StdoutLine: {'line': b'-- Using all available rosidl_typesupport_cpp: rosidl_typesupport_fastrtps_cpp;rosidl_typesupport_introspection_cpp\n'}
[93.488427] (-) TimerEvent: {}
[93.502430] (bev_processor) StdoutLine: {'line': b'-- Found rmw_implementation_cmake: 6.1.2 (/opt/ros/humble/share/rmw_implementation_cmake/cmake)\n'}
[93.508020] (bev_processor) StdoutLine: {'line': b'-- Found rmw_fastrtps_cpp: 6.2.10 (/opt/ros/humble/share/rmw_fastrtps_cpp/cmake)\n'}
[93.588631] (-) TimerEvent: {}
[93.689453] (-) TimerEvent: {}
[93.699179] (bev_processor) StdoutLine: {'line': b'-- Found OpenSSL: /usr/lib/aarch64-linux-gnu/libcrypto.so (found version "3.0.2")  \n'}
[93.768268] (bev_processor) StdoutLine: {'line': b'-- Found FastRTPS: /opt/ros/humble/include  \n'}
[93.789901] (-) TimerEvent: {}
[93.868537] (bev_processor) StdoutLine: {'line': b"-- Using RMW implementation 'rmw_fastrtps_cpp' as default\n"}
[93.890106] (-) TimerEvent: {}
[93.991127] (-) TimerEvent: {}
[93.997310] (bev_processor) StdoutLine: {'line': b'-- Found rclcpp_components: 16.0.19 (/opt/ros/humble/share/rclcpp_components/cmake)\n'}
[94.055491] (bev_processor) StdoutLine: {'line': b'-- Found sensor_msgs: 4.9.1 (/opt/ros/humble/share/sensor_msgs/cmake)\n'}
[94.091409] (-) TimerEvent: {}
[94.152990] (bev_processor) StdoutLine: {'line': b'-- Performing Test arch_native_supported\n'}
[94.191564] (-) TimerEvent: {}
[94.292248] (-) TimerEvent: {}
[94.326470] (bev_processor) StdoutLine: {'line': b'-- Performing Test arch_native_supported - Success\n'}
[94.392407] (-) TimerEvent: {}
[94.493023] (-) TimerEvent: {}
[94.527616] (bev_processor) StdoutLine: {'line': b'-- Configuring done\n'}
[94.593256] (-) TimerEvent: {}
[94.602688] (bev_processor) StdoutLine: {'line': b'-- Generating done\n'}
[94.624534] (bev_processor) StdoutLine: {'line': b'-- Build files have been written to: /home/autopilot03/Desktop/f1tenth_test0804/f1tenth_project_repo/build/bev_processor\n'}
[94.660873] (bev_processor) CommandEnded: {'returncode': 0}
[94.664218] (bev_processor) JobProgress: {'identifier': 'bev_processor', 'progress': 'build'}
[94.664724] (bev_processor) Command: {'cmd': ['/usr/bin/cmake', '--build', '/home/autopilot03/Desktop/f1tenth_test0804/f1tenth_project_repo/build/bev_processor', '--', '-j6', '-l6'], 'cwd': '/home/autopilot03/Desktop/f1tenth_test0804/f1tenth_project_repo/build/bev_processor', 'env': OrderedDict([('OPENBLAS_CORETYPE', 'ARMV8'), ('LESSOPEN', '| /usr/bin/lesspipe %s'), ('USER', 'autopilot03'), ('XDG_SESSION_TYPE', 'x11'), ('SHLVL', '1'), ('LD_LIBRARY_PATH', '/home/autopilot03/Desktop/f1tenth_test0804/f1tenth_project_repo/install/camera_driver/lib:/opt/ros/humble/opt/rviz_ogre_vendor/lib:/opt/ros/humble/lib/aarch64-linux-gnu:/opt/ros/humble/lib:/usr/local/cuda/lib64'), ('HOME', '/home/autopilot03'), ('OLDPWD', '/home/autopilot03/Desktop/f1tenth_test0804'), ('DESKTOP_SESSION', 'ubuntu'), ('ROS_PYTHON_VERSION', '3'), ('GNOME_SHELL_SESSION_MODE', 'ubuntu'), ('GTK_MODULES', 'gail:atk-bridge'), ('DBUS_STARTER_BUS_TYPE', 'session'), ('SYSTEMD_EXEC_PID', '3625'), ('DBUS_SESSION_BUS_ADDRESS', 'unix:path=/run/user/1000/bus,guid=0ef7eba7120ff60171aa42a96a71ae4d'), ('COLORTERM', 'truecolor'), ('IM_CONFIG_PHASE', '1'), ('ROS_DISTRO', 'humble'), ('GTK_IM_MODULE', 'ibus'), ('LOGNAME', 'autopilot03'), ('_', '/usr/bin/colcon'), ('ROS_VERSION', '2'), ('XDG_SESSION_CLASS', 'user'), ('USERNAME', 'autopilot03'), ('TERM', 'xterm-256color'), ('GNOME_DESKTOP_SESSION_ID', 'this-is-deprecated'), ('ROS_LOCALHOST_ONLY', '0'), ('WINDOWPATH', '2'), ('PATH', '/opt/ros/humble/bin:/usr/local/cuda/bin:/home/autopilot03/.local/bin:/usr/local/sbin:/usr/local/bin:/usr/sbin:/usr/bin:/sbin:/bin:/usr/games:/usr/local/games:/snap/bin:/snap/bin'), ('SESSION_MANAGER', 'local/autopilot03-desktop:@/tmp/.ICE-unix/3625,unix/autopilot03-desktop:/tmp/.ICE-unix/3625'), ('XDG_MENU_PREFIX', 'gnome-'), ('GNOME_TERMINAL_SCREEN', '/org/gnome/Terminal/screen/bfbe520d_0ebe_4561_ad60_d63b61313ae1'), ('XDG_RUNTIME_DIR', '/run/user/1000'), ('DISPLAY', ':1'), ('LANG', 'en_US.UTF-8'), ('XDG_CURRENT_DESKTOP', 'ubuntu:GNOME'), ('XMODIFIERS', '@im=ibus'), ('XDG_SESSION_DESKTOP', 'ubuntu'), ('XAUTHORITY', '/run/user/1000/gdm/Xauthority'), ('LS_COLORS', 'rs=0:di=01;34:ln=01;36:mh=00:pi=40;33:so=01;35:do=01;35:bd=40;33;01:cd=40;33;01:or=40;31;01:mi=00:su=37;41:sg=30;43:ca=30;41:tw=30;42:ow=34;42:st=37;44:ex=01;32:*.tar=01;31:*.tgz=01;31:*.arc=01;31:*.arj=01;31:*.taz=01;31:*.lha=01;31:*.lz4=01;31:*.lzh=01;31:*.lzma=01;31:*.tlz=01;31:*.txz=01;31:*.tzo=01;31:*.t7z=01;31:*.zip=01;31:*.z=01;31:*.dz=01;31:*.gz=01;31:*.lrz=01;31:*.lz=01;31:*.lzo=01;31:*.xz=01;31:*.zst=01;31:*.tzst=01;31:*.bz2=01;31:*.bz=01;31:*.tbz=01;31:*.tbz2=01;31:*.tz=01;31:*.deb=01;31:*.rpm=01;31:*.jar=01;31:*.war=01;31:*.ear=01;31:*.sar=01;31:*.rar=01;31:*.alz=01;31:*.ace=01;31:*.zoo=01;31:*.cpio=01;31:*.7z=01;31:*.rz=01;31:*.cab=01;31:*.wim=01;31:*.swm=01;31:*.dwm=01;31:*.esd=01;31:*.jpg=01;35:*.jpeg=01;35:*.mjpg=01;35:*.mjpeg=01;35:*.gif=01;35:*.bmp=01;35:*.pbm=01;35:*.pgm=01;35:*.ppm=01;35:*.tga=01;35:*.xbm=01;35:*.xpm=01;35:*.tif=01;35:*.tiff=01;35:*.png=01;35:*.svg=01;35:*.svgz=01;35:*.mng=01;35:*.pcx=01;35:*.mov=01;35:*.mpg=01;35:*.mpeg=01;35:*.m2v=01;35:*.mkv=01;35:*.webm=01;35:*.webp=01;35:*.ogm=01;35:*.mp4=01;35:*.m4v=01;35:*.mp4v=01;35:*.vob=01;35:*.qt=01;35:*.nuv=01;35:*.wmv=01;35:*.asf=01;35:*.rm=01;35:*.rmvb=01;35:*.flc=01;35:*.avi=01;35:*.fli=01;35:*.flv=01;35:*.gl=01;35:*.dl=01;35:*.xcf=01;35:*.xwd=01;35:*.yuv=01;35:*.cgm=01;35:*.emf=01;35:*.ogv=01;35:*.ogx=01;35:*.aac=00;36:*.au=00;36:*.flac=00;36:*.m4a=00;36:*.mid=00;36:*.midi=00;36:*.mka=00;36:*.mp3=00;36:*.mpc=00;36:*.ogg=00;36:*.ra=00;36:*.wav=00;36:*.oga=00;36:*.opus=00;36:*.spx=00;36:*.xspf=00;36:'), ('GNOME_TERMINAL_SERVICE', ':1.93'), ('SSH_AGENT_LAUNCHER', 'gnome-keyring'), ('SSH_AUTH_SOCK', '/run/user/1000/keyring/ssh'), ('AMENT_PREFIX_PATH', '/home/autopilot03/Desktop/f1tenth_test0804/f1tenth_project_repo/install/camera_driver:/opt/ros/humble'), ('SHELL', '/bin/bash'), ('QT_ACCESSIBILITY', '1'), ('GDMSESSION', 'ubuntu'), ('LESSCLOSE', '/usr/bin/lesspipe %s %s'), ('GPG_AGENT_INFO', '/run/user/1000/gnupg/S.gpg-agent:0:1'), ('QT_IM_MODULE', 'ibus'), ('PWD', '/home/autopilot03/Desktop/f1tenth_test0804/f1tenth_project_repo/build/bev_processor'), ('LC_ALL', 'en_US.UTF-8'), ('XDG_CONFIG_DIRS', '/etc/xdg/xdg-ubuntu:/etc/xdg'), ('DBUS_STARTER_ADDRESS', 'unix:path=/run/user/1000/bus,guid=0ef7eba7120ff60171aa42a96a71ae4d'), ('XDG_DATA_DIRS', '/usr/share/ubuntu:/usr/share/gnome:/home/autopilot03/.local/share/flatpak/exports/share:/var/lib/flatpak/exports/share:/usr/local/share/:/usr/share/:/var/lib/snapd/desktop'), ('PYTHONPATH', '/opt/ros/humble/lib/python3.10/site-packages:/opt/ros/humble/local/lib/python3.10/dist-packages'), ('COLCON', '1'), ('VTE_VERSION', '6800'), ('CMAKE_PREFIX_PATH', '/home/autopilot03/Desktop/f1tenth_test0804/f1tenth_project_repo/install/camera_driver:/opt/ros/humble')]), 'shell': False}
[94.693425] (-) TimerEvent: {}
[94.787104] (bev_processor) StdoutLine: {'line': b'[  4%] \x1b[32mBuilding CXX object CMakeFiles/bev_geometry.dir/src/bev_geometry.cpp.o\x1b[0m\n'}
[94.788071] (bev_processor) StdoutLine: {'line': b'[  9%] \x1b[32mBuilding CXX object CMakeFiles/bev_startup_attitude.dir/src/startup_attitude.cpp.o\x1b[0m\n'}
[94.788475] (bev_processor) StdoutLine: {'line': b'[ 13%] \x1b[32mBuilding CXX object CMakeFiles/bev_ground_plane.dir/src/ground_plane_estimator.cpp.o\x1b[0m\n'}
[94.790373] (bev_processor) StdoutLine: {'line': b'[ 18%] \x1b[32mBuilding CXX object CMakeFiles/bev_lane_reconstructor.dir/src/bev_lane_reconstructor.cpp.o\x1b[0m\n'}
[94.791659] (bev_processor) StdoutLine: {'line': b'[ 22%] \x1b[32mBuilding CUDA object CMakeFiles/bev_cuda.dir/src/cuda_bev_processor.cu.o\x1b[0m\n'}
[94.793523] (-) TimerEvent: {}
[94.894439] (-) TimerEvent: {}
[94.995145] (-) TimerEvent: {}
[95.095853] (-) TimerEvent: {}
[95.196570] (-) TimerEvent: {}
[95.297337] (-) TimerEvent: {}
[95.398109] (-) TimerEvent: {}
[95.498853] (-) TimerEvent: {}
[95.600393] (-) TimerEvent: {}
[95.701131] (-) TimerEvent: {}
[95.803180] (-) TimerEvent: {}
[95.904316] (-) TimerEvent: {}
[96.005437] (-) TimerEvent: {}
[96.106217] (-) TimerEvent: {}
[96.206956] (-) TimerEvent: {}
[96.307730] (-) TimerEvent: {}
[96.408632] (-) TimerEvent: {}
[96.509470] (-) TimerEvent: {}
[96.610189] (-) TimerEvent: {}
[96.712377] (-) TimerEvent: {}
[96.813151] (-) TimerEvent: {}
[96.913937] (-) TimerEvent: {}
[97.014767] (-) TimerEvent: {}
[97.115505] (-) TimerEvent: {}
[97.216293] (-) TimerEvent: {}
[97.317090] (-) TimerEvent: {}
[97.417913] (-) TimerEvent: {}
[97.518650] (-) TimerEvent: {}
[97.619473] (-) TimerEvent: {}
[97.720304] (-) TimerEvent: {}
[97.821191] (-) TimerEvent: {}
[97.825436] (bev_processor) StdoutLine: {'line': b'[ 27%] \x1b[32m\x1b[1mLinking CXX static library libbev_startup_attitude.a\x1b[0m\n'}
[97.900300] (bev_processor) StdoutLine: {'line': b'[ 27%] Built target bev_startup_attitude\n'}
[97.921384] (-) TimerEvent: {}
[97.956123] (bev_processor) StdoutLine: {'line': b'[ 31%] \x1b[32mBuilding CXX object CMakeFiles/startup_attitude_test.dir/test/startup_attitude_test.cpp.o\x1b[0m\n'}
[98.021575] (-) TimerEvent: {}
[98.095997] (bev_processor) StdoutLine: {'line': b'[ 36%] \x1b[32m\x1b[1mLinking CXX static library libbev_geometry.a\x1b[0m\n'}
[98.121786] (-) TimerEvent: {}
[98.199127] (bev_processor) StdoutLine: {'line': b'[ 36%] Built target bev_geometry\n'}
[98.221966] (-) TimerEvent: {}
[98.262967] (bev_processor) StdoutLine: {'line': b'[ 40%] \x1b[32mBuilding CXX object CMakeFiles/bev_geometry_test.dir/test/bev_geometry_test.cpp.o\x1b[0m\n'}
[98.322180] (-) TimerEvent: {}
[98.423096] (-) TimerEvent: {}
[98.523832] (-) TimerEvent: {}
[98.624606] (-) TimerEvent: {}
[98.725714] (-) TimerEvent: {}
[98.781815] (bev_processor) StdoutLine: {'line': b'[ 45%] \x1b[32m\x1b[1mLinking CXX static library libbev_ground_plane.a\x1b[0m\n'}
[98.825926] (-) TimerEvent: {}
[98.866298] (bev_processor) StdoutLine: {'line': b'[ 45%] Built target bev_ground_plane\n'}
[98.926117] (-) TimerEvent: {}
[98.974212] (bev_processor) StdoutLine: {'line': b'[ 50%] \x1b[32mBuilding CXX object CMakeFiles/ground_plane_estimator_test.dir/test/ground_plane_estimator_test.cpp.o\x1b[0m\n'}
[98.998305] (bev_processor) StdoutLine: {'line': b'[ 54%] \x1b[32mBuilding CXX object CMakeFiles/bev_startup_measurement.dir/src/oak_startup_measurement.cpp.o\x1b[0m\n'}
[99.026310] (-) TimerEvent: {}
[99.127198] (-) TimerEvent: {}
[99.228226] (-) TimerEvent: {}
[99.329307] (-) TimerEvent: {}
[99.430999] (-) TimerEvent: {}
[99.532058] (-) TimerEvent: {}
[99.633223] (-) TimerEvent: {}
[99.734233] (-) TimerEvent: {}
[99.835300] (-) TimerEvent: {}
[99.936380] (-) TimerEvent: {}
[100.037550] (-) TimerEvent: {}
[100.138704] (-) TimerEvent: {}
[100.239741] (-) TimerEvent: {}
[100.340853] (-) TimerEvent: {}
[100.442650] (-) TimerEvent: {}
[100.543446] (-) TimerEvent: {}
[100.644166] (-) TimerEvent: {}
[100.674754] (bev_processor) StdoutLine: {'line': b'[ 59%] \x1b[32m\x1b[1mLinking CXX static library libbev_lane_reconstructor.a\x1b[0m\n'}
[100.744547] (-) TimerEvent: {}
[100.779163] (bev_processor) StdoutLine: {'line': b'[ 59%] Built target bev_lane_reconstructor\n'}
[100.836838] (bev_processor) StdoutLine: {'line': b'[ 63%] \x1b[32mBuilding CXX object CMakeFiles/bev_lane_reconstructor_test.dir/test/bev_lane_reconstructor_test.cpp.o\x1b[0m\n'}
[100.844771] (-) TimerEvent: {}
[100.945533] (-) TimerEvent: {}
[101.046274] (-) TimerEvent: {}
[101.081252] (bev_processor) StdoutLine: {'line': b'[ 68%] \x1b[32m\x1b[1mLinking CXX executable startup_attitude_test\x1b[0m\n'}
[101.148456] (-) TimerEvent: {}
[101.258723] (-) TimerEvent: {}
[101.313922] (bev_processor) StdoutLine: {'line': b'[ 68%] Built target startup_attitude_test\n'}
[101.358943] (-) TimerEvent: {}
[101.459658] (-) TimerEvent: {}
[101.560369] (-) TimerEvent: {}
[101.669026] (-) TimerEvent: {}
[101.769773] (-) TimerEvent: {}
[101.870515] (-) TimerEvent: {}
[101.971561] (-) TimerEvent: {}
[102.072301] (-) TimerEvent: {}
[102.173003] (-) TimerEvent: {}
[102.273743] (-) TimerEvent: {}
[102.350393] (bev_processor) StdoutLine: {'line': b'[ 72%] \x1b[32m\x1b[1mLinking CXX executable bev_geometry_test\x1b[0m\n'}
[102.373969] (-) TimerEvent: {}
[102.474780] (-) TimerEvent: {}
[102.575572] (-) TimerEvent: {}
[102.630565] (bev_processor) StdoutLine: {'line': b'[ 72%] Built target bev_geometry_test\n'}
[102.675770] (-) TimerEvent: {}
[102.776490] (-) TimerEvent: {}
[102.841430] (bev_processor) StdoutLine: {'line': b'[ 77%] \x1b[32m\x1b[1mLinking CXX executable ground_plane_estimator_test\x1b[0m\n'}
[102.876845] (-) TimerEvent: {}
[102.977574] (-) TimerEvent: {}
[103.054202] (bev_processor) StdoutLine: {'line': b'[ 77%] Built target ground_plane_estimator_test\n'}
[103.077762] (-) TimerEvent: {}
[103.178431] (-) TimerEvent: {}
[103.279188] (-) TimerEvent: {}
[103.380106] (-) TimerEvent: {}
[103.483543] (-) TimerEvent: {}
[103.585392] (-) TimerEvent: {}
[103.686102] (-) TimerEvent: {}
[103.786890] (-) TimerEvent: {}
[103.887728] (-) TimerEvent: {}
[103.989571] (-) TimerEvent: {}
[104.090338] (-) TimerEvent: {}
[104.191594] (-) TimerEvent: {}
[104.292523] (-) TimerEvent: {}
[104.394259] (-) TimerEvent: {}
[104.495453] (-) TimerEvent: {}
[104.549077] (bev_processor) StdoutLine: {'line': b'[ 81%] \x1b[32m\x1b[1mLinking CXX executable bev_lane_reconstructor_test\x1b[0m\n'}
[104.595672] (-) TimerEvent: {}
[104.696484] (-) TimerEvent: {}
[104.765950] (bev_processor) StdoutLine: {'line': b'[ 81%] Built target bev_lane_reconstructor_test\n'}
[104.796672] (-) TimerEvent: {}
[104.897545] (-) TimerEvent: {}
[104.998480] (-) TimerEvent: {}
[105.099863] (-) TimerEvent: {}
[105.200722] (-) TimerEvent: {}
[105.301804] (-) TimerEvent: {}
[105.314743] (bev_processor) StdoutLine: {'line': b'[ 86%] \x1b[32m\x1b[1mLinking CUDA static library libbev_cuda.a\x1b[0m\n'}
[105.386455] (bev_processor) StdoutLine: {'line': b'[ 86%] Built target bev_cuda\n'}
[105.402028] (-) TimerEvent: {}
[105.502882] (-) TimerEvent: {}
[105.603710] (-) TimerEvent: {}
[105.704578] (-) TimerEvent: {}
[105.805420] (-) TimerEvent: {}
[105.906228] (-) TimerEvent: {}
[106.007098] (-) TimerEvent: {}
[106.107939] (-) TimerEvent: {}
[106.208951] (-) TimerEvent: {}
[106.309826] (-) TimerEvent: {}
[106.410685] (-) TimerEvent: {}
[106.511537] (-) TimerEvent: {}
[106.612455] (-) TimerEvent: {}
[106.713379] (-) TimerEvent: {}
[106.814257] (-) TimerEvent: {}
[106.915139] (-) TimerEvent: {}
[107.016023] (-) TimerEvent: {}
[107.116855] (-) TimerEvent: {}
[107.217650] (-) TimerEvent: {}
[107.318455] (-) TimerEvent: {}
[107.419248] (-) TimerEvent: {}
[107.520043] (-) TimerEvent: {}
[107.620888] (-) TimerEvent: {}
[107.721679] (-) TimerEvent: {}
[107.822473] (-) TimerEvent: {}
[107.923268] (-) TimerEvent: {}
[108.024067] (-) TimerEvent: {}
[108.124932] (-) TimerEvent: {}
[108.225841] (-) TimerEvent: {}
[108.326700] (-) TimerEvent: {}
[108.427541] (-) TimerEvent: {}
[108.528416] (-) TimerEvent: {}
[108.629318] (-) TimerEvent: {}
[108.730254] (-) TimerEvent: {}
[108.831110] (-) TimerEvent: {}
[108.932032] (-) TimerEvent: {}
[109.032935] (-) TimerEvent: {}
[109.133840] (-) TimerEvent: {}
[109.234713] (-) TimerEvent: {}
[109.335614] (-) TimerEvent: {}
[109.436577] (-) TimerEvent: {}
[109.537842] (-) TimerEvent: {}
[109.638563] (-) TimerEvent: {}
[109.739837] (-) TimerEvent: {}
[109.841454] (-) TimerEvent: {}
[109.942467] (-) TimerEvent: {}
[110.043278] (-) TimerEvent: {}
[110.144144] (-) TimerEvent: {}
[110.245041] (-) TimerEvent: {}
[110.346003] (-) TimerEvent: {}
[110.446798] (-) TimerEvent: {}
[110.547610] (-) TimerEvent: {}
[110.648429] (-) TimerEvent: {}
[110.749279] (-) TimerEvent: {}
[110.850067] (-) TimerEvent: {}
[110.950842] (-) TimerEvent: {}
[111.051618] (-) TimerEvent: {}
[111.152428] (-) TimerEvent: {}
[111.253324] (-) TimerEvent: {}
[111.354132] (-) TimerEvent: {}
[111.454954] (-) TimerEvent: {}
[111.555768] (-) TimerEvent: {}
[111.656582] (-) TimerEvent: {}
[111.757472] (-) TimerEvent: {}
[111.858347] (-) TimerEvent: {}
[111.959260] (-) TimerEvent: {}
[112.060077] (-) TimerEvent: {}
[112.160904] (-) TimerEvent: {}
[112.261702] (-) TimerEvent: {}
[112.362511] (-) TimerEvent: {}
[112.463310] (-) TimerEvent: {}
[112.564118] (-) TimerEvent: {}
[112.664951] (-) TimerEvent: {}
[112.765762] (-) TimerEvent: {}
[112.866539] (-) TimerEvent: {}
[112.967277] (-) TimerEvent: {}
[113.068266] (-) TimerEvent: {}
[113.169723] (-) TimerEvent: {}
[113.270585] (-) TimerEvent: {}
[113.371437] (-) TimerEvent: {}
[113.472357] (-) TimerEvent: {}
[113.573207] (-) TimerEvent: {}
[113.674112] (-) TimerEvent: {}
[113.775033] (-) TimerEvent: {}
[113.875891] (-) TimerEvent: {}
[113.976747] (-) TimerEvent: {}
[114.077716] (-) TimerEvent: {}
[114.178550] (-) TimerEvent: {}
[114.279398] (-) TimerEvent: {}
[114.380285] (-) TimerEvent: {}
[114.481226] (-) TimerEvent: {}
[114.582132] (-) TimerEvent: {}
[114.683049] (-) TimerEvent: {}
[114.783992] (-) TimerEvent: {}
[114.884734] (-) TimerEvent: {}
[114.985592] (-) TimerEvent: {}
[115.086381] (-) TimerEvent: {}
[115.187201] (-) TimerEvent: {}
[115.288042] (-) TimerEvent: {}
[115.388936] (-) TimerEvent: {}
[115.489761] (-) TimerEvent: {}
[115.590591] (-) TimerEvent: {}
[115.691428] (-) TimerEvent: {}
[115.792292] (-) TimerEvent: {}
[115.893121] (-) TimerEvent: {}
[115.993932] (-) TimerEvent: {}
[116.094739] (-) TimerEvent: {}
[116.195648] (-) TimerEvent: {}
[116.296937] (-) TimerEvent: {}
[116.398366] (-) TimerEvent: {}
[116.499243] (-) TimerEvent: {}
[116.600735] (-) TimerEvent: {}
[116.701647] (-) TimerEvent: {}
[116.802495] (-) TimerEvent: {}
[116.903369] (-) TimerEvent: {}
[117.004494] (-) TimerEvent: {}
[117.105342] (-) TimerEvent: {}
[117.206220] (-) TimerEvent: {}
[117.307096] (-) TimerEvent: {}
[117.407921] (-) TimerEvent: {}
[117.508719] (-) TimerEvent: {}
[117.609580] (-) TimerEvent: {}
[117.710412] (-) TimerEvent: {}
[117.811227] (-) TimerEvent: {}
[117.912057] (-) TimerEvent: {}
[118.012922] (-) TimerEvent: {}
[118.113805] (-) TimerEvent: {}
[118.214664] (-) TimerEvent: {}
[118.315588] (-) TimerEvent: {}
[118.416663] (-) TimerEvent: {}
[118.517671] (-) TimerEvent: {}
[118.618786] (-) TimerEvent: {}
[118.719625] (-) TimerEvent: {}
[118.820704] (-) TimerEvent: {}
[118.921646] (-) TimerEvent: {}
[119.024274] (-) TimerEvent: {}
[119.125142] (-) TimerEvent: {}
[119.226041] (-) TimerEvent: {}
[119.327141] (-) TimerEvent: {}
[119.427974] (-) TimerEvent: {}
[119.528842] (-) TimerEvent: {}
[119.629682] (-) TimerEvent: {}
[119.730568] (-) TimerEvent: {}
[119.831394] (-) TimerEvent: {}
[119.932215] (-) TimerEvent: {}
[120.033077] (-) TimerEvent: {}
[120.133899] (-) TimerEvent: {}
[120.234724] (-) TimerEvent: {}
[120.336001] (-) TimerEvent: {}
[120.437780] (-) TimerEvent: {}
[120.538625] (-) TimerEvent: {}
[120.639338] (-) TimerEvent: {}
[120.740057] (-) TimerEvent: {}
[120.840753] (-) TimerEvent: {}
[120.941476] (-) TimerEvent: {}
[121.042169] (-) TimerEvent: {}
[121.142861] (-) TimerEvent: {}
[121.243572] (-) TimerEvent: {}
[121.344294] (-) TimerEvent: {}
[121.445013] (-) TimerEvent: {}
[121.545843] (-) TimerEvent: {}
[121.646563] (-) TimerEvent: {}
[121.747296] (-) TimerEvent: {}
[121.847992] (-) TimerEvent: {}
[121.948697] (-) TimerEvent: {}
[122.049465] (-) TimerEvent: {}
[122.150177] (-) TimerEvent: {}
[122.250910] (-) TimerEvent: {}
[122.351630] (-) TimerEvent: {}
[122.452321] (-) TimerEvent: {}
[122.553010] (-) TimerEvent: {}
[122.653707] (-) TimerEvent: {}
[122.754408] (-) TimerEvent: {}
[122.855097] (-) TimerEvent: {}
[122.955786] (-) TimerEvent: {}
[123.056490] (-) TimerEvent: {}
[123.157224] (-) TimerEvent: {}
[123.257921] (-) TimerEvent: {}
[123.358609] (-) TimerEvent: {}
[123.459281] (-) TimerEvent: {}
[123.559953] (-) TimerEvent: {}
[123.660960] (-) TimerEvent: {}
[123.761700] (-) TimerEvent: {}
[123.862424] (-) TimerEvent: {}
[123.963403] (-) TimerEvent: {}
[124.064382] (-) TimerEvent: {}
[124.165129] (-) TimerEvent: {}
[124.265874] (-) TimerEvent: {}
[124.366592] (-) TimerEvent: {}
[124.467322] (-) TimerEvent: {}
[124.568025] (-) TimerEvent: {}
[124.668712] (-) TimerEvent: {}
[124.769458] (-) TimerEvent: {}
[124.870151] (-) TimerEvent: {}
[124.970835] (-) TimerEvent: {}
[125.071549] (-) TimerEvent: {}
[125.172279] (-) TimerEvent: {}
[125.272977] (-) TimerEvent: {}
[125.373678] (-) TimerEvent: {}
[125.474386] (-) TimerEvent: {}
[125.575113] (-) TimerEvent: {}
[125.675816] (-) TimerEvent: {}
[125.776517] (-) TimerEvent: {}
[125.877238] (-) TimerEvent: {}
[125.977998] (-) TimerEvent: {}
[126.078719] (-) TimerEvent: {}
[126.179439] (-) TimerEvent: {}
[126.280160] (-) TimerEvent: {}
[126.380933] (-) TimerEvent: {}
[126.481632] (-) TimerEvent: {}
[126.582942] (-) TimerEvent: {}
[126.683634] (-) TimerEvent: {}
[126.784355] (-) TimerEvent: {}
[126.886724] (-) TimerEvent: {}
[126.987568] (-) TimerEvent: {}
[127.088453] (-) TimerEvent: {}
[127.189491] (-) TimerEvent: {}
[127.290407] (-) TimerEvent: {}
[127.391268] (-) TimerEvent: {}
[127.492164] (-) TimerEvent: {}
[127.593199] (-) TimerEvent: {}
[127.694121] (-) TimerEvent: {}
[127.794974] (-) TimerEvent: {}
[127.895824] (-) TimerEvent: {}
[127.996658] (-) TimerEvent: {}
[128.097613] (-) TimerEvent: {}
[128.198458] (-) TimerEvent: {}
[128.300235] (-) TimerEvent: {}
[128.401000] (-) TimerEvent: {}
[128.501711] (-) TimerEvent: {}
[128.602406] (-) TimerEvent: {}
[128.703084] (-) TimerEvent: {}
[128.803763] (-) TimerEvent: {}
[128.904434] (-) TimerEvent: {}
[129.005155] (-) TimerEvent: {}
[129.105848] (-) TimerEvent: {}
[129.206539] (-) TimerEvent: {}
[129.307248] (-) TimerEvent: {}
[129.407985] (-) TimerEvent: {}
[129.508741] (-) TimerEvent: {}
[129.609458] (-) TimerEvent: {}
[129.710149] (-) TimerEvent: {}
[129.810825] (-) TimerEvent: {}
[129.911502] (-) TimerEvent: {}
[130.012198] (-) TimerEvent: {}
[130.112913] (-) TimerEvent: {}
[130.213605] (-) TimerEvent: {}
[130.314301] (-) TimerEvent: {}
[130.415025] (-) TimerEvent: {}
[130.515757] (-) TimerEvent: {}
[130.616471] (-) TimerEvent: {}
[130.717420] (-) TimerEvent: {}
[130.818095] (-) TimerEvent: {}
[130.918801] (-) TimerEvent: {}
[131.019535] (-) TimerEvent: {}
[131.120246] (-) TimerEvent: {}
[131.220975] (-) TimerEvent: {}
[131.321698] (-) TimerEvent: {}
[131.422409] (-) TimerEvent: {}
[131.523115] (-) TimerEvent: {}
[131.623846] (-) TimerEvent: {}
[131.724581] (-) TimerEvent: {}
[131.825325] (-) TimerEvent: {}
[131.926068] (-) TimerEvent: {}
[132.026789] (-) TimerEvent: {}
[132.127470] (-) TimerEvent: {}
[132.228182] (-) TimerEvent: {}
[132.328916] (-) TimerEvent: {}
[132.429617] (-) TimerEvent: {}
[132.530316] (-) TimerEvent: {}
[132.631030] (-) TimerEvent: {}
[132.731723] (-) TimerEvent: {}
[132.832428] (-) TimerEvent: {}
[132.933157] (-) TimerEvent: {}
[133.033863] (-) TimerEvent: {}
[133.134550] (-) TimerEvent: {}
[133.235255] (-) TimerEvent: {}
[133.336094] (-) TimerEvent: {}
[133.436823] (-) TimerEvent: {}
[133.537775] (-) TimerEvent: {}
[133.638541] (-) TimerEvent: {}
[133.739274] (-) TimerEvent: {}
[133.839996] (-) TimerEvent: {}
[133.940675] (-) TimerEvent: {}
[134.041375] (-) TimerEvent: {}
[134.142096] (-) TimerEvent: {}
[134.242850] (-) TimerEvent: {}
[134.343529] (-) TimerEvent: {}
[134.444215] (-) TimerEvent: {}
[134.544930] (-) TimerEvent: {}
[134.645609] (-) TimerEvent: {}
[134.747337] (-) TimerEvent: {}
[134.848282] (-) TimerEvent: {}
[134.949191] (-) TimerEvent: {}
[135.050054] (-) TimerEvent: {}
[135.150923] (-) TimerEvent: {}
[135.252666] (-) TimerEvent: {}
[135.353592] (-) TimerEvent: {}
[135.454470] (-) TimerEvent: {}
[135.555364] (-) TimerEvent: {}
[135.656235] (-) TimerEvent: {}
[135.757194] (-) TimerEvent: {}
[135.858120] (-) TimerEvent: {}
[135.958949] (-) TimerEvent: {}
[136.060568] (-) TimerEvent: {}
[136.161428] (-) TimerEvent: {}
[136.262315] (-) TimerEvent: {}
[136.363136] (-) TimerEvent: {}
[136.463946] (-) TimerEvent: {}
[136.564747] (-) TimerEvent: {}
[136.665582] (-) TimerEvent: {}
[136.766473] (-) TimerEvent: {}
[136.867306] (-) TimerEvent: {}
[136.968194] (-) TimerEvent: {}
[137.069073] (-) TimerEvent: {}
[137.169905] (-) TimerEvent: {}
[137.270821] (-) TimerEvent: {}
[137.371733] (-) TimerEvent: {}
[137.472571] (-) TimerEvent: {}
[137.573517] (-) TimerEvent: {}
[137.674961] (-) TimerEvent: {}
[137.775818] (-) TimerEvent: {}
[137.876627] (-) TimerEvent: {}
[137.977563] (-) TimerEvent: {}
[138.078443] (-) TimerEvent: {}
[138.179309] (-) TimerEvent: {}
[138.191379] (bev_processor) StderrLine: {'line': b'In file included from \x1b[01m\x1b[K/usr/local/include/depthai/utility/Serialization.hpp:6\x1b[m\x1b[K,\n'}
[138.192545] (bev_processor) StderrLine: {'line': b'                 from \x1b[01m\x1b[K/usr/local/include/depthai/common/Point3f.hpp:7\x1b[m\x1b[K,\n'}
[138.192962] (bev_processor) StderrLine: {'line': b'                 from \x1b[01m\x1b[K/usr/local/include/depthai/common/Extrinsics.hpp:9\x1b[m\x1b[K,\n'}
[138.193280] (bev_processor) StderrLine: {'line': b'                 from \x1b[01m\x1b[K/usr/local/include/depthai/common/CameraInfo.hpp:4\x1b[m\x1b[K,\n'}
[138.193568] (bev_processor) StderrLine: {'line': b'                 from \x1b[01m\x1b[K/usr/local/include/depthai/common/EepromData.hpp:7\x1b[m\x1b[K,\n'}
[138.193836] (bev_processor) StderrLine: {'line': b'                 from \x1b[01m\x1b[K/usr/local/include/depthai/device/CalibrationHandler.hpp:11\x1b[m\x1b[K,\n'}
[138.194097] (bev_processor) StderrLine: {'line': b'                 from \x1b[01m\x1b[K/usr/local/include/depthai/depthai.hpp:11\x1b[m\x1b[K,\n'}
[138.194347] (bev_processor) StderrLine: {'line': b'                 from \x1b[01m\x1b[K/home/autopilot03/Desktop/f1tenth_test0804/f1tenth_project_repo/src/bev_processor/src/oak_startup_measurement.cpp:18\x1b[m\x1b[K:\n'}
[138.194670] (bev_processor) StderrLine: {'line': b'/usr/local/include/nlohmann/json.hpp: In instantiation of \xe2\x80\x98\x1b[01m\x1b[Kconstexpr decltype (declval<const basic_json_t&>().get_impl<ValueType>(nlohmann::json_abi_v3_12_0::detail::priority_tag<4>{})) nlohmann::json_abi_v3_12_0::basic_json<ObjectType, ArrayType, StringType, BooleanType, NumberIntegerType, NumberUnsignedType, NumberFloatType, AllocatorType, JSONSerializer, BinaryType, CustomBaseClass>::get() const [with ValueTypeCV = std::pair<float, float>; ValueType = std::pair<float, float>; ObjectType = std::map; ArrayType = std::vector; StringType = std::__cxx11::basic_string<char>; BooleanType = bool; NumberIntegerType = long int; NumberUnsignedType = long unsigned int; NumberFloatType = double; AllocatorType = std::allocator; JSONSerializer = nlohmann::json_abi_v3_12_0::adl_serializer; BinaryType = std::vector<unsigned char>; CustomBaseClass = void; decltype (declval<const basic_json_t&>().get_impl<ValueType>(nlohmann::json_abi_v3_12_0::detail::priority_tag<4>{})) = std::pair<float, float>; nlohmann::json_abi_v3_12_0::basic_json<ObjectType, ArrayType, StringType, BooleanType, NumberIntegerType, NumberUnsignedType, NumberFloatType, AllocatorType, JSONSerializer, BinaryType, CustomBaseClass>::basic_json_t = nlohmann::json_abi_v3_12_0::basic_json<>]\x1b[m\x1b[K\xe2\x80\x99:\n'}
[138.194981] (bev_processor) StderrLine: {'line': b'\x1b[01m\x1b[K/usr/local/include/depthai/common/variant.hpp:16:66:\x1b[m\x1b[K   required from \xe2\x80\x98\x1b[01m\x1b[Kvoid dai::internal::VariantSwitch<N>::operator()(int, const json&, Variant&) const [with Variant = std::variant<float, std::pair<float, float>, std::vector<float, std::allocator<float> > >; long unsigned int N = 1; json = nlohmann::json_abi_v3_12_0::basic_json<>]\x1b[m\x1b[K\xe2\x80\x99\n'}
[138.195253] (bev_processor) StderrLine: {'line': b'\x1b[01m\x1b[K/usr/local/include/depthai/common/variant.hpp:18:35:\x1b[m\x1b[K   required from \xe2\x80\x98\x1b[01m\x1b[Kvoid dai::internal::VariantSwitch<N>::operator()(int, const json&, Variant&) const [with Variant = std::variant<float, std::pair<float, float>, std::vector<float, std::allocator<float> > >; long unsigned int N = 2; json = nlohmann::json_abi_v3_12_0::basic_json<>]\x1b[m\x1b[K\xe2\x80\x99\n'}
[138.195515] (bev_processor) StderrLine: {'line': b'\x1b[01m\x1b[K/usr/local/include/depthai/common/variant.hpp:50:62:\x1b[m\x1b[K   required from \xe2\x80\x98\x1b[01m\x1b[Kstatic void nlohmann::json_abi_v3_12_0::adl_serializer<std::variant<_Types ...> >::from_json(const json&, std::variant<_Types ...>&) [with Args = {float, std::pair<float, float>, std::vector<float, std::allocator<float> >}; nlohmann::json_abi_v3_12_0::json = nlohmann::json_abi_v3_12_0::basic_json<>]\x1b[m\x1b[K\xe2\x80\x99\n'}
[138.195773] (bev_processor) StderrLine: {'line': b'\x1b[01m\x1b[K/usr/local/include/nlohmann/json.hpp:1637:45:\x1b[m\x1b[K   required from \xe2\x80\x98\x1b[01m\x1b[KValueType nlohmann::json_abi_v3_12_0::basic_json<ObjectType, ArrayType, StringType, BooleanType, NumberIntegerType, NumberUnsignedType, NumberFloatType, AllocatorType, JSONSerializer, BinaryType, CustomBaseClass>::get_impl(nlohmann::json_abi_v3_12_0::detail::priority_tag<0>) const [with ValueType = std::variant<float, std::pair<float, float>, std::vector<float, std::allocator<float> > >; typename std::enable_if<(nlohmann::json_abi_v3_12_0::detail::is_default_constructible<ValueType>::value && nlohmann::json_abi_v3_12_0::detail::has_from_json<nlohmann::json_abi_v3_12_0::basic_json<ObjectType, ArrayType, StringType, BooleanType, NumberIntegerType, NumberUnsignedType, NumberFloatType, AllocatorType, JSONSerializer, BinaryType, CustomBaseClass>, ValueType>::value), int>::type <anonymous> = 0; ObjectType = std::map; ArrayType = std::vector; StringType = std::__cxx11::basic_string<char>; BooleanType = bool; NumberIntegerType = long int; NumberUnsignedType = long unsigned int; NumberFloatType = double; AllocatorType = std::allocator; JSONSerializer = nlohmann::json_abi_v3_12_0::adl_serializer; BinaryType = std::vector<unsigned char>; CustomBaseClass = void]\x1b[m\x1b[K\xe2\x80\x99\n'}
[138.196124] (bev_processor) StderrLine: {'line': b'\x1b[01m\x1b[K/usr/local/include/nlohmann/json.hpp:1780:35:\x1b[m\x1b[K   [ skipping 2 instantiation contexts, use -ftemplate-backtrace-limit=0 to disable ]\n'}
[138.196373] (bev_processor) StderrLine: {'line': b'\x1b[01m\x1b[K/usr/local/include/nlohmann/json.hpp:1828:45:\x1b[m\x1b[K   required from \xe2\x80\x98\x1b[01m\x1b[KValueType& nlohmann::json_abi_v3_12_0::basic_json<ObjectType, ArrayType, StringType, BooleanType, NumberIntegerType, NumberUnsignedType, NumberFloatType, AllocatorType, JSONSerializer, BinaryType, CustomBaseClass>::get_to(ValueType&) const [with ValueType = std::optional<std::variant<float, std::pair<float, float>, std::vector<float, std::allocator<float> > > >; typename std::enable_if<((! nlohmann::json_abi_v3_12_0::detail::is_basic_json<BasicJsonType>::value) && nlohmann::json_abi_v3_12_0::detail::has_from_json<nlohmann::json_abi_v3_12_0::basic_json<ObjectType, ArrayType, StringType, BooleanType, NumberIntegerType, NumberUnsignedType, NumberFloatType, AllocatorType, JSONSerializer, BinaryType, CustomBaseClass>, ValueType>::value), int>::type <anonymous> = 0; ObjectType = std::map; ArrayType = std::vector; StringType = std::__cxx11::basic_string<char>; BooleanType = bool; NumberIntegerType = long int; NumberUnsignedType = long unsigned int; NumberFloatType = double; AllocatorType = std::allocator; JSONSerializer = nlohmann::json_abi_v3_12_0::adl_serializer; BinaryType = std::vector<unsigned char>; CustomBaseClass = void]\x1b[m\x1b[K\xe2\x80\x99\n'}
[138.196675] (bev_processor) StderrLine: {'line': b'\x1b[01m\x1b[K/usr/local/include/depthai/capabilities/CapabilityRange.hpp:33:5:\x1b[m\x1b[K   required from \xe2\x80\x98\x1b[01m\x1b[Kvoid dai::from_json(const json&, dai::CapabilityRange<float>&)\x1b[m\x1b[K\xe2\x80\x99\n'}
[138.196978] (bev_processor) StderrLine: {'line': b'\x1b[01m\x1b[K/usr/local/include/nlohmann/detail/conversions/from_json.hpp:558:25:\x1b[m\x1b[K   required from \xe2\x80\x98\x1b[01m\x1b[Kdecltype (nlohmann::json_abi_v3_12_0::detail::from_json(j, forward<T>(val))) nlohmann::json_abi_v3_12_0::detail::from_json_fn::operator()(const BasicJsonType&, T&&) const [with BasicJsonType = nlohmann::json_abi_v3_12_0::basic_json<>; T = dai::CapabilityRange<float>&; decltype (nlohmann::json_abi_v3_12_0::detail::from_json(j, forward<T>(val))) = void]\x1b[m\x1b[K\xe2\x80\x99\n'}
[138.197248] (bev_processor) StderrLine: {'line': b'\x1b[01m\x1b[K/usr/local/include/nlohmann/adl_serializer.hpp:31:30:\x1b[m\x1b[K   required from \xe2\x80\x98\x1b[01m\x1b[Kstatic decltype ((nlohmann::json_abi_v3_12_0::from_json(forward<BasicJsonType>(j), val), void())) nlohmann::json_abi_v3_12_0::adl_serializer<T, SFINAE>::from_json(BasicJsonType&&, TargetType&) [with BasicJsonType = const nlohmann::json_abi_v3_12_0::basic_json<>&; TargetType = dai::CapabilityRange<float>; ValueType = dai::CapabilityRange<float>; <template-parameter-1-2> = void; decltype ((nlohmann::json_abi_v3_12_0::from_json(forward<BasicJsonType>(j), val), void())) = void]\x1b[m\x1b[K\xe2\x80\x99\n'}
[138.197513] (bev_processor) StderrLine: {'line': b'\x1b[01m\x1b[K/usr/local/include/nlohmann/json.hpp:1828:45:\x1b[m\x1b[K   required from \xe2\x80\x98\x1b[01m\x1b[KValueType& nlohmann::json_abi_v3_12_0::basic_json<ObjectType, ArrayType, StringType, BooleanType, NumberIntegerType, NumberUnsignedType, NumberFloatType, AllocatorType, JSONSerializer, BinaryType, CustomBaseClass>::get_to(ValueType&) const [with ValueType = dai::CapabilityRange<float>; typename std::enable_if<((! nlohmann::json_abi_v3_12_0::detail::is_basic_json<BasicJsonType>::value) && nlohmann::json_abi_v3_12_0::detail::has_from_json<nlohmann::json_abi_v3_12_0::basic_json<ObjectType, ArrayType, StringType, BooleanType, NumberIntegerType, NumberUnsignedType, NumberFloatType, AllocatorType, JSONSerializer, BinaryType, CustomBaseClass>, ValueType>::value), int>::type <anonymous> = 0; ObjectType = std::map; ArrayType = std::vector; StringType = std::__cxx11::basic_string<char>; BooleanType = bool; NumberIntegerType = long int; NumberUnsignedType = long unsigned int; NumberFloatType = double; AllocatorType = std::allocator; JSONSerializer = nlohmann::json_abi_v3_12_0::adl_serializer; BinaryType = std::vector<unsigned char>; CustomBaseClass = void]\x1b[m\x1b[K\xe2\x80\x99\n'}
[138.197850] (bev_processor) StderrLine: {'line': b'\x1b[01m\x1b[K/usr/local/include/depthai/capabilities/ImgFrameCapability.hpp:55:5:\x1b[m\x1b[K   required from here\n'}
[138.198095] (bev_processor) StderrLine: {'line': b'\x1b[01m\x1b[K/usr/local/include/nlohmann/json.hpp:1771:10:\x1b[m\x1b[K \x1b[01;36m\x1b[Knote: \x1b[m\x1b[Kparameter passing for argument of type \xe2\x80\x98\x1b[01m\x1b[Kstd::pair<float, float>\x1b[m\x1b[K\xe2\x80\x99 when C++17 is enabled changed to match C++14 \x1b]8;;https://gcc.gnu.org/gcc-10/changes.html#empty_base\x07in GCC 10.1\x1b]8;;\x07\n'}
[138.198344] (bev_processor) StderrLine: {'line': b' 1771 |     auto \x1b[01;36m\x1b[Kget\x1b[m\x1b[K() const noexcept(\n'}
[138.198581] (bev_processor) StderrLine: {'line': b'      |          \x1b[01;36m\x1b[K^~~\x1b[m\x1b[K\n'}
[138.279496] (-) TimerEvent: {}
[138.380282] (-) TimerEvent: {}
[138.481135] (-) TimerEvent: {}
[138.581933] (-) TimerEvent: {}
[138.682749] (-) TimerEvent: {}
[138.783554] (-) TimerEvent: {}
[138.884367] (-) TimerEvent: {}
[138.985213] (-) TimerEvent: {}
[139.086024] (-) TimerEvent: {}
[139.186822] (-) TimerEvent: {}
[139.287621] (-) TimerEvent: {}
[139.388433] (-) TimerEvent: {}
[139.489368] (-) TimerEvent: {}
[139.590212] (-) TimerEvent: {}
[139.693624] (-) TimerEvent: {}
[139.794606] (-) TimerEvent: {}
[139.895723] (-) TimerEvent: {}
[139.996870] (-) TimerEvent: {}
[140.098787] (-) TimerEvent: {}
[140.199742] (-) TimerEvent: {}
[140.300642] (-) TimerEvent: {}
[140.401512] (-) TimerEvent: {}
[140.502389] (-) TimerEvent: {}
[140.603478] (-) TimerEvent: {}
[140.705705] (-) TimerEvent: {}
[140.806688] (-) TimerEvent: {}
[140.907551] (-) TimerEvent: {}
[141.008276] (-) TimerEvent: {}
[141.108986] (-) TimerEvent: {}
[141.210298] (-) TimerEvent: {}
[141.310993] (-) TimerEvent: {}
[141.411700] (-) TimerEvent: {}
[141.512463] (-) TimerEvent: {}
[141.613236] (-) TimerEvent: {}
[141.713927] (-) TimerEvent: {}
[141.814662] (-) TimerEvent: {}
[141.915338] (-) TimerEvent: {}
[142.016040] (-) TimerEvent: {}
[142.116696] (-) TimerEvent: {}
[142.217404] (-) TimerEvent: {}
[142.318096] (-) TimerEvent: {}
[142.418791] (-) TimerEvent: {}
[142.519493] (-) TimerEvent: {}
[142.620176] (-) TimerEvent: {}
[142.720905] (-) TimerEvent: {}
[142.821577] (-) TimerEvent: {}
[142.922232] (-) TimerEvent: {}
[143.022972] (-) TimerEvent: {}
[143.123683] (-) TimerEvent: {}
[143.224369] (-) TimerEvent: {}
[143.325099] (-) TimerEvent: {}
[143.425809] (-) TimerEvent: {}
[143.526490] (-) TimerEvent: {}
[143.627171] (-) TimerEvent: {}
[143.727866] (-) TimerEvent: {}
[143.828544] (-) TimerEvent: {}
[143.929242] (-) TimerEvent: {}
[144.029917] (-) TimerEvent: {}
[144.130630] (-) TimerEvent: {}
[144.231306] (-) TimerEvent: {}
[144.332028] (-) TimerEvent: {}
[144.432998] (-) TimerEvent: {}
[144.533846] (-) TimerEvent: {}
[144.634741] (-) TimerEvent: {}
[144.735557] (-) TimerEvent: {}
[144.836384] (-) TimerEvent: {}
[144.937228] (-) TimerEvent: {}
[145.037991] (-) TimerEvent: {}
[145.138811] (-) TimerEvent: {}
[145.239693] (-) TimerEvent: {}
[145.340569] (-) TimerEvent: {}
[145.441465] (-) TimerEvent: {}
[145.543855] (-) TimerEvent: {}
[145.644839] (-) TimerEvent: {}
[145.745717] (-) TimerEvent: {}
[145.846602] (-) TimerEvent: {}
[145.947522] (-) TimerEvent: {}
[146.048407] (-) TimerEvent: {}
[146.149427] (-) TimerEvent: {}
[146.251720] (-) TimerEvent: {}
[146.352672] (-) TimerEvent: {}
[146.453510] (-) TimerEvent: {}
[146.554313] (-) TimerEvent: {}
[146.655474] (-) TimerEvent: {}
[146.756396] (-) TimerEvent: {}
[146.857390] (-) TimerEvent: {}
[146.958163] (-) TimerEvent: {}
[147.058917] (-) TimerEvent: {}
[147.159724] (-) TimerEvent: {}
[147.260710] (-) TimerEvent: {}
[147.361590] (-) TimerEvent: {}
[147.462394] (-) TimerEvent: {}
[147.563260] (-) TimerEvent: {}
[147.664166] (-) TimerEvent: {}
[147.766109] (-) TimerEvent: {}
[147.867075] (-) TimerEvent: {}
[147.967877] (-) TimerEvent: {}
[148.068681] (-) TimerEvent: {}
[148.169531] (-) TimerEvent: {}
[148.270351] (-) TimerEvent: {}
[148.371159] (-) TimerEvent: {}
[148.471976] (-) TimerEvent: {}
[148.572788] (-) TimerEvent: {}
[148.673752] (-) TimerEvent: {}
[148.774650] (-) TimerEvent: {}
[148.875514] (-) TimerEvent: {}
[148.976857] (-) TimerEvent: {}
[149.077813] (-) TimerEvent: {}
[149.178706] (-) TimerEvent: {}
[149.279615] (-) TimerEvent: {}
[149.380403] (-) TimerEvent: {}
[149.481217] (-) TimerEvent: {}
[149.582018] (-) TimerEvent: {}
[149.682862] (-) TimerEvent: {}
[149.783770] (-) TimerEvent: {}
[149.884563] (-) TimerEvent: {}
[149.985477] (-) TimerEvent: {}
[150.086443] (-) TimerEvent: {}
[150.187332] (-) TimerEvent: {}
[150.288144] (-) TimerEvent: {}
[150.389004] (-) TimerEvent: {}
[150.489871] (-) TimerEvent: {}
[150.590855] (-) TimerEvent: {}
[150.691706] (-) TimerEvent: {}
[150.792601] (-) TimerEvent: {}
[150.893565] (-) TimerEvent: {}
[150.994400] (-) TimerEvent: {}
[151.095296] (-) TimerEvent: {}
[151.196162] (-) TimerEvent: {}
[151.297080] (-) TimerEvent: {}
[151.397960] (-) TimerEvent: {}
[151.498866] (-) TimerEvent: {}
[151.599798] (-) TimerEvent: {}
[151.700684] (-) TimerEvent: {}
[151.801562] (-) TimerEvent: {}
[151.902366] (-) TimerEvent: {}
[152.003166] (-) TimerEvent: {}
[152.103969] (-) TimerEvent: {}
[152.204819] (-) TimerEvent: {}
[152.305620] (-) TimerEvent: {}
[152.406415] (-) TimerEvent: {}
[152.507202] (-) TimerEvent: {}
[152.607923] (-) TimerEvent: {}
[152.708764] (-) TimerEvent: {}
[152.809724] (-) TimerEvent: {}
[152.910504] (-) TimerEvent: {}
[153.011209] (-) TimerEvent: {}
[153.112032] (-) TimerEvent: {}
[153.212903] (-) TimerEvent: {}
[153.313718] (-) TimerEvent: {}
[153.414561] (-) TimerEvent: {}
[153.515383] (-) TimerEvent: {}
[153.616205] (-) TimerEvent: {}
[153.717024] (-) TimerEvent: {}
[153.817852] (-) TimerEvent: {}
[153.919628] (-) TimerEvent: {}
[154.020507] (-) TimerEvent: {}
[154.121301] (-) TimerEvent: {}
[154.222099] (-) TimerEvent: {}
[154.322905] (-) TimerEvent: {}
[154.423996] (-) TimerEvent: {}
[154.525048] (-) TimerEvent: {}
[154.625756] (-) TimerEvent: {}
[154.726444] (-) TimerEvent: {}
[154.827142] (-) TimerEvent: {}
[154.927835] (-) TimerEvent: {}
[155.028564] (-) TimerEvent: {}
[155.129291] (-) TimerEvent: {}
[155.229983] (-) TimerEvent: {}
[155.330704] (-) TimerEvent: {}
[155.431392] (-) TimerEvent: {}
[155.532111] (-) TimerEvent: {}
[155.632884] (-) TimerEvent: {}
[155.733603] (-) TimerEvent: {}
[155.834289] (-) TimerEvent: {}
[155.934975] (-) TimerEvent: {}
[156.035671] (-) TimerEvent: {}
[156.136395] (-) TimerEvent: {}
[156.237245] (-) TimerEvent: {}
[156.296767] (bev_processor) StdoutLine: {'line': b'[ 90%] \x1b[32m\x1b[1mLinking CXX static library libbev_startup_measurement.a\x1b[0m\n'}
[156.337447] (-) TimerEvent: {}
[156.373464] (bev_processor) StdoutLine: {'line': b'[ 90%] Built target bev_startup_measurement\n'}
[156.420414] (bev_processor) StdoutLine: {'line': b'[ 95%] \x1b[32mBuilding CXX object CMakeFiles/bev_processor_component.dir/src/bev_processor_node.cpp.o\x1b[0m\n'}
[156.437631] (-) TimerEvent: {}
[156.538360] (-) TimerEvent: {}
[156.639187] (-) TimerEvent: {}
[156.740007] (-) TimerEvent: {}
[156.840897] (-) TimerEvent: {}
[156.941774] (-) TimerEvent: {}
[157.042607] (-) TimerEvent: {}
[157.143545] (-) TimerEvent: {}
[157.244448] (-) TimerEvent: {}
[157.345991] (-) TimerEvent: {}
[157.446863] (-) TimerEvent: {}
[157.547694] (-) TimerEvent: {}
[157.648500] (-) TimerEvent: {}
[157.750794] (-) TimerEvent: {}
[157.851657] (-) TimerEvent: {}
[157.952448] (-) TimerEvent: {}
[158.053714] (-) TimerEvent: {}
[158.154552] (-) TimerEvent: {}
[158.255360] (-) TimerEvent: {}
[158.356196] (-) TimerEvent: {}
[158.457017] (-) TimerEvent: {}
[158.557859] (-) TimerEvent: {}
[158.658711] (-) TimerEvent: {}
[158.759742] (-) TimerEvent: {}
[158.861043] (-) TimerEvent: {}
[158.961750] (-) TimerEvent: {}
[159.062436] (-) TimerEvent: {}
[159.163142] (-) TimerEvent: {}
[159.263840] (-) TimerEvent: {}
[159.364643] (-) TimerEvent: {}
[159.465488] (-) TimerEvent: {}
[159.566306] (-) TimerEvent: {}
[159.667120] (-) TimerEvent: {}
[159.767928] (-) TimerEvent: {}
[159.868745] (-) TimerEvent: {}
[159.969559] (-) TimerEvent: {}
[160.070368] (-) TimerEvent: {}
[160.171166] (-) TimerEvent: {}
[160.271969] (-) TimerEvent: {}
[160.372763] (-) TimerEvent: {}
[160.473585] (-) TimerEvent: {}
[160.574375] (-) TimerEvent: {}
[160.675177] (-) TimerEvent: {}
[160.775976] (-) TimerEvent: {}
[160.876772] (-) TimerEvent: {}
[160.977627] (-) TimerEvent: {}
[161.078437] (-) TimerEvent: {}
[161.179270] (-) TimerEvent: {}
[161.280900] (-) TimerEvent: {}
[161.381642] (-) TimerEvent: {}
[161.482472] (-) TimerEvent: {}
[161.583325] (-) TimerEvent: {}
[161.685227] (-) TimerEvent: {}
[161.786075] (-) TimerEvent: {}
[161.886892] (-) TimerEvent: {}
[161.987736] (-) TimerEvent: {}
[162.088530] (-) TimerEvent: {}
[162.189429] (-) TimerEvent: {}
[162.290241] (-) TimerEvent: {}
[162.391044] (-) TimerEvent: {}
[162.491853] (-) TimerEvent: {}
[162.592664] (-) TimerEvent: {}
[162.693489] (-) TimerEvent: {}
[162.794319] (-) TimerEvent: {}
[162.895199] (-) TimerEvent: {}
[162.996069] (-) TimerEvent: {}
[163.096905] (-) TimerEvent: {}
[163.197732] (-) TimerEvent: {}
[163.298526] (-) TimerEvent: {}
[163.399352] (-) TimerEvent: {}
[163.500275] (-) TimerEvent: {}
[163.601213] (-) TimerEvent: {}
[163.702031] (-) TimerEvent: {}
[163.802838] (-) TimerEvent: {}
[163.903638] (-) TimerEvent: {}
[164.004435] (-) TimerEvent: {}
[164.105266] (-) TimerEvent: {}
[164.206072] (-) TimerEvent: {}
[164.306878] (-) TimerEvent: {}
[164.407694] (-) TimerEvent: {}
[164.508499] (-) TimerEvent: {}
[164.609340] (-) TimerEvent: {}
[164.710168] (-) TimerEvent: {}
[164.811048] (-) TimerEvent: {}
[164.913367] (-) TimerEvent: {}
[165.014287] (-) TimerEvent: {}
[165.115196] (-) TimerEvent: {}
[165.216090] (-) TimerEvent: {}
[165.316941] (-) TimerEvent: {}
[165.417736] (-) TimerEvent: {}
[165.518544] (-) TimerEvent: {}
[165.619349] (-) TimerEvent: {}
[165.720147] (-) TimerEvent: {}
[165.820998] (-) TimerEvent: {}
[165.921802] (-) TimerEvent: {}
[166.022659] (-) TimerEvent: {}
[166.123539] (-) TimerEvent: {}
[166.224382] (-) TimerEvent: {}
[166.325271] (-) TimerEvent: {}
[166.426148] (-) TimerEvent: {}
[166.527028] (-) TimerEvent: {}
[166.627850] (-) TimerEvent: {}
[166.728750] (-) TimerEvent: {}
[166.829629] (-) TimerEvent: {}
[166.930577] (-) TimerEvent: {}
[167.031471] (-) TimerEvent: {}
[167.133855] (-) TimerEvent: {}
[167.234872] (-) TimerEvent: {}
[167.335730] (-) TimerEvent: {}
[167.436667] (-) TimerEvent: {}
[167.537520] (-) TimerEvent: {}
[167.638365] (-) TimerEvent: {}
[167.739182] (-) TimerEvent: {}
[167.839910] (-) TimerEvent: {}
[167.940781] (-) TimerEvent: {}
[168.041667] (-) TimerEvent: {}
[168.142551] (-) TimerEvent: {}
[168.243444] (-) TimerEvent: {}
[168.344317] (-) TimerEvent: {}
[168.445250] (-) TimerEvent: {}
[168.546065] (-) TimerEvent: {}
[168.646867] (-) TimerEvent: {}
[168.747675] (-) TimerEvent: {}
[168.848502] (-) TimerEvent: {}
[168.949403] (-) TimerEvent: {}
[169.050208] (-) TimerEvent: {}
[169.150985] (-) TimerEvent: {}
[169.251790] (-) TimerEvent: {}
[169.352593] (-) TimerEvent: {}
[169.453447] (-) TimerEvent: {}
[169.554269] (-) TimerEvent: {}
[169.655080] (-) TimerEvent: {}
[169.755926] (-) TimerEvent: {}
[169.856825] (-) TimerEvent: {}
[169.957642] (-) TimerEvent: {}
[170.058434] (-) TimerEvent: {}
[170.159115] (-) TimerEvent: {}
[170.260412] (-) TimerEvent: {}
[170.361286] (-) TimerEvent: {}
[170.462731] (-) TimerEvent: {}
[170.563740] (-) TimerEvent: {}
[170.664866] (-) TimerEvent: {}
[170.765709] (-) TimerEvent: {}
[170.866515] (-) TimerEvent: {}
[170.968300] (-) TimerEvent: {}
[171.069199] (-) TimerEvent: {}
[171.170007] (-) TimerEvent: {}
[171.270884] (-) TimerEvent: {}
[171.371776] (-) TimerEvent: {}
[171.472594] (-) TimerEvent: {}
[171.573530] (-) TimerEvent: {}
[171.674429] (-) TimerEvent: {}
[171.775328] (-) TimerEvent: {}
[171.876144] (-) TimerEvent: {}
[171.976984] (-) TimerEvent: {}
[172.077781] (-) TimerEvent: {}
[172.178588] (-) TimerEvent: {}
[172.279528] (-) TimerEvent: {}
[172.380510] (-) TimerEvent: {}
[172.481779] (-) TimerEvent: {}
[172.583602] (-) TimerEvent: {}
[172.684414] (-) TimerEvent: {}
[172.785339] (-) TimerEvent: {}
[172.886164] (-) TimerEvent: {}
[172.986967] (-) TimerEvent: {}
[173.087760] (-) TimerEvent: {}
[173.188572] (-) TimerEvent: {}
[173.289414] (-) TimerEvent: {}
[173.390211] (-) TimerEvent: {}
[173.490997] (-) TimerEvent: {}
[173.591809] (-) TimerEvent: {}
[173.692663] (-) TimerEvent: {}
[173.793552] (-) TimerEvent: {}
[173.894391] (-) TimerEvent: {}
[173.995271] (-) TimerEvent: {}
[174.096136] (-) TimerEvent: {}
[174.197017] (-) TimerEvent: {}
[174.297919] (-) TimerEvent: {}
[174.398889] (-) TimerEvent: {}
[174.499996] (-) TimerEvent: {}
[174.600868] (-) TimerEvent: {}
[174.701706] (-) TimerEvent: {}
[174.802792] (-) TimerEvent: {}
[174.904372] (-) TimerEvent: {}
[175.005303] (-) TimerEvent: {}
[175.106227] (-) TimerEvent: {}
[175.207066] (-) TimerEvent: {}
[175.307883] (-) TimerEvent: {}
[175.408700] (-) TimerEvent: {}
[175.509525] (-) TimerEvent: {}
[175.610335] (-) TimerEvent: {}
[175.711160] (-) TimerEvent: {}
[175.811967] (-) TimerEvent: {}
[175.912844] (-) TimerEvent: {}
[176.013761] (-) TimerEvent: {}
[176.114559] (-) TimerEvent: {}
[176.215358] (-) TimerEvent: {}
[176.316172] (-) TimerEvent: {}
[176.417008] (-) TimerEvent: {}
[176.517819] (-) TimerEvent: {}
[176.618650] (-) TimerEvent: {}
[176.719474] (-) TimerEvent: {}
[176.820283] (-) TimerEvent: {}
[176.921098] (-) TimerEvent: {}
[177.021902] (-) TimerEvent: {}
[177.122673] (-) TimerEvent: {}
[177.223468] (-) TimerEvent: {}
[177.324257] (-) TimerEvent: {}
[177.425103] (-) TimerEvent: {}
[177.525893] (-) TimerEvent: {}
[177.626706] (-) TimerEvent: {}
[177.727497] (-) TimerEvent: {}
[177.828341] (-) TimerEvent: {}
[177.929181] (-) TimerEvent: {}
[178.029978] (-) TimerEvent: {}
[178.130781] (-) TimerEvent: {}
[178.231560] (-) TimerEvent: {}
[178.332344] (-) TimerEvent: {}
[178.433161] (-) TimerEvent: {}
[178.533979] (-) TimerEvent: {}
[178.634765] (-) TimerEvent: {}
[178.735567] (-) TimerEvent: {}
[178.836364] (-) TimerEvent: {}
[178.937203] (-) TimerEvent: {}
[179.038002] (-) TimerEvent: {}
[179.138795] (-) TimerEvent: {}
[179.239588] (-) TimerEvent: {}
[179.340399] (-) TimerEvent: {}
[179.441258] (-) TimerEvent: {}
[179.542084] (-) TimerEvent: {}
[179.642887] (-) TimerEvent: {}
[179.743654] (-) TimerEvent: {}
[179.844348] (-) TimerEvent: {}
[179.945280] (-) TimerEvent: {}
[180.046187] (-) TimerEvent: {}
[180.147042] (-) TimerEvent: {}
[180.247921] (-) TimerEvent: {}
[180.348851] (-) TimerEvent: {}
[180.449761] (-) TimerEvent: {}
[180.550632] (-) TimerEvent: {}
[180.651499] (-) TimerEvent: {}
[180.752470] (-) TimerEvent: {}
[180.853387] (-) TimerEvent: {}
[180.954315] (-) TimerEvent: {}
[181.055256] (-) TimerEvent: {}
[181.156188] (-) TimerEvent: {}
[181.257447] (-) TimerEvent: {}
[181.358318] (-) TimerEvent: {}
[181.459191] (-) TimerEvent: {}
[181.560902] (-) TimerEvent: {}
[181.662839] (-) TimerEvent: {}
[181.764621] (-) TimerEvent: {}
[181.865740] (-) TimerEvent: {}
[181.966599] (-) TimerEvent: {}
[182.067509] (-) TimerEvent: {}
[182.168410] (-) TimerEvent: {}
[182.269307] (-) TimerEvent: {}
[182.372269] (-) TimerEvent: {}
[182.473802] (-) TimerEvent: {}
[182.574641] (-) TimerEvent: {}
[182.675424] (-) TimerEvent: {}
[182.776214] (-) TimerEvent: {}
[182.877029] (-) TimerEvent: {}
[182.977948] (-) TimerEvent: {}
[183.078781] (-) TimerEvent: {}
[183.179633] (-) TimerEvent: {}
[183.280506] (-) TimerEvent: {}
[183.381920] (-) TimerEvent: {}
[183.482863] (-) TimerEvent: {}
[183.583767] (-) TimerEvent: {}
[183.684632] (-) TimerEvent: {}
[183.785506] (-) TimerEvent: {}
[183.886303] (-) TimerEvent: {}
[183.987091] (-) TimerEvent: {}
[184.087943] (-) TimerEvent: {}
[184.188911] (-) TimerEvent: {}
[184.289885] (-) TimerEvent: {}
[184.391495] (-) TimerEvent: {}
[184.492420] (-) TimerEvent: {}
[184.593304] (-) TimerEvent: {}
[184.694137] (-) TimerEvent: {}
[184.795480] (-) TimerEvent: {}
[184.896330] (-) TimerEvent: {}
[184.997339] (-) TimerEvent: {}
[185.098231] (-) TimerEvent: {}
[185.199180] (-) TimerEvent: {}
[185.300107] (-) TimerEvent: {}
[185.401023] (-) TimerEvent: {}
[185.502197] (-) TimerEvent: {}
[185.603046] (-) TimerEvent: {}
[185.703869] (-) TimerEvent: {}
[185.804683] (-) TimerEvent: {}
[185.905510] (-) TimerEvent: {}
[186.006290] (-) TimerEvent: {}
[186.107304] (-) TimerEvent: {}
[186.208943] (-) TimerEvent: {}
[186.309737] (-) TimerEvent: {}
[186.410532] (-) TimerEvent: {}
[186.511348] (-) TimerEvent: {}
[186.612149] (-) TimerEvent: {}
[186.712986] (-) TimerEvent: {}
[186.813820] (-) TimerEvent: {}
[186.914728] (-) TimerEvent: {}
[187.015664] (-) TimerEvent: {}
[187.116516] (-) TimerEvent: {}
[187.217500] (-) TimerEvent: {}
[187.318308] (-) TimerEvent: {}
[187.419219] (-) TimerEvent: {}
[187.520101] (-) TimerEvent: {}
[187.621096] (-) TimerEvent: {}
[187.721995] (-) TimerEvent: {}
[187.822873] (-) TimerEvent: {}
[187.923691] (-) TimerEvent: {}
[188.024549] (-) TimerEvent: {}
[188.125358] (-) TimerEvent: {}
[188.226158] (-) TimerEvent: {}
[188.326976] (-) TimerEvent: {}
[188.427796] (-) TimerEvent: {}
[188.528595] (-) TimerEvent: {}
[188.629476] (-) TimerEvent: {}
[188.730300] (-) TimerEvent: {}
[188.831105] (-) TimerEvent: {}
[188.931912] (-) TimerEvent: {}
[189.032726] (-) TimerEvent: {}
[189.134608] (-) TimerEvent: {}
[189.235467] (-) TimerEvent: {}
[189.336276] (-) TimerEvent: {}
[189.437102] (-) TimerEvent: {}
[189.537950] (-) TimerEvent: {}
[189.638761] (-) TimerEvent: {}
[189.739579] (-) TimerEvent: {}
[189.840398] (-) TimerEvent: {}
[189.941248] (-) TimerEvent: {}
[190.042050] (-) TimerEvent: {}
[190.142834] (-) TimerEvent: {}
[190.243649] (-) TimerEvent: {}
[190.344435] (-) TimerEvent: {}
[190.445280] (-) TimerEvent: {}
[190.546083] (-) TimerEvent: {}
[190.646890] (-) TimerEvent: {}
[190.748015] (-) TimerEvent: {}
[190.848908] (-) TimerEvent: {}
[190.949709] (-) TimerEvent: {}
[191.050515] (-) TimerEvent: {}
[191.151341] (-) TimerEvent: {}
[191.252133] (-) TimerEvent: {}
[191.352991] (-) TimerEvent: {}
[191.453791] (-) TimerEvent: {}
[191.554576] (-) TimerEvent: {}
[191.655394] (-) TimerEvent: {}
[191.756274] (-) TimerEvent: {}
[191.857180] (-) TimerEvent: {}
[191.958010] (-) TimerEvent: {}
[192.058850] (-) TimerEvent: {}
[192.159651] (-) TimerEvent: {}
[192.260431] (-) TimerEvent: {}
[192.361253] (-) TimerEvent: {}
[192.462655] (-) TimerEvent: {}
[192.564410] (-) TimerEvent: {}
[192.665359] (-) TimerEvent: {}
[192.766163] (-) TimerEvent: {}
[192.866956] (-) TimerEvent: {}
[192.968120] (-) TimerEvent: {}
[193.068944] (-) TimerEvent: {}
[193.169774] (-) TimerEvent: {}
[193.270645] (-) TimerEvent: {}
[193.336613] (bev_processor) StdoutLine: {'line': b'[100%] \x1b[32m\x1b[1mLinking CXX shared library libbev_processor_component.so\x1b[0m\n'}
[193.370818] (-) TimerEvent: {}
[193.471487] (-) TimerEvent: {}
[193.573015] (-) TimerEvent: {}
[193.673725] (-) TimerEvent: {}
[193.774426] (-) TimerEvent: {}
[193.875153] (-) TimerEvent: {}
[193.913505] (bev_processor) StdoutLine: {'line': b'[100%] Built target bev_processor_component\n'}
[193.941232] (bev_processor) CommandEnded: {'returncode': 0}
[193.943591] (bev_processor) JobProgress: {'identifier': 'bev_processor', 'progress': 'install'}
[193.944620] (bev_processor) Command: {'cmd': ['/usr/bin/cmake', '--install', '/home/autopilot03/Desktop/f1tenth_test0804/f1tenth_project_repo/build/bev_processor'], 'cwd': '/home/autopilot03/Desktop/f1tenth_test0804/f1tenth_project_repo/build/bev_processor', 'env': OrderedDict([('OPENBLAS_CORETYPE', 'ARMV8'), ('LESSOPEN', '| /usr/bin/lesspipe %s'), ('USER', 'autopilot03'), ('XDG_SESSION_TYPE', 'x11'), ('SHLVL', '1'), ('LD_LIBRARY_PATH', '/home/autopilot03/Desktop/f1tenth_test0804/f1tenth_project_repo/install/camera_driver/lib:/opt/ros/humble/opt/rviz_ogre_vendor/lib:/opt/ros/humble/lib/aarch64-linux-gnu:/opt/ros/humble/lib:/usr/local/cuda/lib64'), ('HOME', '/home/autopilot03'), ('OLDPWD', '/home/autopilot03/Desktop/f1tenth_test0804'), ('DESKTOP_SESSION', 'ubuntu'), ('ROS_PYTHON_VERSION', '3'), ('GNOME_SHELL_SESSION_MODE', 'ubuntu'), ('GTK_MODULES', 'gail:atk-bridge'), ('DBUS_STARTER_BUS_TYPE', 'session'), ('SYSTEMD_EXEC_PID', '3625'), ('DBUS_SESSION_BUS_ADDRESS', 'unix:path=/run/user/1000/bus,guid=0ef7eba7120ff60171aa42a96a71ae4d'), ('COLORTERM', 'truecolor'), ('IM_CONFIG_PHASE', '1'), ('ROS_DISTRO', 'humble'), ('GTK_IM_MODULE', 'ibus'), ('LOGNAME', 'autopilot03'), ('_', '/usr/bin/colcon'), ('ROS_VERSION', '2'), ('XDG_SESSION_CLASS', 'user'), ('USERNAME', 'autopilot03'), ('TERM', 'xterm-256color'), ('GNOME_DESKTOP_SESSION_ID', 'this-is-deprecated'), ('ROS_LOCALHOST_ONLY', '0'), ('WINDOWPATH', '2'), ('PATH', '/opt/ros/humble/bin:/usr/local/cuda/bin:/home/autopilot03/.local/bin:/usr/local/sbin:/usr/local/bin:/usr/sbin:/usr/bin:/sbin:/bin:/usr/games:/usr/local/games:/snap/bin:/snap/bin'), ('SESSION_MANAGER', 'local/autopilot03-desktop:@/tmp/.ICE-unix/3625,unix/autopilot03-desktop:/tmp/.ICE-unix/3625'), ('XDG_MENU_PREFIX', 'gnome-'), ('GNOME_TERMINAL_SCREEN', '/org/gnome/Terminal/screen/bfbe520d_0ebe_4561_ad60_d63b61313ae1'), ('XDG_RUNTIME_DIR', '/run/user/1000'), ('DISPLAY', ':1'), ('LANG', 'en_US.UTF-8'), ('XDG_CURRENT_DESKTOP', 'ubuntu:GNOME'), ('XMODIFIERS', '@im=ibus'), ('XDG_SESSION_DESKTOP', 'ubuntu'), ('XAUTHORITY', '/run/user/1000/gdm/Xauthority'), ('LS_COLORS', 'rs=0:di=01;34:ln=01;36:mh=00:pi=40;33:so=01;35:do=01;35:bd=40;33;01:cd=40;33;01:or=40;31;01:mi=00:su=37;41:sg=30;43:ca=30;41:tw=30;42:ow=34;42:st=37;44:ex=01;32:*.tar=01;31:*.tgz=01;31:*.arc=01;31:*.arj=01;31:*.taz=01;31:*.lha=01;31:*.lz4=01;31:*.lzh=01;31:*.lzma=01;31:*.tlz=01;31:*.txz=01;31:*.tzo=01;31:*.t7z=01;31:*.zip=01;31:*.z=01;31:*.dz=01;31:*.gz=01;31:*.lrz=01;31:*.lz=01;31:*.lzo=01;31:*.xz=01;31:*.zst=01;31:*.tzst=01;31:*.bz2=01;31:*.bz=01;31:*.tbz=01;31:*.tbz2=01;31:*.tz=01;31:*.deb=01;31:*.rpm=01;31:*.jar=01;31:*.war=01;31:*.ear=01;31:*.sar=01;31:*.rar=01;31:*.alz=01;31:*.ace=01;31:*.zoo=01;31:*.cpio=01;31:*.7z=01;31:*.rz=01;31:*.cab=01;31:*.wim=01;31:*.swm=01;31:*.dwm=01;31:*.esd=01;31:*.jpg=01;35:*.jpeg=01;35:*.mjpg=01;35:*.mjpeg=01;35:*.gif=01;35:*.bmp=01;35:*.pbm=01;35:*.pgm=01;35:*.ppm=01;35:*.tga=01;35:*.xbm=01;35:*.xpm=01;35:*.tif=01;35:*.tiff=01;35:*.png=01;35:*.svg=01;35:*.svgz=01;35:*.mng=01;35:*.pcx=01;35:*.mov=01;35:*.mpg=01;35:*.mpeg=01;35:*.m2v=01;35:*.mkv=01;35:*.webm=01;35:*.webp=01;35:*.ogm=01;35:*.mp4=01;35:*.m4v=01;35:*.mp4v=01;35:*.vob=01;35:*.qt=01;35:*.nuv=01;35:*.wmv=01;35:*.asf=01;35:*.rm=01;35:*.rmvb=01;35:*.flc=01;35:*.avi=01;35:*.fli=01;35:*.flv=01;35:*.gl=01;35:*.dl=01;35:*.xcf=01;35:*.xwd=01;35:*.yuv=01;35:*.cgm=01;35:*.emf=01;35:*.ogv=01;35:*.ogx=01;35:*.aac=00;36:*.au=00;36:*.flac=00;36:*.m4a=00;36:*.mid=00;36:*.midi=00;36:*.mka=00;36:*.mp3=00;36:*.mpc=00;36:*.ogg=00;36:*.ra=00;36:*.wav=00;36:*.oga=00;36:*.opus=00;36:*.spx=00;36:*.xspf=00;36:'), ('GNOME_TERMINAL_SERVICE', ':1.93'), ('SSH_AGENT_LAUNCHER', 'gnome-keyring'), ('SSH_AUTH_SOCK', '/run/user/1000/keyring/ssh'), ('AMENT_PREFIX_PATH', '/home/autopilot03/Desktop/f1tenth_test0804/f1tenth_project_repo/install/camera_driver:/opt/ros/humble'), ('SHELL', '/bin/bash'), ('QT_ACCESSIBILITY', '1'), ('GDMSESSION', 'ubuntu'), ('LESSCLOSE', '/usr/bin/lesspipe %s %s'), ('GPG_AGENT_INFO', '/run/user/1000/gnupg/S.gpg-agent:0:1'), ('QT_IM_MODULE', 'ibus'), ('PWD', '/home/autopilot03/Desktop/f1tenth_test0804/f1tenth_project_repo/build/bev_processor'), ('LC_ALL', 'en_US.UTF-8'), ('XDG_CONFIG_DIRS', '/etc/xdg/xdg-ubuntu:/etc/xdg'), ('DBUS_STARTER_ADDRESS', 'unix:path=/run/user/1000/bus,guid=0ef7eba7120ff60171aa42a96a71ae4d'), ('XDG_DATA_DIRS', '/usr/share/ubuntu:/usr/share/gnome:/home/autopilot03/.local/share/flatpak/exports/share:/var/lib/flatpak/exports/share:/usr/local/share/:/usr/share/:/var/lib/snapd/desktop'), ('PYTHONPATH', '/opt/ros/humble/lib/python3.10/site-packages:/opt/ros/humble/local/lib/python3.10/dist-packages'), ('COLCON', '1'), ('VTE_VERSION', '6800'), ('CMAKE_PREFIX_PATH', '/home/autopilot03/Desktop/f1tenth_test0804/f1tenth_project_repo/install/camera_driver:/opt/ros/humble')]), 'shell': False}
[193.963041] (bev_processor) StdoutLine: {'line': b'-- Install configuration: "Release"\n'}
[193.963639] (bev_processor) StdoutLine: {'line': b'-- Installing: /home/autopilot03/Desktop/f1tenth_test0804/f1tenth_project_repo/install/bev_processor/lib/libbev_geometry.a\n'}
[193.963914] (bev_processor) StdoutLine: {'line': b'-- Installing: /home/autopilot03/Desktop/f1tenth_test0804/f1tenth_project_repo/install/bev_processor/lib/libbev_lane_reconstructor.a\n'}
[193.965260] (bev_processor) StdoutLine: {'line': b'-- Installing: /home/autopilot03/Desktop/f1tenth_test0804/f1tenth_project_repo/install/bev_processor/lib/libbev_ground_plane.a\n'}
[193.965749] (bev_processor) StdoutLine: {'line': b'-- Installing: /home/autopilot03/Desktop/f1tenth_test0804/f1tenth_project_repo/install/bev_processor/lib/libbev_startup_attitude.a\n'}
[193.965950] (bev_processor) StdoutLine: {'line': b'-- Installing: /home/autopilot03/Desktop/f1tenth_test0804/f1tenth_project_repo/install/bev_processor/lib/libbev_startup_measurement.a\n'}
[193.966938] (bev_processor) StdoutLine: {'line': b'-- Installing: /home/autopilot03/Desktop/f1tenth_test0804/f1tenth_project_repo/install/bev_processor/lib/libbev_processor_component.so\n'}
[193.974017] (bev_processor) StdoutLine: {'line': b'-- Set runtime path of "/home/autopilot03/Desktop/f1tenth_test0804/f1tenth_project_repo/install/bev_processor/lib/libbev_processor_component.so" to ""\n'}
[193.974671] (bev_processor) StdoutLine: {'line': b'-- Installing: /home/autopilot03/Desktop/f1tenth_test0804/f1tenth_project_repo/install/bev_processor/include\n'}
[193.974881] (bev_processor) StdoutLine: {'line': b'-- Installing: /home/autopilot03/Desktop/f1tenth_test0804/f1tenth_project_repo/install/bev_processor/include/bev_processor\n'}
[193.975056] (bev_processor) StdoutLine: {'line': b'-- Installing: /home/autopilot03/Desktop/f1tenth_test0804/f1tenth_project_repo/install/bev_processor/include/bev_processor/bev_geometry.hpp\n'}
[193.975215] (-) TimerEvent: {}
[193.975441] (bev_processor) StdoutLine: {'line': b'-- Installing: /home/autopilot03/Desktop/f1tenth_test0804/f1tenth_project_repo/install/bev_processor/include/bev_processor/bev_lane_reconstructor.hpp\n'}
[193.975639] (bev_processor) StdoutLine: {'line': b'-- Installing: /home/autopilot03/Desktop/f1tenth_test0804/f1tenth_project_repo/install/bev_processor/include/bev_processor/ground_plane_estimator.hpp\n'}
[193.975809] (bev_processor) StdoutLine: {'line': b'-- Installing: /home/autopilot03/Desktop/f1tenth_test0804/f1tenth_project_repo/install/bev_processor/include/bev_processor/startup_attitude.hpp\n'}
[193.975964] (bev_processor) StdoutLine: {'line': b'-- Installing: /home/autopilot03/Desktop/f1tenth_test0804/f1tenth_project_repo/install/bev_processor/include/bev_processor/cuda_bev_processor.hpp\n'}
[193.976116] (bev_processor) StdoutLine: {'line': b'-- Installing: /home/autopilot03/Desktop/f1tenth_test0804/f1tenth_project_repo/install/bev_processor/include/bev_processor/oak_startup_measurement.hpp\n'}
[193.976692] (bev_processor) StdoutLine: {'line': b'-- Installing: /home/autopilot03/Desktop/f1tenth_test0804/f1tenth_project_repo/install/bev_processor/share/bev_processor/config\n'}
[193.976976] (bev_processor) StdoutLine: {'line': b'-- Installing: /home/autopilot03/Desktop/f1tenth_test0804/f1tenth_project_repo/install/bev_processor/share/bev_processor/config/bev_config.yaml\n'}
[193.977155] (bev_processor) StdoutLine: {'line': b'-- Installing: /home/autopilot03/Desktop/f1tenth_test0804/f1tenth_project_repo/install/bev_processor/share/bev_processor/launch\n'}
[193.977319] (bev_processor) StdoutLine: {'line': b'-- Installing: /home/autopilot03/Desktop/f1tenth_test0804/f1tenth_project_repo/install/bev_processor/share/bev_processor/launch/bev_processor.launch.py\n'}
[193.977477] (bev_processor) StdoutLine: {'line': b'-- Installing: /home/autopilot03/Desktop/f1tenth_test0804/f1tenth_project_repo/install/bev_processor/share/ament_index/resource_index/package_run_dependencies/bev_processor\n'}
[193.977648] (bev_processor) StdoutLine: {'line': b'-- Installing: /home/autopilot03/Desktop/f1tenth_test0804/f1tenth_project_repo/install/bev_processor/share/ament_index/resource_index/parent_prefix_path/bev_processor\n'}
[193.978226] (bev_processor) StdoutLine: {'line': b'-- Installing: /home/autopilot03/Desktop/f1tenth_test0804/f1tenth_project_repo/install/bev_processor/share/bev_processor/environment/ament_prefix_path.sh\n'}
[193.978577] (bev_processor) StdoutLine: {'line': b'-- Installing: /home/autopilot03/Desktop/f1tenth_test0804/f1tenth_project_repo/install/bev_processor/share/bev_processor/environment/ament_prefix_path.dsv\n'}
[193.978979] (bev_processor) StdoutLine: {'line': b'-- Installing: /home/autopilot03/Desktop/f1tenth_test0804/f1tenth_project_repo/install/bev_processor/share/bev_processor/environment/path.sh\n'}
[193.979201] (bev_processor) StdoutLine: {'line': b'-- Installing: /home/autopilot03/Desktop/f1tenth_test0804/f1tenth_project_repo/install/bev_processor/share/bev_processor/environment/path.dsv\n'}
[193.979614] (bev_processor) StdoutLine: {'line': b'-- Installing: /home/autopilot03/Desktop/f1tenth_test0804/f1tenth_project_repo/install/bev_processor/share/bev_processor/local_setup.bash\n'}
[193.979848] (bev_processor) StdoutLine: {'line': b'-- Installing: /home/autopilot03/Desktop/f1tenth_test0804/f1tenth_project_repo/install/bev_processor/share/bev_processor/local_setup.sh\n'}
[193.980210] (bev_processor) StdoutLine: {'line': b'-- Installing: /home/autopilot03/Desktop/f1tenth_test0804/f1tenth_project_repo/install/bev_processor/share/bev_processor/local_setup.zsh\n'}
[193.980515] (bev_processor) StdoutLine: {'line': b'-- Installing: /home/autopilot03/Desktop/f1tenth_test0804/f1tenth_project_repo/install/bev_processor/share/bev_processor/local_setup.dsv\n'}
[193.980739] (bev_processor) StdoutLine: {'line': b'-- Installing: /home/autopilot03/Desktop/f1tenth_test0804/f1tenth_project_repo/install/bev_processor/share/bev_processor/package.dsv\n'}
[193.980988] (bev_processor) StdoutLine: {'line': b'-- Installing: /home/autopilot03/Desktop/f1tenth_test0804/f1tenth_project_repo/install/bev_processor/share/ament_index/resource_index/packages/bev_processor\n'}
[193.981154] (bev_processor) StdoutLine: {'line': b'-- Installing: /home/autopilot03/Desktop/f1tenth_test0804/f1tenth_project_repo/install/bev_processor/share/ament_index/resource_index/rclcpp_components/bev_processor\n'}
[193.981374] (bev_processor) StdoutLine: {'line': b'-- Installing: /home/autopilot03/Desktop/f1tenth_test0804/f1tenth_project_repo/install/bev_processor/share/bev_processor/cmake/ament_cmake_export_include_directories-extras.cmake\n'}
[193.981574] (bev_processor) StdoutLine: {'line': b'-- Installing: /home/autopilot03/Desktop/f1tenth_test0804/f1tenth_project_repo/install/bev_processor/share/bev_processor/cmake/ament_cmake_export_dependencies-extras.cmake\n'}
[193.981736] (bev_processor) StdoutLine: {'line': b'-- Installing: /home/autopilot03/Desktop/f1tenth_test0804/f1tenth_project_repo/install/bev_processor/share/bev_processor/cmake/bev_processorConfig.cmake\n'}
[193.981887] (bev_processor) StdoutLine: {'line': b'-- Installing: /home/autopilot03/Desktop/f1tenth_test0804/f1tenth_project_repo/install/bev_processor/share/bev_processor/cmake/bev_processorConfig-version.cmake\n'}
[193.982037] (bev_processor) StdoutLine: {'line': b'-- Installing: /home/autopilot03/Desktop/f1tenth_test0804/f1tenth_project_repo/install/bev_processor/share/bev_processor/package.xml\n'}
[193.986674] (bev_processor) CommandEnded: {'returncode': 0}
[194.038170] (bev_processor) JobEnded: {'identifier': 'bev_processor', 'rc': 0}
[194.040496] (-) EventReactorShutdown: {}
