[0.000000] (-) TimerEvent: {}
[0.001003] (-) JobUnselected: {'identifier': 'auto_control'}
[0.001309] (-) JobUnselected: {'identifier': 'camera_height_estimator'}
[0.001648] (-) JobUnselected: {'identifier': 'joy_initializer'}
[0.001776] (-) JobUnselected: {'identifier': 'manual_control'}
[0.001877] (-) JobUnselected: {'identifier': 'vehicle_config'}
[0.001974] (-) JobUnselected: {'identifier': 'vehicle_interfaces'}
[0.002093] (-) JobUnselected: {'identifier': 'vehicle_launcher'}
[0.002179] (-) JobUnselected: {'identifier': 'vehicle_test_drive'}
[0.002296] (-) JobUnselected: {'identifier': 'vesc_initializer'}
[0.002387] (camera_driver) JobQueued: {'identifier': 'camera_driver', 'dependencies': OrderedDict()}
[0.002448] (bev_processor) JobQueued: {'identifier': 'bev_processor', 'dependencies': OrderedDict([('camera_driver', '/home/autopilot03/Desktop/f1tenth_test0806/f1tenth_project_repo/install/camera_driver')])}
[0.002509] (camera_driver) JobStarted: {'identifier': 'camera_driver'}
[0.020430] (camera_driver) JobProgress: {'identifier': 'camera_driver', 'progress': 'cmake'}
[0.021217] (camera_driver) Command: {'cmd': ['/usr/bin/cmake', '/home/autopilot03/Desktop/f1tenth_test0806/f1tenth_project_repo/src/camera_driver', '-DCMAKE_BUILD_TYPE=Release', '-DCMAKE_CUDA_COMPILER=/usr/local/cuda/bin/nvcc', '-DCMAKE_INSTALL_PREFIX=/home/autopilot03/Desktop/f1tenth_test0806/f1tenth_project_repo/install/camera_driver'], 'cwd': '/home/autopilot03/Desktop/f1tenth_test0806/f1tenth_project_repo/build/camera_driver', 'env': OrderedDict([('OPENBLAS_CORETYPE', 'ARMV8'), ('LESSOPEN', '| /usr/bin/lesspipe %s'), ('USER', 'autopilot03'), ('XDG_SESSION_TYPE', 'x11'), ('SHLVL', '1'), ('LD_LIBRARY_PATH', '/opt/ros/humble/opt/rviz_ogre_vendor/lib:/opt/ros/humble/lib/aarch64-linux-gnu:/opt/ros/humble/lib:/usr/local/cuda/lib64:'), ('HOME', '/home/autopilot03'), ('DESKTOP_SESSION', 'ubuntu'), ('ROS_PYTHON_VERSION', '3'), ('GNOME_SHELL_SESSION_MODE', 'ubuntu'), ('GTK_MODULES', 'gail:atk-bridge'), ('DBUS_STARTER_BUS_TYPE', 'session'), ('SYSTEMD_EXEC_PID', '3110'), ('DBUS_SESSION_BUS_ADDRESS', 'unix:path=/run/user/1000/bus,guid=f9eb088d2f225fc82e7af7506a7457d0'), ('COLORTERM', 'truecolor'), ('IM_CONFIG_PHASE', '1'), ('ROS_DISTRO', 'humble'), ('GTK_IM_MODULE', 'ibus'), ('LOGNAME', 'autopilot03'), ('_', '/usr/bin/colcon'), ('ROS_VERSION', '2'), ('XDG_SESSION_CLASS', 'user'), ('USERNAME', 'autopilot03'), ('TERM', 'xterm-256color'), ('GNOME_DESKTOP_SESSION_ID', 'this-is-deprecated'), ('ROS_LOCALHOST_ONLY', '0'), ('WINDOWPATH', '2'), ('PATH', '/opt/ros/humble/bin:/usr/local/cuda/bin:/home/autopilot03/.local/bin:/usr/local/sbin:/usr/local/bin:/usr/sbin:/usr/bin:/sbin:/bin:/usr/games:/usr/local/games:/snap/bin:/snap/bin'), ('SESSION_MANAGER', 'local/autopilot03-desktop:@/tmp/.ICE-unix/3110,unix/autopilot03-desktop:/tmp/.ICE-unix/3110'), ('XDG_MENU_PREFIX', 'gnome-'), ('GNOME_TERMINAL_SCREEN', '/org/gnome/Terminal/screen/db356585_f77b_44f1_8d1c_dd796ba74ff0'), ('XDG_RUNTIME_DIR', '/run/user/1000'), ('DISPLAY', ':1'), ('LANG', 'en_US.UTF-8'), ('XDG_CURRENT_DESKTOP', 'ubuntu:GNOME'), ('XMODIFIERS', '@im=ibus'), ('XDG_SESSION_DESKTOP', 'ubuntu'), ('XAUTHORITY', '/run/user/1000/gdm/Xauthority'), ('LS_COLORS', 'rs=0:di=01;34:ln=01;36:mh=00:pi=40;33:so=01;35:do=01;35:bd=40;33;01:cd=40;33;01:or=40;31;01:mi=00:su=37;41:sg=30;43:ca=30;41:tw=30;42:ow=34;42:st=37;44:ex=01;32:*.tar=01;31:*.tgz=01;31:*.arc=01;31:*.arj=01;31:*.taz=01;31:*.lha=01;31:*.lz4=01;31:*.lzh=01;31:*.lzma=01;31:*.tlz=01;31:*.txz=01;31:*.tzo=01;31:*.t7z=01;31:*.zip=01;31:*.z=01;31:*.dz=01;31:*.gz=01;31:*.lrz=01;31:*.lz=01;31:*.lzo=01;31:*.xz=01;31:*.zst=01;31:*.tzst=01;31:*.bz2=01;31:*.bz=01;31:*.tbz=01;31:*.tbz2=01;31:*.tz=01;31:*.deb=01;31:*.rpm=01;31:*.jar=01;31:*.war=01;31:*.ear=01;31:*.sar=01;31:*.rar=01;31:*.alz=01;31:*.ace=01;31:*.zoo=01;31:*.cpio=01;31:*.7z=01;31:*.rz=01;31:*.cab=01;31:*.wim=01;31:*.swm=01;31:*.dwm=01;31:*.esd=01;31:*.jpg=01;35:*.jpeg=01;35:*.mjpg=01;35:*.mjpeg=01;35:*.gif=01;35:*.bmp=01;35:*.pbm=01;35:*.pgm=01;35:*.ppm=01;35:*.tga=01;35:*.xbm=01;35:*.xpm=01;35:*.tif=01;35:*.tiff=01;35:*.png=01;35:*.svg=01;35:*.svgz=01;35:*.mng=01;35:*.pcx=01;35:*.mov=01;35:*.mpg=01;35:*.mpeg=01;35:*.m2v=01;35:*.mkv=01;35:*.webm=01;35:*.webp=01;35:*.ogm=01;35:*.mp4=01;35:*.m4v=01;35:*.mp4v=01;35:*.vob=01;35:*.qt=01;35:*.nuv=01;35:*.wmv=01;35:*.asf=01;35:*.rm=01;35:*.rmvb=01;35:*.flc=01;35:*.avi=01;35:*.fli=01;35:*.flv=01;35:*.gl=01;35:*.dl=01;35:*.xcf=01;35:*.xwd=01;35:*.yuv=01;35:*.cgm=01;35:*.emf=01;35:*.ogv=01;35:*.ogx=01;35:*.aac=00;36:*.au=00;36:*.flac=00;36:*.m4a=00;36:*.mid=00;36:*.midi=00;36:*.mka=00;36:*.mp3=00;36:*.mpc=00;36:*.ogg=00;36:*.ra=00;36:*.wav=00;36:*.oga=00;36:*.opus=00;36:*.spx=00;36:*.xspf=00;36:'), ('GNOME_TERMINAL_SERVICE', ':1.104'), ('SSH_AGENT_LAUNCHER', 'gnome-keyring'), ('SSH_AUTH_SOCK', '/run/user/1000/keyring/ssh'), ('AMENT_PREFIX_PATH', '/opt/ros/humble'), ('SHELL', '/bin/bash'), ('QT_ACCESSIBILITY', '1'), ('GDMSESSION', 'ubuntu'), ('LESSCLOSE', '/usr/bin/lesspipe %s %s'), ('GPG_AGENT_INFO', '/run/user/1000/gnupg/S.gpg-agent:0:1'), ('QT_IM_MODULE', 'ibus'), ('PWD', '/home/autopilot03/Desktop/f1tenth_test0806/f1tenth_project_repo/build/camera_driver'), ('LC_ALL', 'en_US.UTF-8'), ('XDG_CONFIG_DIRS', '/etc/xdg/xdg-ubuntu:/etc/xdg'), ('DBUS_STARTER_ADDRESS', 'unix:path=/run/user/1000/bus,guid=f9eb088d2f225fc82e7af7506a7457d0'), ('XDG_DATA_DIRS', '/usr/share/ubuntu:/usr/share/gnome:/home/autopilot03/.local/share/flatpak/exports/share:/var/lib/flatpak/exports/share:/usr/local/share/:/usr/share/:/var/lib/snapd/desktop'), ('PYTHONPATH', '/opt/ros/humble/lib/python3.10/site-packages:/opt/ros/humble/local/lib/python3.10/dist-packages'), ('COLCON', '1'), ('VTE_VERSION', '6800'), ('CMAKE_PREFIX_PATH', '/opt/ros/humble')]), 'shell': False}
[0.099190] (-) TimerEvent: {}
[0.199873] (-) TimerEvent: {}
[0.234495] (camera_driver) StdoutLine: {'line': b'-- The C compiler identification is GNU 11.4.0\n'}
[0.300290] (-) TimerEvent: {}
[0.392576] (camera_driver) StdoutLine: {'line': b'-- The CXX compiler identification is GNU 11.4.0\n'}
[0.400380] (-) TimerEvent: {}
[0.430756] (camera_driver) StdoutLine: {'line': b'-- Detecting C compiler ABI info\n'}
[0.500952] (-) TimerEvent: {}
[0.601875] (-) TimerEvent: {}
[0.616654] (camera_driver) StdoutLine: {'line': b'-- Detecting C compiler ABI info - done\n'}
[0.645020] (camera_driver) StdoutLine: {'line': b'-- Check for working C compiler: /usr/bin/cc - skipped\n'}
[0.646275] (camera_driver) StdoutLine: {'line': b'-- Detecting C compile features\n'}
[0.648038] (camera_driver) StdoutLine: {'line': b'-- Detecting C compile features - done\n'}
[0.659788] (camera_driver) StdoutLine: {'line': b'-- Detecting CXX compiler ABI info\n'}
[0.702069] (-) TimerEvent: {}
[0.802857] (-) TimerEvent: {}
[0.844523] (camera_driver) StdoutLine: {'line': b'-- Detecting CXX compiler ABI info - done\n'}
[0.868594] (camera_driver) StdoutLine: {'line': b'-- Check for working CXX compiler: /usr/bin/c++ - skipped\n'}
[0.869588] (camera_driver) StdoutLine: {'line': b'-- Detecting CXX compile features\n'}
[0.871185] (camera_driver) StdoutLine: {'line': b'-- Detecting CXX compile features - done\n'}
[0.880369] (camera_driver) StdoutLine: {'line': b'-- Found ament_cmake: 1.3.14 (/opt/ros/humble/share/ament_cmake/cmake)\n'}
[0.903072] (-) TimerEvent: {}
[1.003809] (-) TimerEvent: {}
[1.104411] (-) TimerEvent: {}
[1.205031] (-) TimerEvent: {}
[1.245413] (camera_driver) StdoutLine: {'line': b'-- Found Python3: /usr/bin/python3 (found version "3.10.12") found components: Interpreter \n'}
[1.305191] (-) TimerEvent: {}
[1.405831] (-) TimerEvent: {}
[1.493471] (camera_driver) StdoutLine: {'line': b'-- Found rclcpp: 16.0.19 (/opt/ros/humble/share/rclcpp/cmake)\n'}
[1.506273] (-) TimerEvent: {}
[1.608087] (-) TimerEvent: {}
[1.609850] (camera_driver) StdoutLine: {'line': b'-- Found rosidl_generator_c: 3.1.8 (/opt/ros/humble/share/rosidl_generator_c/cmake)\n'}
[1.621529] (camera_driver) StdoutLine: {'line': b'-- Found rosidl_adapter: 3.1.8 (/opt/ros/humble/share/rosidl_adapter/cmake)\n'}
[1.661620] (camera_driver) StdoutLine: {'line': b'-- Found rosidl_generator_cpp: 3.1.8 (/opt/ros/humble/share/rosidl_generator_cpp/cmake)\n'}
[1.694851] (camera_driver) StdoutLine: {'line': b'-- Using all available rosidl_typesupport_c: rosidl_typesupport_fastrtps_c;rosidl_typesupport_introspection_c\n'}
[1.708115] (-) TimerEvent: {}
[1.734279] (camera_driver) StdoutLine: {'line': b'-- Using all available rosidl_typesupport_cpp: rosidl_typesupport_fastrtps_cpp;rosidl_typesupport_introspection_cpp\n'}
[1.808269] (-) TimerEvent: {}
[1.841423] (camera_driver) StdoutLine: {'line': b'-- Found rmw_implementation_cmake: 6.1.2 (/opt/ros/humble/share/rmw_implementation_cmake/cmake)\n'}
[1.847206] (camera_driver) StdoutLine: {'line': b'-- Found rmw_fastrtps_cpp: 6.2.10 (/opt/ros/humble/share/rmw_fastrtps_cpp/cmake)\n'}
[1.908484] (-) TimerEvent: {}
[2.010089] (-) TimerEvent: {}
[2.046426] (camera_driver) StdoutLine: {'line': b'-- Found OpenSSL: /usr/lib/aarch64-linux-gnu/libcrypto.so (found version "3.0.2")  \n'}
[2.110337] (-) TimerEvent: {}
[2.112052] (camera_driver) StdoutLine: {'line': b'-- Found FastRTPS: /opt/ros/humble/include  \n'}
[2.208074] (camera_driver) StdoutLine: {'line': b"-- Using RMW implementation 'rmw_fastrtps_cpp' as default\n"}
[2.210418] (-) TimerEvent: {}
[2.230283] (camera_driver) StdoutLine: {'line': b'-- Looking for pthread.h\n'}
[2.310633] (-) TimerEvent: {}
[2.400322] (camera_driver) StdoutLine: {'line': b'-- Looking for pthread.h - found\n'}
[2.401294] (camera_driver) StdoutLine: {'line': b'-- Performing Test CMAKE_HAVE_LIBC_PTHREAD\n'}
[2.410737] (-) TimerEvent: {}
[2.511427] (-) TimerEvent: {}
[2.579333] (camera_driver) StdoutLine: {'line': b'-- Performing Test CMAKE_HAVE_LIBC_PTHREAD - Success\n'}
[2.583656] (camera_driver) StdoutLine: {'line': b'-- Found Threads: TRUE  \n'}
[2.611622] (-) TimerEvent: {}
[2.712371] (-) TimerEvent: {}
[2.718437] (camera_driver) StdoutLine: {'line': b'-- Found rclcpp_components: 16.0.19 (/opt/ros/humble/share/rclcpp_components/cmake)\n'}
[2.782575] (camera_driver) StdoutLine: {'line': b'-- Found sensor_msgs: 4.9.1 (/opt/ros/humble/share/sensor_msgs/cmake)\n'}
[2.812557] (-) TimerEvent: {}
[2.865443] (camera_driver) StdoutLine: {'line': b'-- Found OpenCV: /usr (found suitable version "4.8.0", minimum required is "4") found components: core highgui imgproc \n'}
[2.902339] (camera_driver) StdoutLine: {'line': b'-- Performing Test arch_native_supported\n'}
[2.912841] (-) TimerEvent: {}
[3.014407] (-) TimerEvent: {}
[3.076033] (camera_driver) StdoutLine: {'line': b'-- Performing Test arch_native_supported - Success\n'}
[3.114563] (-) TimerEvent: {}
[3.215221] (-) TimerEvent: {}
[3.268415] (camera_driver) StdoutLine: {'line': b'-- Configuring done\n'}
[3.315452] (-) TimerEvent: {}
[3.342528] (camera_driver) StdoutLine: {'line': b'-- Generating done\n'}
[3.347116] (camera_driver) StderrLine: {'line': b'\x1b[33mCMake Warning:\n'}
[3.347683] (camera_driver) StderrLine: {'line': b'  Manually-specified variables were not used by the project:\n'}
[3.347985] (camera_driver) StderrLine: {'line': b'\n'}
[3.348243] (camera_driver) StderrLine: {'line': b'    CMAKE_CUDA_COMPILER\n'}
[3.348480] (camera_driver) StderrLine: {'line': b'\n'}
[3.348710] (camera_driver) StderrLine: {'line': b'\x1b[0m\n'}
[3.360705] (camera_driver) StdoutLine: {'line': b'-- Build files have been written to: /home/autopilot03/Desktop/f1tenth_test0806/f1tenth_project_repo/build/camera_driver\n'}
[3.393168] (camera_driver) CommandEnded: {'returncode': 0}
[3.394950] (camera_driver) JobProgress: {'identifier': 'camera_driver', 'progress': 'build'}
[3.398721] (camera_driver) Command: {'cmd': ['/usr/bin/cmake', '--build', '/home/autopilot03/Desktop/f1tenth_test0806/f1tenth_project_repo/build/camera_driver', '--', '-j6', '-l6'], 'cwd': '/home/autopilot03/Desktop/f1tenth_test0806/f1tenth_project_repo/build/camera_driver', 'env': OrderedDict([('OPENBLAS_CORETYPE', 'ARMV8'), ('LESSOPEN', '| /usr/bin/lesspipe %s'), ('USER', 'autopilot03'), ('XDG_SESSION_TYPE', 'x11'), ('SHLVL', '1'), ('LD_LIBRARY_PATH', '/opt/ros/humble/opt/rviz_ogre_vendor/lib:/opt/ros/humble/lib/aarch64-linux-gnu:/opt/ros/humble/lib:/usr/local/cuda/lib64:'), ('HOME', '/home/autopilot03'), ('DESKTOP_SESSION', 'ubuntu'), ('ROS_PYTHON_VERSION', '3'), ('GNOME_SHELL_SESSION_MODE', 'ubuntu'), ('GTK_MODULES', 'gail:atk-bridge'), ('DBUS_STARTER_BUS_TYPE', 'session'), ('SYSTEMD_EXEC_PID', '3110'), ('DBUS_SESSION_BUS_ADDRESS', 'unix:path=/run/user/1000/bus,guid=f9eb088d2f225fc82e7af7506a7457d0'), ('COLORTERM', 'truecolor'), ('IM_CONFIG_PHASE', '1'), ('ROS_DISTRO', 'humble'), ('GTK_IM_MODULE', 'ibus'), ('LOGNAME', 'autopilot03'), ('_', '/usr/bin/colcon'), ('ROS_VERSION', '2'), ('XDG_SESSION_CLASS', 'user'), ('USERNAME', 'autopilot03'), ('TERM', 'xterm-256color'), ('GNOME_DESKTOP_SESSION_ID', 'this-is-deprecated'), ('ROS_LOCALHOST_ONLY', '0'), ('WINDOWPATH', '2'), ('PATH', '/opt/ros/humble/bin:/usr/local/cuda/bin:/home/autopilot03/.local/bin:/usr/local/sbin:/usr/local/bin:/usr/sbin:/usr/bin:/sbin:/bin:/usr/games:/usr/local/games:/snap/bin:/snap/bin'), ('SESSION_MANAGER', 'local/autopilot03-desktop:@/tmp/.ICE-unix/3110,unix/autopilot03-desktop:/tmp/.ICE-unix/3110'), ('XDG_MENU_PREFIX', 'gnome-'), ('GNOME_TERMINAL_SCREEN', '/org/gnome/Terminal/screen/db356585_f77b_44f1_8d1c_dd796ba74ff0'), ('XDG_RUNTIME_DIR', '/run/user/1000'), ('DISPLAY', ':1'), ('LANG', 'en_US.UTF-8'), ('XDG_CURRENT_DESKTOP', 'ubuntu:GNOME'), ('XMODIFIERS', '@im=ibus'), ('XDG_SESSION_DESKTOP', 'ubuntu'), ('XAUTHORITY', '/run/user/1000/gdm/Xauthority'), ('LS_COLORS', 'rs=0:di=01;34:ln=01;36:mh=00:pi=40;33:so=01;35:do=01;35:bd=40;33;01:cd=40;33;01:or=40;31;01:mi=00:su=37;41:sg=30;43:ca=30;41:tw=30;42:ow=34;42:st=37;44:ex=01;32:*.tar=01;31:*.tgz=01;31:*.arc=01;31:*.arj=01;31:*.taz=01;31:*.lha=01;31:*.lz4=01;31:*.lzh=01;31:*.lzma=01;31:*.tlz=01;31:*.txz=01;31:*.tzo=01;31:*.t7z=01;31:*.zip=01;31:*.z=01;31:*.dz=01;31:*.gz=01;31:*.lrz=01;31:*.lz=01;31:*.lzo=01;31:*.xz=01;31:*.zst=01;31:*.tzst=01;31:*.bz2=01;31:*.bz=01;31:*.tbz=01;31:*.tbz2=01;31:*.tz=01;31:*.deb=01;31:*.rpm=01;31:*.jar=01;31:*.war=01;31:*.ear=01;31:*.sar=01;31:*.rar=01;31:*.alz=01;31:*.ace=01;31:*.zoo=01;31:*.cpio=01;31:*.7z=01;31:*.rz=01;31:*.cab=01;31:*.wim=01;31:*.swm=01;31:*.dwm=01;31:*.esd=01;31:*.jpg=01;35:*.jpeg=01;35:*.mjpg=01;35:*.mjpeg=01;35:*.gif=01;35:*.bmp=01;35:*.pbm=01;35:*.pgm=01;35:*.ppm=01;35:*.tga=01;35:*.xbm=01;35:*.xpm=01;35:*.tif=01;35:*.tiff=01;35:*.png=01;35:*.svg=01;35:*.svgz=01;35:*.mng=01;35:*.pcx=01;35:*.mov=01;35:*.mpg=01;35:*.mpeg=01;35:*.m2v=01;35:*.mkv=01;35:*.webm=01;35:*.webp=01;35:*.ogm=01;35:*.mp4=01;35:*.m4v=01;35:*.mp4v=01;35:*.vob=01;35:*.qt=01;35:*.nuv=01;35:*.wmv=01;35:*.asf=01;35:*.rm=01;35:*.rmvb=01;35:*.flc=01;35:*.avi=01;35:*.fli=01;35:*.flv=01;35:*.gl=01;35:*.dl=01;35:*.xcf=01;35:*.xwd=01;35:*.yuv=01;35:*.cgm=01;35:*.emf=01;35:*.ogv=01;35:*.ogx=01;35:*.aac=00;36:*.au=00;36:*.flac=00;36:*.m4a=00;36:*.mid=00;36:*.midi=00;36:*.mka=00;36:*.mp3=00;36:*.mpc=00;36:*.ogg=00;36:*.ra=00;36:*.wav=00;36:*.oga=00;36:*.opus=00;36:*.spx=00;36:*.xspf=00;36:'), ('GNOME_TERMINAL_SERVICE', ':1.104'), ('SSH_AGENT_LAUNCHER', 'gnome-keyring'), ('SSH_AUTH_SOCK', '/run/user/1000/keyring/ssh'), ('AMENT_PREFIX_PATH', '/opt/ros/humble'), ('SHELL', '/bin/bash'), ('QT_ACCESSIBILITY', '1'), ('GDMSESSION', 'ubuntu'), ('LESSCLOSE', '/usr/bin/lesspipe %s %s'), ('GPG_AGENT_INFO', '/run/user/1000/gnupg/S.gpg-agent:0:1'), ('QT_IM_MODULE', 'ibus'), ('PWD', '/home/autopilot03/Desktop/f1tenth_test0806/f1tenth_project_repo/build/camera_driver'), ('LC_ALL', 'en_US.UTF-8'), ('XDG_CONFIG_DIRS', '/etc/xdg/xdg-ubuntu:/etc/xdg'), ('DBUS_STARTER_ADDRESS', 'unix:path=/run/user/1000/bus,guid=f9eb088d2f225fc82e7af7506a7457d0'), ('XDG_DATA_DIRS', '/usr/share/ubuntu:/usr/share/gnome:/home/autopilot03/.local/share/flatpak/exports/share:/var/lib/flatpak/exports/share:/usr/local/share/:/usr/share/:/var/lib/snapd/desktop'), ('PYTHONPATH', '/opt/ros/humble/lib/python3.10/site-packages:/opt/ros/humble/local/lib/python3.10/dist-packages'), ('COLCON', '1'), ('VTE_VERSION', '6800'), ('CMAKE_PREFIX_PATH', '/opt/ros/humble')]), 'shell': False}
[3.415714] (-) TimerEvent: {}
[3.492864] (camera_driver) StdoutLine: {'line': b'\x1b[35m\x1b[1mConsolidate compiler generated dependencies of target camera_imu_stabilizer\x1b[0m\n'}
[3.515881] (-) TimerEvent: {}
[3.528325] (camera_driver) StdoutLine: {'line': b'[ 12%] \x1b[32mBuilding CXX object CMakeFiles/camera_imu_stabilizer.dir/src/imu_image_stabilizer.cpp.o\x1b[0m\n'}
[3.616111] (-) TimerEvent: {}
[3.717398] (-) TimerEvent: {}
[3.819437] (-) TimerEvent: {}
[3.920249] (-) TimerEvent: {}
[4.021085] (-) TimerEvent: {}
[4.123581] (-) TimerEvent: {}
[4.224364] (-) TimerEvent: {}
[4.325251] (-) TimerEvent: {}
[4.426726] (-) TimerEvent: {}
[4.527674] (-) TimerEvent: {}
[4.628395] (-) TimerEvent: {}
[4.729088] (-) TimerEvent: {}
[4.829786] (-) TimerEvent: {}
[4.930520] (-) TimerEvent: {}
[5.031206] (-) TimerEvent: {}
[5.132404] (-) TimerEvent: {}
[5.235657] (-) TimerEvent: {}
[5.336568] (-) TimerEvent: {}
[5.437759] (-) TimerEvent: {}
[5.538678] (-) TimerEvent: {}
[5.639429] (-) TimerEvent: {}
[5.740444] (-) TimerEvent: {}
[5.844001] (-) TimerEvent: {}
[5.944839] (-) TimerEvent: {}
[6.046345] (-) TimerEvent: {}
[6.147204] (-) TimerEvent: {}
[6.248008] (-) TimerEvent: {}
[6.351430] (-) TimerEvent: {}
[6.455176] (-) TimerEvent: {}
[6.555913] (-) TimerEvent: {}
[6.656647] (-) TimerEvent: {}
[6.757392] (-) TimerEvent: {}
[6.858480] (-) TimerEvent: {}
[6.960693] (-) TimerEvent: {}
[7.062684] (-) TimerEvent: {}
[7.163545] (-) TimerEvent: {}
[7.264436] (-) TimerEvent: {}
[7.365248] (-) TimerEvent: {}
[7.466075] (-) TimerEvent: {}
[7.566899] (-) TimerEvent: {}
[7.667626] (-) TimerEvent: {}
[7.768757] (-) TimerEvent: {}
[7.869858] (-) TimerEvent: {}
[7.971274] (-) TimerEvent: {}
[8.072283] (-) TimerEvent: {}
[8.173104] (-) TimerEvent: {}
[8.273915] (-) TimerEvent: {}
[8.375731] (-) TimerEvent: {}
[8.460530] (camera_driver) StdoutLine: {'line': b'[ 25%] \x1b[32m\x1b[1mLinking CXX static library libcamera_imu_stabilizer.a\x1b[0m\n'}
[8.475971] (-) TimerEvent: {}
[8.532501] (camera_driver) StdoutLine: {'line': b'[ 25%] Built target camera_imu_stabilizer\n'}
[8.554324] (camera_driver) StdoutLine: {'line': b'\x1b[35m\x1b[1mConsolidate compiler generated dependencies of target imu_image_stabilizer_test\x1b[0m\n'}
[8.555909] (camera_driver) StdoutLine: {'line': b'\x1b[35m\x1b[1mConsolidate compiler generated dependencies of target camera_driver_component\x1b[0m\n'}
[8.576128] (-) TimerEvent: {}
[8.589256] (camera_driver) StdoutLine: {'line': b'[ 37%] \x1b[32mBuilding CXX object CMakeFiles/imu_image_stabilizer_test.dir/test/imu_image_stabilizer_test.cpp.o\x1b[0m\n'}
[8.635789] (camera_driver) StdoutLine: {'line': b'[ 50%] \x1b[32mBuilding CXX object CMakeFiles/camera_driver_component.dir/src/camera_driver_node.cpp.o\x1b[0m\n'}
[8.676309] (-) TimerEvent: {}
[8.777268] (-) TimerEvent: {}
[8.877996] (-) TimerEvent: {}
[8.979469] (-) TimerEvent: {}
[9.080163] (-) TimerEvent: {}
[9.180856] (-) TimerEvent: {}
[9.281678] (-) TimerEvent: {}
[9.382546] (-) TimerEvent: {}
[9.483279] (-) TimerEvent: {}
[9.583994] (-) TimerEvent: {}
[9.684697] (-) TimerEvent: {}
[9.785552] (-) TimerEvent: {}
[9.886263] (-) TimerEvent: {}
[9.986973] (-) TimerEvent: {}
[10.087689] (-) TimerEvent: {}
[10.188876] (-) TimerEvent: {}
[10.289603] (-) TimerEvent: {}
[10.390652] (-) TimerEvent: {}
[10.491356] (-) TimerEvent: {}
[10.593026] (-) TimerEvent: {}
[10.694817] (-) TimerEvent: {}
[10.796693] (-) TimerEvent: {}
[10.897414] (-) TimerEvent: {}
[10.998090] (-) TimerEvent: {}
[11.098807] (-) TimerEvent: {}
[11.199499] (-) TimerEvent: {}
[11.300203] (-) TimerEvent: {}
[11.400901] (-) TimerEvent: {}
[11.470993] (camera_driver) StdoutLine: {'line': b'[ 62%] \x1b[32m\x1b[1mLinking CXX executable imu_image_stabilizer_test\x1b[0m\n'}
[11.501107] (-) TimerEvent: {}
[11.601895] (-) TimerEvent: {}
[11.676505] (camera_driver) StdoutLine: {'line': b'[ 62%] Built target imu_image_stabilizer_test\n'}
[11.702102] (-) TimerEvent: {}
[11.802949] (-) TimerEvent: {}
[11.903780] (-) TimerEvent: {}
[12.004610] (-) TimerEvent: {}
[12.105429] (-) TimerEvent: {}
[12.206318] (-) TimerEvent: {}
[12.307562] (-) TimerEvent: {}
[12.408568] (-) TimerEvent: {}
[12.509600] (-) TimerEvent: {}
[12.610429] (-) TimerEvent: {}
[12.711265] (-) TimerEvent: {}
[12.812183] (-) TimerEvent: {}
[12.913121] (-) TimerEvent: {}
[13.014261] (-) TimerEvent: {}
[13.115079] (-) TimerEvent: {}
[13.215909] (-) TimerEvent: {}
[13.316751] (-) TimerEvent: {}
[13.419748] (-) TimerEvent: {}
[13.520510] (-) TimerEvent: {}
[13.621228] (-) TimerEvent: {}
[13.722002] (-) TimerEvent: {}
[13.822743] (-) TimerEvent: {}
[13.923667] (-) TimerEvent: {}
[14.024511] (-) TimerEvent: {}
[14.125374] (-) TimerEvent: {}
[14.226709] (-) TimerEvent: {}
[14.327612] (-) TimerEvent: {}
[14.428548] (-) TimerEvent: {}
[14.529386] (-) TimerEvent: {}
[14.630241] (-) TimerEvent: {}
[14.731068] (-) TimerEvent: {}
[14.831887] (-) TimerEvent: {}
[14.932713] (-) TimerEvent: {}
[15.033537] (-) TimerEvent: {}
[15.134380] (-) TimerEvent: {}
[15.235195] (-) TimerEvent: {}
[15.336028] (-) TimerEvent: {}
[15.436856] (-) TimerEvent: {}
[15.537676] (-) TimerEvent: {}
[15.638525] (-) TimerEvent: {}
[15.739348] (-) TimerEvent: {}
[15.840186] (-) TimerEvent: {}
[15.941009] (-) TimerEvent: {}
[16.041813] (-) TimerEvent: {}
[16.142662] (-) TimerEvent: {}
[16.243500] (-) TimerEvent: {}
[16.344343] (-) TimerEvent: {}
[16.445198] (-) TimerEvent: {}
[16.546401] (-) TimerEvent: {}
[16.647225] (-) TimerEvent: {}
[16.748050] (-) TimerEvent: {}
[16.848920] (-) TimerEvent: {}
[16.949891] (-) TimerEvent: {}
[17.050866] (-) TimerEvent: {}
[17.151757] (-) TimerEvent: {}
[17.252636] (-) TimerEvent: {}
[17.353501] (-) TimerEvent: {}
[17.454457] (-) TimerEvent: {}
[17.555689] (-) TimerEvent: {}
[17.656531] (-) TimerEvent: {}
[17.757368] (-) TimerEvent: {}
[17.858194] (-) TimerEvent: {}
[17.959094] (-) TimerEvent: {}
[18.059922] (-) TimerEvent: {}
[18.160782] (-) TimerEvent: {}
[18.261654] (-) TimerEvent: {}
[18.362492] (-) TimerEvent: {}
[18.463348] (-) TimerEvent: {}
[18.564228] (-) TimerEvent: {}
[18.664964] (-) TimerEvent: {}
[18.766015] (-) TimerEvent: {}
[18.866818] (-) TimerEvent: {}
[18.967607] (-) TimerEvent: {}
[19.068393] (-) TimerEvent: {}
[19.169207] (-) TimerEvent: {}
[19.270018] (-) TimerEvent: {}
[19.370860] (-) TimerEvent: {}
[19.471689] (-) TimerEvent: {}
[19.572505] (-) TimerEvent: {}
[19.673287] (-) TimerEvent: {}
[19.774094] (-) TimerEvent: {}
[19.874947] (-) TimerEvent: {}
[19.975773] (-) TimerEvent: {}
[20.076584] (-) TimerEvent: {}
[20.177387] (-) TimerEvent: {}
[20.278184] (-) TimerEvent: {}
[20.379045] (-) TimerEvent: {}
[20.479892] (-) TimerEvent: {}
[20.582437] (-) TimerEvent: {}
[20.683303] (-) TimerEvent: {}
[20.784277] (-) TimerEvent: {}
[20.885318] (-) TimerEvent: {}
[20.986259] (-) TimerEvent: {}
[21.087104] (-) TimerEvent: {}
[21.187988] (-) TimerEvent: {}
[21.288891] (-) TimerEvent: {}
[21.389842] (-) TimerEvent: {}
[21.490840] (-) TimerEvent: {}
[21.591886] (-) TimerEvent: {}
[21.692767] (-) TimerEvent: {}
[21.793622] (-) TimerEvent: {}
[21.894425] (-) TimerEvent: {}
[21.995339] (-) TimerEvent: {}
[22.096241] (-) TimerEvent: {}
[22.197412] (-) TimerEvent: {}
[22.298423] (-) TimerEvent: {}
[22.399357] (-) TimerEvent: {}
[22.500270] (-) TimerEvent: {}
[22.601216] (-) TimerEvent: {}
[22.702141] (-) TimerEvent: {}
[22.803134] (-) TimerEvent: {}
[22.904057] (-) TimerEvent: {}
[23.004906] (-) TimerEvent: {}
[23.105739] (-) TimerEvent: {}
[23.206601] (-) TimerEvent: {}
[23.307425] (-) TimerEvent: {}
[23.408292] (-) TimerEvent: {}
[23.509207] (-) TimerEvent: {}
[23.610050] (-) TimerEvent: {}
[23.710955] (-) TimerEvent: {}
[23.811826] (-) TimerEvent: {}
[23.912698] (-) TimerEvent: {}
[24.013664] (-) TimerEvent: {}
[24.114574] (-) TimerEvent: {}
[24.215447] (-) TimerEvent: {}
[24.316537] (-) TimerEvent: {}
[24.417409] (-) TimerEvent: {}
[24.518618] (-) TimerEvent: {}
[24.619520] (-) TimerEvent: {}
[24.720469] (-) TimerEvent: {}
[24.821318] (-) TimerEvent: {}
[24.922309] (-) TimerEvent: {}
[25.023169] (-) TimerEvent: {}
[25.124087] (-) TimerEvent: {}
[25.225132] (-) TimerEvent: {}
[25.326005] (-) TimerEvent: {}
[25.426860] (-) TimerEvent: {}
[25.527777] (-) TimerEvent: {}
[25.628684] (-) TimerEvent: {}
[25.729596] (-) TimerEvent: {}
[25.830503] (-) TimerEvent: {}
[25.931352] (-) TimerEvent: {}
[26.032164] (-) TimerEvent: {}
[26.133049] (-) TimerEvent: {}
[26.233863] (-) TimerEvent: {}
[26.334730] (-) TimerEvent: {}
[26.435587] (-) TimerEvent: {}
[26.536458] (-) TimerEvent: {}
[26.637266] (-) TimerEvent: {}
[26.738084] (-) TimerEvent: {}
[26.838927] (-) TimerEvent: {}
[26.939732] (-) TimerEvent: {}
[27.040549] (-) TimerEvent: {}
[27.141363] (-) TimerEvent: {}
[27.242205] (-) TimerEvent: {}
[27.343064] (-) TimerEvent: {}
[27.443884] (-) TimerEvent: {}
[27.544684] (-) TimerEvent: {}
[27.645555] (-) TimerEvent: {}
[27.746532] (-) TimerEvent: {}
[27.847319] (-) TimerEvent: {}
[27.948048] (-) TimerEvent: {}
[28.048778] (-) TimerEvent: {}
[28.150007] (-) TimerEvent: {}
[28.250878] (-) TimerEvent: {}
[28.352572] (-) TimerEvent: {}
[28.453495] (-) TimerEvent: {}
[28.554424] (-) TimerEvent: {}
[28.655241] (-) TimerEvent: {}
[28.756110] (-) TimerEvent: {}
[28.857175] (-) TimerEvent: {}
[28.958293] (-) TimerEvent: {}
[29.059161] (-) TimerEvent: {}
[29.160034] (-) TimerEvent: {}
[29.261121] (-) TimerEvent: {}
[29.362453] (-) TimerEvent: {}
[29.463380] (-) TimerEvent: {}
[29.564865] (-) TimerEvent: {}
[29.665739] (-) TimerEvent: {}
[29.766919] (-) TimerEvent: {}
[29.867766] (-) TimerEvent: {}
[29.968665] (-) TimerEvent: {}
[30.069554] (-) TimerEvent: {}
[30.170394] (-) TimerEvent: {}
[30.271233] (-) TimerEvent: {}
[30.372106] (-) TimerEvent: {}
[30.473297] (-) TimerEvent: {}
[30.574039] (-) TimerEvent: {}
[30.674811] (-) TimerEvent: {}
[30.775640] (-) TimerEvent: {}
[30.876488] (-) TimerEvent: {}
[30.977460] (-) TimerEvent: {}
[31.078426] (-) TimerEvent: {}
[31.179716] (-) TimerEvent: {}
[31.281691] (-) TimerEvent: {}
[31.382940] (-) TimerEvent: {}
[31.483797] (-) TimerEvent: {}
[31.585182] (-) TimerEvent: {}
[31.686047] (-) TimerEvent: {}
[31.786936] (-) TimerEvent: {}
[31.887741] (-) TimerEvent: {}
[31.988556] (-) TimerEvent: {}
[32.089383] (-) TimerEvent: {}
[32.190322] (-) TimerEvent: {}
[32.291147] (-) TimerEvent: {}
[32.391965] (-) TimerEvent: {}
[32.492787] (-) TimerEvent: {}
[32.593603] (-) TimerEvent: {}
[32.694432] (-) TimerEvent: {}
[32.795332] (-) TimerEvent: {}
[32.896215] (-) TimerEvent: {}
[32.997218] (-) TimerEvent: {}
[33.098104] (-) TimerEvent: {}
[33.198995] (-) TimerEvent: {}
[33.300064] (-) TimerEvent: {}
[33.400918] (-) TimerEvent: {}
[33.501750] (-) TimerEvent: {}
[33.602605] (-) TimerEvent: {}
[33.703431] (-) TimerEvent: {}
[33.804224] (-) TimerEvent: {}
[33.905045] (-) TimerEvent: {}
[34.005859] (-) TimerEvent: {}
[34.106733] (-) TimerEvent: {}
[34.207543] (-) TimerEvent: {}
[34.308333] (-) TimerEvent: {}
[34.409119] (-) TimerEvent: {}
[34.509926] (-) TimerEvent: {}
[34.610844] (-) TimerEvent: {}
[34.711677] (-) TimerEvent: {}
[34.812483] (-) TimerEvent: {}
[34.913371] (-) TimerEvent: {}
[35.014174] (-) TimerEvent: {}
[35.115055] (-) TimerEvent: {}
[35.215895] (-) TimerEvent: {}
[35.316748] (-) TimerEvent: {}
[35.417677] (-) TimerEvent: {}
[35.518621] (-) TimerEvent: {}
[35.619391] (-) TimerEvent: {}
[35.720235] (-) TimerEvent: {}
[35.821107] (-) TimerEvent: {}
[35.921962] (-) TimerEvent: {}
[36.022862] (-) TimerEvent: {}
[36.123693] (-) TimerEvent: {}
[36.224550] (-) TimerEvent: {}
[36.325430] (-) TimerEvent: {}
[36.426379] (-) TimerEvent: {}
[36.527260] (-) TimerEvent: {}
[36.628163] (-) TimerEvent: {}
[36.730953] (-) TimerEvent: {}
[36.831831] (-) TimerEvent: {}
[36.932707] (-) TimerEvent: {}
[37.033671] (-) TimerEvent: {}
[37.134611] (-) TimerEvent: {}
[37.235503] (-) TimerEvent: {}
[37.336403] (-) TimerEvent: {}
[37.437158] (-) TimerEvent: {}
[37.538091] (-) TimerEvent: {}
[37.639334] (-) TimerEvent: {}
[37.740971] (-) TimerEvent: {}
[37.841943] (-) TimerEvent: {}
[37.943269] (-) TimerEvent: {}
[38.044132] (-) TimerEvent: {}
[38.145068] (-) TimerEvent: {}
[38.245941] (-) TimerEvent: {}
[38.346829] (-) TimerEvent: {}
[38.447674] (-) TimerEvent: {}
[38.548538] (-) TimerEvent: {}
[38.649348] (-) TimerEvent: {}
[38.750285] (-) TimerEvent: {}
[38.851178] (-) TimerEvent: {}
[38.952053] (-) TimerEvent: {}
[39.052881] (-) TimerEvent: {}
[39.153739] (-) TimerEvent: {}
[39.255203] (-) TimerEvent: {}
[39.355945] (-) TimerEvent: {}
[39.456947] (-) TimerEvent: {}
[39.557779] (-) TimerEvent: {}
[39.658586] (-) TimerEvent: {}
[39.759420] (-) TimerEvent: {}
[39.860195] (-) TimerEvent: {}
[39.961021] (-) TimerEvent: {}
[40.061865] (-) TimerEvent: {}
[40.162924] (-) TimerEvent: {}
[40.263805] (-) TimerEvent: {}
[40.364733] (-) TimerEvent: {}
[40.465561] (-) TimerEvent: {}
[40.566397] (-) TimerEvent: {}
[40.667155] (-) TimerEvent: {}
[40.768000] (-) TimerEvent: {}
[40.869174] (-) TimerEvent: {}
[40.970305] (-) TimerEvent: {}
[41.071773] (-) TimerEvent: {}
[41.172663] (-) TimerEvent: {}
[41.273649] (-) TimerEvent: {}
[41.374571] (-) TimerEvent: {}
[41.475427] (-) TimerEvent: {}
[41.576234] (-) TimerEvent: {}
[41.677014] (-) TimerEvent: {}
[41.777822] (-) TimerEvent: {}
[41.878598] (-) TimerEvent: {}
[41.979341] (-) TimerEvent: {}
[42.080167] (-) TimerEvent: {}
[42.180975] (-) TimerEvent: {}
[42.281744] (-) TimerEvent: {}
[42.382595] (-) TimerEvent: {}
[42.483406] (-) TimerEvent: {}
[42.584199] (-) TimerEvent: {}
[42.685026] (-) TimerEvent: {}
[42.785846] (-) TimerEvent: {}
[42.886721] (-) TimerEvent: {}
[42.987551] (-) TimerEvent: {}
[43.088389] (-) TimerEvent: {}
[43.189328] (-) TimerEvent: {}
[43.290242] (-) TimerEvent: {}
[43.391153] (-) TimerEvent: {}
[43.492006] (-) TimerEvent: {}
[43.592931] (-) TimerEvent: {}
[43.693867] (-) TimerEvent: {}
[43.794774] (-) TimerEvent: {}
[43.895626] (-) TimerEvent: {}
[43.996493] (-) TimerEvent: {}
[44.097702] (-) TimerEvent: {}
[44.198639] (-) TimerEvent: {}
[44.299632] (-) TimerEvent: {}
[44.401507] (-) TimerEvent: {}
[44.502353] (-) TimerEvent: {}
[44.603967] (-) TimerEvent: {}
[44.704784] (-) TimerEvent: {}
[44.805521] (-) TimerEvent: {}
[44.908352] (-) TimerEvent: {}
[45.009041] (-) TimerEvent: {}
[45.109761] (-) TimerEvent: {}
[45.211268] (-) TimerEvent: {}
[45.311995] (-) TimerEvent: {}
[45.412792] (-) TimerEvent: {}
[45.513494] (-) TimerEvent: {}
[45.614437] (-) TimerEvent: {}
[45.715501] (-) TimerEvent: {}
[45.817366] (-) TimerEvent: {}
[45.918094] (-) TimerEvent: {}
[46.019602] (-) TimerEvent: {}
[46.120435] (-) TimerEvent: {}
[46.221230] (-) TimerEvent: {}
[46.322094] (-) TimerEvent: {}
[46.423469] (-) TimerEvent: {}
[46.524317] (-) TimerEvent: {}
[46.625089] (-) TimerEvent: {}
[46.725962] (-) TimerEvent: {}
[46.826798] (-) TimerEvent: {}
[46.927621] (-) TimerEvent: {}
[47.028517] (-) TimerEvent: {}
[47.129250] (-) TimerEvent: {}
[47.230348] (-) TimerEvent: {}
[47.331216] (-) TimerEvent: {}
[47.432094] (-) TimerEvent: {}
[47.533155] (-) TimerEvent: {}
[47.634073] (-) TimerEvent: {}
[47.735661] (-) TimerEvent: {}
[47.837147] (-) TimerEvent: {}
[47.938051] (-) TimerEvent: {}
[48.039051] (-) TimerEvent: {}
[48.139959] (-) TimerEvent: {}
[48.240744] (-) TimerEvent: {}
[48.341465] (-) TimerEvent: {}
[48.442201] (-) TimerEvent: {}
[48.544412] (-) TimerEvent: {}
[48.645290] (-) TimerEvent: {}
[48.746017] (-) TimerEvent: {}
[48.846857] (-) TimerEvent: {}
[48.947655] (-) TimerEvent: {}
[49.048400] (-) TimerEvent: {}
[49.149120] (-) TimerEvent: {}
[49.249928] (-) TimerEvent: {}
[49.350722] (-) TimerEvent: {}
[49.451456] (-) TimerEvent: {}
[49.552665] (-) TimerEvent: {}
[49.653395] (-) TimerEvent: {}
[49.754693] (-) TimerEvent: {}
[49.855509] (-) TimerEvent: {}
[49.956314] (-) TimerEvent: {}
[50.057183] (-) TimerEvent: {}
[50.157906] (-) TimerEvent: {}
[50.259534] (-) TimerEvent: {}
[50.360379] (-) TimerEvent: {}
[50.461152] (-) TimerEvent: {}
[50.561894] (-) TimerEvent: {}
[50.662726] (-) TimerEvent: {}
[50.763668] (-) TimerEvent: {}
[50.864429] (-) TimerEvent: {}
[50.965144] (-) TimerEvent: {}
[51.065866] (-) TimerEvent: {}
[51.166607] (-) TimerEvent: {}
[51.267932] (-) TimerEvent: {}
[51.368620] (-) TimerEvent: {}
[51.469795] (-) TimerEvent: {}
[51.570523] (-) TimerEvent: {}
[51.671259] (-) TimerEvent: {}
[51.772005] (-) TimerEvent: {}
[51.872728] (-) TimerEvent: {}
[51.973445] (-) TimerEvent: {}
[52.074158] (-) TimerEvent: {}
[52.175088] (-) TimerEvent: {}
[52.275948] (-) TimerEvent: {}
[52.376761] (-) TimerEvent: {}
[52.477559] (-) TimerEvent: {}
[52.578833] (-) TimerEvent: {}
[52.679548] (-) TimerEvent: {}
[52.780306] (-) TimerEvent: {}
[52.881013] (-) TimerEvent: {}
[52.981728] (-) TimerEvent: {}
[53.082469] (-) TimerEvent: {}
[53.183585] (-) TimerEvent: {}
[53.284299] (-) TimerEvent: {}
[53.384971] (-) TimerEvent: {}
[53.485689] (-) TimerEvent: {}
[53.586405] (-) TimerEvent: {}
[53.687114] (-) TimerEvent: {}
[53.787830] (-) TimerEvent: {}
[53.888580] (-) TimerEvent: {}
[53.989317] (-) TimerEvent: {}
[54.090277] (-) TimerEvent: {}
[54.191234] (-) TimerEvent: {}
[54.262898] (camera_driver) StderrLine: {'line': b'In file included from \x1b[01m\x1b[K/usr/local/include/depthai/utility/Serialization.hpp:6\x1b[m\x1b[K,\n'}
[54.263432] (camera_driver) StderrLine: {'line': b'                 from \x1b[01m\x1b[K/usr/local/include/depthai/common/Point3f.hpp:7\x1b[m\x1b[K,\n'}
[54.263618] (camera_driver) StderrLine: {'line': b'                 from \x1b[01m\x1b[K/usr/local/include/depthai/common/Extrinsics.hpp:9\x1b[m\x1b[K,\n'}
[54.263776] (camera_driver) StderrLine: {'line': b'                 from \x1b[01m\x1b[K/usr/local/include/depthai/common/CameraInfo.hpp:4\x1b[m\x1b[K,\n'}
[54.263921] (camera_driver) StderrLine: {'line': b'                 from \x1b[01m\x1b[K/usr/local/include/depthai/common/EepromData.hpp:7\x1b[m\x1b[K,\n'}
[54.264060] (camera_driver) StderrLine: {'line': b'                 from \x1b[01m\x1b[K/usr/local/include/depthai/device/CalibrationHandler.hpp:11\x1b[m\x1b[K,\n'}
[54.264197] (camera_driver) StderrLine: {'line': b'                 from \x1b[01m\x1b[K/usr/local/include/depthai/depthai.hpp:11\x1b[m\x1b[K,\n'}
[54.264329] (camera_driver) StderrLine: {'line': b'                 from \x1b[01m\x1b[K/home/autopilot03/Desktop/f1tenth_test0806/f1tenth_project_repo/src/camera_driver/src/camera_driver_node.cpp:24\x1b[m\x1b[K:\n'}
[54.264463] (camera_driver) StderrLine: {'line': b'/usr/local/include/nlohmann/json.hpp: In instantiation of \xe2\x80\x98\x1b[01m\x1b[Kconstexpr decltype (declval<const basic_json_t&>().get_impl<ValueType>(nlohmann::json_abi_v3_12_0::detail::priority_tag<4>{})) nlohmann::json_abi_v3_12_0::basic_json<ObjectType, ArrayType, StringType, BooleanType, NumberIntegerType, NumberUnsignedType, NumberFloatType, AllocatorType, JSONSerializer, BinaryType, CustomBaseClass>::get() const [with ValueTypeCV = std::pair<float, float>; ValueType = std::pair<float, float>; ObjectType = std::map; ArrayType = std::vector; StringType = std::__cxx11::basic_string<char>; BooleanType = bool; NumberIntegerType = long int; NumberUnsignedType = long unsigned int; NumberFloatType = double; AllocatorType = std::allocator; JSONSerializer = nlohmann::json_abi_v3_12_0::adl_serializer; BinaryType = std::vector<unsigned char, std::allocator<unsigned char> >; CustomBaseClass = void; decltype (declval<const basic_json_t&>().get_impl<ValueType>(nlohmann::json_abi_v3_12_0::detail::priority_tag<4>{})) = std::pair<float, float>; nlohmann::json_abi_v3_12_0::basic_json<ObjectType, ArrayType, StringType, BooleanType, NumberIntegerType, NumberUnsignedType, NumberFloatType, AllocatorType, JSONSerializer, BinaryType, CustomBaseClass>::basic_json_t = nlohmann::json_abi_v3_12_0::basic_json<>]\x1b[m\x1b[K\xe2\x80\x99:\n'}
[54.264669] (camera_driver) StderrLine: {'line': b'\x1b[01m\x1b[K/usr/local/include/depthai/common/variant.hpp:16:66:\x1b[m\x1b[K   required from \xe2\x80\x98\x1b[01m\x1b[Kvoid dai::internal::VariantSwitch<N>::operator()(int, const json&, Variant&) const [with Variant = std::variant<float, std::pair<float, float>, std::vector<float, std::allocator<float> > >; long unsigned int N = 1; json = nlohmann::json_abi_v3_12_0::basic_json<>]\x1b[m\x1b[K\xe2\x80\x99\n'}
[54.264813] (camera_driver) StderrLine: {'line': b'\x1b[01m\x1b[K/usr/local/include/depthai/common/variant.hpp:18:35:\x1b[m\x1b[K   required from \xe2\x80\x98\x1b[01m\x1b[Kvoid dai::internal::VariantSwitch<N>::operator()(int, const json&, Variant&) const [with Variant = std::variant<float, std::pair<float, float>, std::vector<float, std::allocator<float> > >; long unsigned int N = 2; json = nlohmann::json_abi_v3_12_0::basic_json<>]\x1b[m\x1b[K\xe2\x80\x99\n'}
[54.264949] (camera_driver) StderrLine: {'line': b'\x1b[01m\x1b[K/usr/local/include/depthai/common/variant.hpp:50:62:\x1b[m\x1b[K   required from \xe2\x80\x98\x1b[01m\x1b[Kstatic void nlohmann::json_abi_v3_12_0::adl_serializer<std::variant<_Types ...> >::from_json(const json&, std::variant<_Types ...>&) [with Args = {float, std::pair<float, float>, std::vector<float, std::allocator<float> >}; nlohmann::json_abi_v3_12_0::json = nlohmann::json_abi_v3_12_0::basic_json<>]\x1b[m\x1b[K\xe2\x80\x99\n'}
[54.265379] (camera_driver) StderrLine: {'line': b'\x1b[01m\x1b[K/usr/local/include/nlohmann/json.hpp:1637:45:\x1b[m\x1b[K   required from \xe2\x80\x98\x1b[01m\x1b[KValueType nlohmann::json_abi_v3_12_0::basic_json<ObjectType, ArrayType, StringType, BooleanType, NumberIntegerType, NumberUnsignedType, NumberFloatType, AllocatorType, JSONSerializer, BinaryType, CustomBaseClass>::get_impl(nlohmann::json_abi_v3_12_0::detail::priority_tag<0>) const [with ValueType = std::variant<float, std::pair<float, float>, std::vector<float, std::allocator<float> > >; typename std::enable_if<(nlohmann::json_abi_v3_12_0::detail::is_default_constructible<ValueType>::value && nlohmann::json_abi_v3_12_0::detail::has_from_json<nlohmann::json_abi_v3_12_0::basic_json<ObjectType, ArrayType, StringType, BooleanType, NumberIntegerType, NumberUnsignedType, NumberFloatType, AllocatorType, JSONSerializer, BinaryType, CustomBaseClass>, ValueType>::value), int>::type <anonymous> = 0; ObjectType = std::map; ArrayType = std::vector; StringType = std::__cxx11::basic_string<char>; BooleanType = bool; NumberIntegerType = long int; NumberUnsignedType = long unsigned int; NumberFloatType = double; AllocatorType = std::allocator; JSONSerializer = nlohmann::json_abi_v3_12_0::adl_serializer; BinaryType = std::vector<unsigned char, std::allocator<unsigned char> >; CustomBaseClass = void]\x1b[m\x1b[K\xe2\x80\x99\n'}
[54.265604] (camera_driver) StderrLine: {'line': b'\x1b[01m\x1b[K/usr/local/include/nlohmann/json.hpp:1780:35:\x1b[m\x1b[K   [ skipping 2 instantiation contexts, use -ftemplate-backtrace-limit=0 to disable ]\n'}
[54.265753] (camera_driver) StderrLine: {'line': b'\x1b[01m\x1b[K/usr/local/include/nlohmann/json.hpp:1828:45:\x1b[m\x1b[K   required from \xe2\x80\x98\x1b[01m\x1b[KValueType& nlohmann::json_abi_v3_12_0::basic_json<ObjectType, ArrayType, StringType, BooleanType, NumberIntegerType, NumberUnsignedType, NumberFloatType, AllocatorType, JSONSerializer, BinaryType, CustomBaseClass>::get_to(ValueType&) const [with ValueType = std::optional<std::variant<float, std::pair<float, float>, std::vector<float, std::allocator<float> > > >; typename std::enable_if<((! nlohmann::json_abi_v3_12_0::detail::is_basic_json<BasicJsonType>::value) && nlohmann::json_abi_v3_12_0::detail::has_from_json<nlohmann::json_abi_v3_12_0::basic_json<ObjectType, ArrayType, StringType, BooleanType, NumberIntegerType, NumberUnsignedType, NumberFloatType, AllocatorType, JSONSerializer, BinaryType, CustomBaseClass>, ValueType>::value), int>::type <anonymous> = 0; ObjectType = std::map; ArrayType = std::vector; StringType = std::__cxx11::basic_string<char>; BooleanType = bool; NumberIntegerType = long int; NumberUnsignedType = long unsigned int; NumberFloatType = double; AllocatorType = std::allocator; JSONSerializer = nlohmann::json_abi_v3_12_0::adl_serializer; BinaryType = std::vector<unsigned char, std::allocator<unsigned char> >; CustomBaseClass = void]\x1b[m\x1b[K\xe2\x80\x99\n'}
[54.265920] (camera_driver) StderrLine: {'line': b'\x1b[01m\x1b[K/usr/local/include/depthai/capabilities/CapabilityRange.hpp:33:5:\x1b[m\x1b[K   required from \xe2\x80\x98\x1b[01m\x1b[Kvoid dai::from_json(const json&, dai::CapabilityRange<float>&)\x1b[m\x1b[K\xe2\x80\x99\n'}
[54.266059] (camera_driver) StderrLine: {'line': b'\x1b[01m\x1b[K/usr/local/include/nlohmann/detail/conversions/from_json.hpp:558:25:\x1b[m\x1b[K   required from \xe2\x80\x98\x1b[01m\x1b[Kdecltype (nlohmann::json_abi_v3_12_0::detail::from_json(j, forward<T>(val))) nlohmann::json_abi_v3_12_0::detail::from_json_fn::operator()(const BasicJsonType&, T&&) const [with BasicJsonType = nlohmann::json_abi_v3_12_0::basic_json<>; T = dai::CapabilityRange<float>&; decltype (nlohmann::json_abi_v3_12_0::detail::from_json(j, forward<T>(val))) = void]\x1b[m\x1b[K\xe2\x80\x99\n'}
[54.266249] (camera_driver) StderrLine: {'line': b'\x1b[01m\x1b[K/usr/local/include/nlohmann/adl_serializer.hpp:31:30:\x1b[m\x1b[K   required from \xe2\x80\x98\x1b[01m\x1b[Kstatic decltype ((nlohmann::json_abi_v3_12_0::from_json(forward<BasicJsonType>(j), val), void())) nlohmann::json_abi_v3_12_0::adl_serializer<T, SFINAE>::from_json(BasicJsonType&&, TargetType&) [with BasicJsonType = const nlohmann::json_abi_v3_12_0::basic_json<>&; TargetType = dai::CapabilityRange<float>; ValueType = dai::CapabilityRange<float>; <template-parameter-1-2> = void; decltype ((nlohmann::json_abi_v3_12_0::from_json(forward<BasicJsonType>(j), val), void())) = void]\x1b[m\x1b[K\xe2\x80\x99\n'}
[54.266409] (camera_driver) StderrLine: {'line': b'\x1b[01m\x1b[K/usr/local/include/nlohmann/json.hpp:1828:45:\x1b[m\x1b[K   required from \xe2\x80\x98\x1b[01m\x1b[KValueType& nlohmann::json_abi_v3_12_0::basic_json<ObjectType, ArrayType, StringType, BooleanType, NumberIntegerType, NumberUnsignedType, NumberFloatType, AllocatorType, JSONSerializer, BinaryType, CustomBaseClass>::get_to(ValueType&) const [with ValueType = dai::CapabilityRange<float>; typename std::enable_if<((! nlohmann::json_abi_v3_12_0::detail::is_basic_json<BasicJsonType>::value) && nlohmann::json_abi_v3_12_0::detail::has_from_json<nlohmann::json_abi_v3_12_0::basic_json<ObjectType, ArrayType, StringType, BooleanType, NumberIntegerType, NumberUnsignedType, NumberFloatType, AllocatorType, JSONSerializer, BinaryType, CustomBaseClass>, ValueType>::value), int>::type <anonymous> = 0; ObjectType = std::map; ArrayType = std::vector; StringType = std::__cxx11::basic_string<char>; BooleanType = bool; NumberIntegerType = long int; NumberUnsignedType = long unsigned int; NumberFloatType = double; AllocatorType = std::allocator; JSONSerializer = nlohmann::json_abi_v3_12_0::adl_serializer; BinaryType = std::vector<unsigned char, std::allocator<unsigned char> >; CustomBaseClass = void]\x1b[m\x1b[K\xe2\x80\x99\n'}
[54.266589] (camera_driver) StderrLine: {'line': b'\x1b[01m\x1b[K/usr/local/include/depthai/capabilities/ImgFrameCapability.hpp:55:5:\x1b[m\x1b[K   required from here\n'}
[54.266729] (camera_driver) StderrLine: {'line': b'\x1b[01m\x1b[K/usr/local/include/nlohmann/json.hpp:1771:10:\x1b[m\x1b[K \x1b[01;36m\x1b[Knote: \x1b[m\x1b[Kparameter passing for argument of type \xe2\x80\x98\x1b[01m\x1b[Kstd::pair<float, float>\x1b[m\x1b[K\xe2\x80\x99 when C++17 is enabled changed to match C++14 \x1b]8;;https://gcc.gnu.org/gcc-10/changes.html#empty_base\x07in GCC 10.1\x1b]8;;\x07\n'}
[54.266866] (camera_driver) StderrLine: {'line': b' 1771 |     auto \x1b[01;36m\x1b[Kget\x1b[m\x1b[K() const noexcept(\n'}
[54.266996] (camera_driver) StderrLine: {'line': b'      |          \x1b[01;36m\x1b[K^~~\x1b[m\x1b[K\n'}
[54.291408] (-) TimerEvent: {}
[54.392391] (-) TimerEvent: {}
[54.493098] (-) TimerEvent: {}
[54.594062] (-) TimerEvent: {}
[54.694822] (-) TimerEvent: {}
[54.795552] (-) TimerEvent: {}
[54.896277] (-) TimerEvent: {}
[54.997013] (-) TimerEvent: {}
[55.097961] (-) TimerEvent: {}
[55.200331] (-) TimerEvent: {}
[55.302100] (-) TimerEvent: {}
[55.405681] (-) TimerEvent: {}
[55.506587] (-) TimerEvent: {}
[55.607464] (-) TimerEvent: {}
[55.708429] (-) TimerEvent: {}
[55.811031] (-) TimerEvent: {}
[55.911889] (-) TimerEvent: {}
[56.012732] (-) TimerEvent: {}
[56.113544] (-) TimerEvent: {}
[56.214355] (-) TimerEvent: {}
[56.315088] (-) TimerEvent: {}
[56.415941] (-) TimerEvent: {}
[56.516701] (-) TimerEvent: {}
[56.617485] (-) TimerEvent: {}
[56.718298] (-) TimerEvent: {}
[56.819133] (-) TimerEvent: {}
[56.919954] (-) TimerEvent: {}
[57.020792] (-) TimerEvent: {}
[57.121788] (-) TimerEvent: {}
[57.222915] (-) TimerEvent: {}
[57.323776] (-) TimerEvent: {}
[57.424654] (-) TimerEvent: {}
[57.525668] (-) TimerEvent: {}
[57.626983] (-) TimerEvent: {}
[57.727861] (-) TimerEvent: {}
[57.828592] (-) TimerEvent: {}
[57.929356] (-) TimerEvent: {}
[58.030099] (-) TimerEvent: {}
[58.130880] (-) TimerEvent: {}
[58.231851] (-) TimerEvent: {}
[58.333061] (-) TimerEvent: {}
[58.433801] (-) TimerEvent: {}
[58.534594] (-) TimerEvent: {}
[58.635339] (-) TimerEvent: {}
[58.736119] (-) TimerEvent: {}
[58.836836] (-) TimerEvent: {}
[58.937706] (-) TimerEvent: {}
[59.038666] (-) TimerEvent: {}
[59.140513] (-) TimerEvent: {}
[59.241415] (-) TimerEvent: {}
[59.342286] (-) TimerEvent: {}
[59.443247] (-) TimerEvent: {}
[59.544135] (-) TimerEvent: {}
[59.645007] (-) TimerEvent: {}
[59.745796] (-) TimerEvent: {}
[59.846553] (-) TimerEvent: {}
[59.947325] (-) TimerEvent: {}
[60.047947] (-) TimerEvent: {}
[60.148544] (-) TimerEvent: {}
[60.249378] (-) TimerEvent: {}
[60.350286] (-) TimerEvent: {}
[60.451088] (-) TimerEvent: {}
[60.551873] (-) TimerEvent: {}
[60.652623] (-) TimerEvent: {}
[60.753449] (-) TimerEvent: {}
[60.854146] (-) TimerEvent: {}
[60.954914] (-) TimerEvent: {}
[61.055729] (-) TimerEvent: {}
[61.156471] (-) TimerEvent: {}
[61.257294] (-) TimerEvent: {}
[61.358130] (-) TimerEvent: {}
[61.459090] (-) TimerEvent: {}
[61.560137] (-) TimerEvent: {}
[61.660876] (-) TimerEvent: {}
[61.761718] (-) TimerEvent: {}
[61.863166] (-) TimerEvent: {}
[61.964041] (-) TimerEvent: {}
[62.064954] (-) TimerEvent: {}
[62.165692] (-) TimerEvent: {}
[62.266384] (-) TimerEvent: {}
[62.367085] (-) TimerEvent: {}
[62.467835] (-) TimerEvent: {}
[62.568808] (-) TimerEvent: {}
[62.669530] (-) TimerEvent: {}
[62.770363] (-) TimerEvent: {}
[62.871228] (-) TimerEvent: {}
[62.972093] (-) TimerEvent: {}
[63.073897] (-) TimerEvent: {}
[63.174737] (-) TimerEvent: {}
[63.275450] (-) TimerEvent: {}
[63.376171] (-) TimerEvent: {}
[63.476866] (-) TimerEvent: {}
[63.577563] (-) TimerEvent: {}
[63.678987] (-) TimerEvent: {}
[63.779956] (-) TimerEvent: {}
[63.880749] (-) TimerEvent: {}
[63.981645] (-) TimerEvent: {}
[64.082516] (-) TimerEvent: {}
[64.183399] (-) TimerEvent: {}
[64.284282] (-) TimerEvent: {}
[64.385122] (-) TimerEvent: {}
[64.486282] (-) TimerEvent: {}
[64.588559] (-) TimerEvent: {}
[64.690378] (-) TimerEvent: {}
[64.791108] (-) TimerEvent: {}
[64.891984] (-) TimerEvent: {}
[64.992813] (-) TimerEvent: {}
[65.093686] (-) TimerEvent: {}
[65.194560] (-) TimerEvent: {}
[65.295388] (-) TimerEvent: {}
[65.396216] (-) TimerEvent: {}
[65.497049] (-) TimerEvent: {}
[65.597860] (-) TimerEvent: {}
[65.698664] (-) TimerEvent: {}
[65.799385] (-) TimerEvent: {}
[65.900198] (-) TimerEvent: {}
[66.001031] (-) TimerEvent: {}
[66.101992] (-) TimerEvent: {}
[66.202992] (-) TimerEvent: {}
[66.303951] (-) TimerEvent: {}
[66.404874] (-) TimerEvent: {}
[66.507406] (-) TimerEvent: {}
[66.608211] (-) TimerEvent: {}
[66.709024] (-) TimerEvent: {}
[66.809834] (-) TimerEvent: {}
[66.910705] (-) TimerEvent: {}
[67.011519] (-) TimerEvent: {}
[67.112333] (-) TimerEvent: {}
[67.213154] (-) TimerEvent: {}
[67.316092] (-) TimerEvent: {}
[67.416993] (-) TimerEvent: {}
[67.518460] (-) TimerEvent: {}
[67.619307] (-) TimerEvent: {}
[67.720076] (-) TimerEvent: {}
[67.822319] (-) TimerEvent: {}
[67.923153] (-) TimerEvent: {}
[68.023885] (-) TimerEvent: {}
[68.124617] (-) TimerEvent: {}
[68.225481] (-) TimerEvent: {}
[68.326187] (-) TimerEvent: {}
[68.426947] (-) TimerEvent: {}
[68.527715] (-) TimerEvent: {}
[68.628493] (-) TimerEvent: {}
[68.729246] (-) TimerEvent: {}
[68.830003] (-) TimerEvent: {}
[68.930753] (-) TimerEvent: {}
[69.031404] (-) TimerEvent: {}
[69.132111] (-) TimerEvent: {}
[69.232824] (-) TimerEvent: {}
[69.335406] (-) TimerEvent: {}
[69.436120] (-) TimerEvent: {}
[69.536821] (-) TimerEvent: {}
[69.637681] (-) TimerEvent: {}
[69.738438] (-) TimerEvent: {}
[69.839423] (-) TimerEvent: {}
[69.940229] (-) TimerEvent: {}
[70.040985] (-) TimerEvent: {}
[70.141700] (-) TimerEvent: {}
[70.242584] (-) TimerEvent: {}
[70.343304] (-) TimerEvent: {}
[70.444045] (-) TimerEvent: {}
[70.544934] (-) TimerEvent: {}
[70.645673] (-) TimerEvent: {}
[70.746398] (-) TimerEvent: {}
[70.847274] (-) TimerEvent: {}
[70.949908] (-) TimerEvent: {}
[71.050802] (-) TimerEvent: {}
[71.151687] (-) TimerEvent: {}
[71.252404] (-) TimerEvent: {}
[71.353796] (-) TimerEvent: {}
[71.455422] (-) TimerEvent: {}
[71.557384] (-) TimerEvent: {}
[71.659602] (-) TimerEvent: {}
[71.760472] (-) TimerEvent: {}
[71.861334] (-) TimerEvent: {}
[71.962283] (-) TimerEvent: {}
[72.063175] (-) TimerEvent: {}
[72.164081] (-) TimerEvent: {}
[72.264892] (-) TimerEvent: {}
[72.365721] (-) TimerEvent: {}
[72.466897] (-) TimerEvent: {}
[72.567934] (-) TimerEvent: {}
[72.668854] (-) TimerEvent: {}
[72.769705] (-) TimerEvent: {}
[72.870572] (-) TimerEvent: {}
[72.971466] (-) TimerEvent: {}
[73.072336] (-) TimerEvent: {}
[73.173272] (-) TimerEvent: {}
[73.274385] (-) TimerEvent: {}
[73.375659] (-) TimerEvent: {}
[73.476573] (-) TimerEvent: {}
[73.577369] (-) TimerEvent: {}
[73.678125] (-) TimerEvent: {}
[73.779015] (-) TimerEvent: {}
[73.879738] (-) TimerEvent: {}
[73.980593] (-) TimerEvent: {}
[74.081510] (-) TimerEvent: {}
[74.182400] (-) TimerEvent: {}
[74.283237] (-) TimerEvent: {}
[74.384086] (-) TimerEvent: {}
[74.484912] (-) TimerEvent: {}
[74.585733] (-) TimerEvent: {}
[74.686581] (-) TimerEvent: {}
[74.787413] (-) TimerEvent: {}
[74.888223] (-) TimerEvent: {}
[74.989100] (-) TimerEvent: {}
[75.090189] (-) TimerEvent: {}
[75.192166] (-) TimerEvent: {}
[75.292961] (-) TimerEvent: {}
[75.393680] (-) TimerEvent: {}
[75.494390] (-) TimerEvent: {}
[75.595099] (-) TimerEvent: {}
[75.695796] (-) TimerEvent: {}
[75.796521] (-) TimerEvent: {}
[75.897221] (-) TimerEvent: {}
[75.997931] (-) TimerEvent: {}
[76.098670] (-) TimerEvent: {}
[76.199388] (-) TimerEvent: {}
[76.300116] (-) TimerEvent: {}
[76.400870] (-) TimerEvent: {}
[76.501606] (-) TimerEvent: {}
[76.602342] (-) TimerEvent: {}
[76.703033] (-) TimerEvent: {}
[76.804075] (-) TimerEvent: {}
[76.904961] (-) TimerEvent: {}
[77.005807] (-) TimerEvent: {}
[77.107575] (-) TimerEvent: {}
[77.210439] (-) TimerEvent: {}
[77.311888] (-) TimerEvent: {}
[77.413272] (-) TimerEvent: {}
[77.513992] (-) TimerEvent: {}
[77.614934] (-) TimerEvent: {}
[77.715673] (-) TimerEvent: {}
[77.816569] (-) TimerEvent: {}
[77.917558] (-) TimerEvent: {}
[78.018340] (-) TimerEvent: {}
[78.119356] (-) TimerEvent: {}
[78.220420] (-) TimerEvent: {}
[78.321143] (-) TimerEvent: {}
[78.422097] (-) TimerEvent: {}
[78.523547] (-) TimerEvent: {}
[78.624511] (-) TimerEvent: {}
[78.726712] (-) TimerEvent: {}
[78.827550] (-) TimerEvent: {}
[78.928294] (-) TimerEvent: {}
[79.029041] (-) TimerEvent: {}
[79.129749] (-) TimerEvent: {}
[79.230598] (-) TimerEvent: {}
[79.331334] (-) TimerEvent: {}
[79.432066] (-) TimerEvent: {}
[79.447203] (camera_driver) StdoutLine: {'line': b'[ 75%] \x1b[32m\x1b[1mLinking CXX shared library libcamera_driver_component.so\x1b[0m\n'}
[79.532247] (-) TimerEvent: {}
[79.633970] (-) TimerEvent: {}
[79.734810] (-) TimerEvent: {}
[79.835568] (-) TimerEvent: {}
[79.936746] (-) TimerEvent: {}
[80.038561] (-) TimerEvent: {}
[80.139297] (-) TimerEvent: {}
[80.145149] (camera_driver) StdoutLine: {'line': b'[ 75%] Built target camera_driver_component\n'}
[80.169930] (camera_driver) StdoutLine: {'line': b'\x1b[35m\x1b[1mConsolidate compiler generated dependencies of target camera_driver_node\x1b[0m\n'}
[80.209326] (camera_driver) StdoutLine: {'line': b'[ 87%] \x1b[32mBuilding CXX object CMakeFiles/camera_driver_node.dir/src/main.cpp.o\x1b[0m\n'}
[80.239454] (-) TimerEvent: {}
[80.340134] (-) TimerEvent: {}
[80.440811] (-) TimerEvent: {}
[80.541483] (-) TimerEvent: {}
[80.642160] (-) TimerEvent: {}
[80.742898] (-) TimerEvent: {}
[80.843624] (-) TimerEvent: {}
[80.944343] (-) TimerEvent: {}
[81.045058] (-) TimerEvent: {}
[81.145768] (-) TimerEvent: {}
[81.246477] (-) TimerEvent: {}
[81.347208] (-) TimerEvent: {}
[81.447926] (-) TimerEvent: {}
[81.548637] (-) TimerEvent: {}
[81.649329] (-) TimerEvent: {}
[81.750016] (-) TimerEvent: {}
[81.850739] (-) TimerEvent: {}
[81.951460] (-) TimerEvent: {}
[82.052166] (-) TimerEvent: {}
[82.152860] (-) TimerEvent: {}
[82.253566] (-) TimerEvent: {}
[82.354285] (-) TimerEvent: {}
[82.454985] (-) TimerEvent: {}
[82.555684] (-) TimerEvent: {}
[82.656382] (-) TimerEvent: {}
[82.757094] (-) TimerEvent: {}
[82.857848] (-) TimerEvent: {}
[82.958604] (-) TimerEvent: {}
[83.059311] (-) TimerEvent: {}
[83.159999] (-) TimerEvent: {}
[83.260687] (-) TimerEvent: {}
[83.361390] (-) TimerEvent: {}
[83.462093] (-) TimerEvent: {}
[83.562824] (-) TimerEvent: {}
[83.663518] (-) TimerEvent: {}
[83.764202] (-) TimerEvent: {}
[83.864862] (-) TimerEvent: {}
[83.965555] (-) TimerEvent: {}
[84.066264] (-) TimerEvent: {}
[84.166946] (-) TimerEvent: {}
[84.267629] (-) TimerEvent: {}
[84.368314] (-) TimerEvent: {}
[84.468998] (-) TimerEvent: {}
[84.569685] (-) TimerEvent: {}
[84.670392] (-) TimerEvent: {}
[84.771063] (-) TimerEvent: {}
[84.871761] (-) TimerEvent: {}
[84.972443] (-) TimerEvent: {}
[85.073128] (-) TimerEvent: {}
[85.173823] (-) TimerEvent: {}
[85.274527] (-) TimerEvent: {}
[85.375205] (-) TimerEvent: {}
[85.475884] (-) TimerEvent: {}
[85.576568] (-) TimerEvent: {}
[85.677249] (-) TimerEvent: {}
[85.777932] (-) TimerEvent: {}
[85.878643] (-) TimerEvent: {}
[85.979321] (-) TimerEvent: {}
[86.080008] (-) TimerEvent: {}
[86.180680] (-) TimerEvent: {}
[86.281353] (-) TimerEvent: {}
[86.382029] (-) TimerEvent: {}
[86.482725] (-) TimerEvent: {}
[86.584171] (-) TimerEvent: {}
[86.684860] (-) TimerEvent: {}
[86.786407] (-) TimerEvent: {}
[86.887135] (-) TimerEvent: {}
[86.987796] (-) TimerEvent: {}
[87.088463] (-) TimerEvent: {}
[87.189136] (-) TimerEvent: {}
[87.289810] (-) TimerEvent: {}
[87.390511] (-) TimerEvent: {}
[87.491171] (-) TimerEvent: {}
[87.568957] (camera_driver) StdoutLine: {'line': b'[100%] \x1b[32m\x1b[1mLinking CXX executable camera_driver_node\x1b[0m\n'}
[87.591328] (-) TimerEvent: {}
[87.692184] (-) TimerEvent: {}
[87.792899] (-) TimerEvent: {}
[87.893582] (-) TimerEvent: {}
[87.994296] (-) TimerEvent: {}
[88.094996] (-) TimerEvent: {}
[88.195670] (-) TimerEvent: {}
[88.296327] (-) TimerEvent: {}
[88.350293] (camera_driver) StdoutLine: {'line': b'[100%] Built target camera_driver_node\n'}
[88.376648] (camera_driver) CommandEnded: {'returncode': 0}
[88.378952] (camera_driver) JobProgress: {'identifier': 'camera_driver', 'progress': 'install'}
[88.396423] (-) TimerEvent: {}
[88.399076] (camera_driver) Command: {'cmd': ['/usr/bin/cmake', '--install', '/home/autopilot03/Desktop/f1tenth_test0806/f1tenth_project_repo/build/camera_driver'], 'cwd': '/home/autopilot03/Desktop/f1tenth_test0806/f1tenth_project_repo/build/camera_driver', 'env': OrderedDict([('OPENBLAS_CORETYPE', 'ARMV8'), ('LESSOPEN', '| /usr/bin/lesspipe %s'), ('USER', 'autopilot03'), ('XDG_SESSION_TYPE', 'x11'), ('SHLVL', '1'), ('LD_LIBRARY_PATH', '/opt/ros/humble/opt/rviz_ogre_vendor/lib:/opt/ros/humble/lib/aarch64-linux-gnu:/opt/ros/humble/lib:/usr/local/cuda/lib64:'), ('HOME', '/home/autopilot03'), ('DESKTOP_SESSION', 'ubuntu'), ('ROS_PYTHON_VERSION', '3'), ('GNOME_SHELL_SESSION_MODE', 'ubuntu'), ('GTK_MODULES', 'gail:atk-bridge'), ('DBUS_STARTER_BUS_TYPE', 'session'), ('SYSTEMD_EXEC_PID', '3110'), ('DBUS_SESSION_BUS_ADDRESS', 'unix:path=/run/user/1000/bus,guid=f9eb088d2f225fc82e7af7506a7457d0'), ('COLORTERM', 'truecolor'), ('IM_CONFIG_PHASE', '1'), ('ROS_DISTRO', 'humble'), ('GTK_IM_MODULE', 'ibus'), ('LOGNAME', 'autopilot03'), ('_', '/usr/bin/colcon'), ('ROS_VERSION', '2'), ('XDG_SESSION_CLASS', 'user'), ('USERNAME', 'autopilot03'), ('TERM', 'xterm-256color'), ('GNOME_DESKTOP_SESSION_ID', 'this-is-deprecated'), ('ROS_LOCALHOST_ONLY', '0'), ('WINDOWPATH', '2'), ('PATH', '/opt/ros/humble/bin:/usr/local/cuda/bin:/home/autopilot03/.local/bin:/usr/local/sbin:/usr/local/bin:/usr/sbin:/usr/bin:/sbin:/bin:/usr/games:/usr/local/games:/snap/bin:/snap/bin'), ('SESSION_MANAGER', 'local/autopilot03-desktop:@/tmp/.ICE-unix/3110,unix/autopilot03-desktop:/tmp/.ICE-unix/3110'), ('XDG_MENU_PREFIX', 'gnome-'), ('GNOME_TERMINAL_SCREEN', '/org/gnome/Terminal/screen/db356585_f77b_44f1_8d1c_dd796ba74ff0'), ('XDG_RUNTIME_DIR', '/run/user/1000'), ('DISPLAY', ':1'), ('LANG', 'en_US.UTF-8'), ('XDG_CURRENT_DESKTOP', 'ubuntu:GNOME'), ('XMODIFIERS', '@im=ibus'), ('XDG_SESSION_DESKTOP', 'ubuntu'), ('XAUTHORITY', '/run/user/1000/gdm/Xauthority'), ('LS_COLORS', 'rs=0:di=01;34:ln=01;36:mh=00:pi=40;33:so=01;35:do=01;35:bd=40;33;01:cd=40;33;01:or=40;31;01:mi=00:su=37;41:sg=30;43:ca=30;41:tw=30;42:ow=34;42:st=37;44:ex=01;32:*.tar=01;31:*.tgz=01;31:*.arc=01;31:*.arj=01;31:*.taz=01;31:*.lha=01;31:*.lz4=01;31:*.lzh=01;31:*.lzma=01;31:*.tlz=01;31:*.txz=01;31:*.tzo=01;31:*.t7z=01;31:*.zip=01;31:*.z=01;31:*.dz=01;31:*.gz=01;31:*.lrz=01;31:*.lz=01;31:*.lzo=01;31:*.xz=01;31:*.zst=01;31:*.tzst=01;31:*.bz2=01;31:*.bz=01;31:*.tbz=01;31:*.tbz2=01;31:*.tz=01;31:*.deb=01;31:*.rpm=01;31:*.jar=01;31:*.war=01;31:*.ear=01;31:*.sar=01;31:*.rar=01;31:*.alz=01;31:*.ace=01;31:*.zoo=01;31:*.cpio=01;31:*.7z=01;31:*.rz=01;31:*.cab=01;31:*.wim=01;31:*.swm=01;31:*.dwm=01;31:*.esd=01;31:*.jpg=01;35:*.jpeg=01;35:*.mjpg=01;35:*.mjpeg=01;35:*.gif=01;35:*.bmp=01;35:*.pbm=01;35:*.pgm=01;35:*.ppm=01;35:*.tga=01;35:*.xbm=01;35:*.xpm=01;35:*.tif=01;35:*.tiff=01;35:*.png=01;35:*.svg=01;35:*.svgz=01;35:*.mng=01;35:*.pcx=01;35:*.mov=01;35:*.mpg=01;35:*.mpeg=01;35:*.m2v=01;35:*.mkv=01;35:*.webm=01;35:*.webp=01;35:*.ogm=01;35:*.mp4=01;35:*.m4v=01;35:*.mp4v=01;35:*.vob=01;35:*.qt=01;35:*.nuv=01;35:*.wmv=01;35:*.asf=01;35:*.rm=01;35:*.rmvb=01;35:*.flc=01;35:*.avi=01;35:*.fli=01;35:*.flv=01;35:*.gl=01;35:*.dl=01;35:*.xcf=01;35:*.xwd=01;35:*.yuv=01;35:*.cgm=01;35:*.emf=01;35:*.ogv=01;35:*.ogx=01;35:*.aac=00;36:*.au=00;36:*.flac=00;36:*.m4a=00;36:*.mid=00;36:*.midi=00;36:*.mka=00;36:*.mp3=00;36:*.mpc=00;36:*.ogg=00;36:*.ra=00;36:*.wav=00;36:*.oga=00;36:*.opus=00;36:*.spx=00;36:*.xspf=00;36:'), ('GNOME_TERMINAL_SERVICE', ':1.104'), ('SSH_AGENT_LAUNCHER', 'gnome-keyring'), ('SSH_AUTH_SOCK', '/run/user/1000/keyring/ssh'), ('AMENT_PREFIX_PATH', '/opt/ros/humble'), ('SHELL', '/bin/bash'), ('QT_ACCESSIBILITY', '1'), ('GDMSESSION', 'ubuntu'), ('LESSCLOSE', '/usr/bin/lesspipe %s %s'), ('GPG_AGENT_INFO', '/run/user/1000/gnupg/S.gpg-agent:0:1'), ('QT_IM_MODULE', 'ibus'), ('PWD', '/home/autopilot03/Desktop/f1tenth_test0806/f1tenth_project_repo/build/camera_driver'), ('LC_ALL', 'en_US.UTF-8'), ('XDG_CONFIG_DIRS', '/etc/xdg/xdg-ubuntu:/etc/xdg'), ('DBUS_STARTER_ADDRESS', 'unix:path=/run/user/1000/bus,guid=f9eb088d2f225fc82e7af7506a7457d0'), ('XDG_DATA_DIRS', '/usr/share/ubuntu:/usr/share/gnome:/home/autopilot03/.local/share/flatpak/exports/share:/var/lib/flatpak/exports/share:/usr/local/share/:/usr/share/:/var/lib/snapd/desktop'), ('PYTHONPATH', '/opt/ros/humble/lib/python3.10/site-packages:/opt/ros/humble/local/lib/python3.10/dist-packages'), ('COLCON', '1'), ('VTE_VERSION', '6800'), ('CMAKE_PREFIX_PATH', '/opt/ros/humble')]), 'shell': False}
[88.417574] (camera_driver) StdoutLine: {'line': b'-- Install configuration: "Release"\n'}
[88.418011] (camera_driver) StdoutLine: {'line': b'-- Up-to-date: /home/autopilot03/Desktop/f1tenth_test0806/f1tenth_project_repo/install/camera_driver/include\n'}
[88.418473] (camera_driver) StdoutLine: {'line': b'-- Up-to-date: /home/autopilot03/Desktop/f1tenth_test0806/f1tenth_project_repo/install/camera_driver/include/camera_driver\n'}
[88.418655] (camera_driver) StdoutLine: {'line': b'-- Up-to-date: /home/autopilot03/Desktop/f1tenth_test0806/f1tenth_project_repo/install/camera_driver/include/camera_driver/imu_image_stabilizer.hpp\n'}
[88.418808] (camera_driver) StdoutLine: {'line': b'-- Up-to-date: /home/autopilot03/Desktop/f1tenth_test0806/f1tenth_project_repo/install/camera_driver/include/camera_driver/visibility_control.hpp\n'}
[88.418949] (camera_driver) StdoutLine: {'line': b'-- Up-to-date: /home/autopilot03/Desktop/f1tenth_test0806/f1tenth_project_repo/install/camera_driver/include/camera_driver/camera_driver_node.hpp\n'}
[88.419112] (camera_driver) StdoutLine: {'line': b'-- Up-to-date: /home/autopilot03/Desktop/f1tenth_test0806/f1tenth_project_repo/install/camera_driver/share/camera_driver/config\n'}
[88.419249] (camera_driver) StdoutLine: {'line': b'-- Up-to-date: /home/autopilot03/Desktop/f1tenth_test0806/f1tenth_project_repo/install/camera_driver/share/camera_driver/config/camera_config.yaml\n'}
[88.419383] (camera_driver) StdoutLine: {'line': b'-- Up-to-date: /home/autopilot03/Desktop/f1tenth_test0806/f1tenth_project_repo/install/camera_driver/share/camera_driver/launch\n'}
[88.419535] (camera_driver) StdoutLine: {'line': b'-- Up-to-date: /home/autopilot03/Desktop/f1tenth_test0806/f1tenth_project_repo/install/camera_driver/share/camera_driver/launch/camera_driver.launch.py\n'}
[88.419728] (camera_driver) StdoutLine: {'line': b'-- Installing: /home/autopilot03/Desktop/f1tenth_test0806/f1tenth_project_repo/install/camera_driver/lib/libcamera_imu_stabilizer.a\n'}
[88.419886] (camera_driver) StdoutLine: {'line': b'-- Installing: /home/autopilot03/Desktop/f1tenth_test0806/f1tenth_project_repo/install/camera_driver/lib/libcamera_driver_component.so\n'}
[88.421579] (camera_driver) StdoutLine: {'line': b'-- Set runtime path of "/home/autopilot03/Desktop/f1tenth_test0806/f1tenth_project_repo/install/camera_driver/lib/libcamera_driver_component.so" to ""\n'}
[88.421902] (camera_driver) StdoutLine: {'line': b'-- Installing: /home/autopilot03/Desktop/f1tenth_test0806/f1tenth_project_repo/install/camera_driver/lib/camera_driver/camera_driver_node\n'}
[88.422698] (camera_driver) StdoutLine: {'line': b'-- Set runtime path of "/home/autopilot03/Desktop/f1tenth_test0806/f1tenth_project_repo/install/camera_driver/lib/camera_driver/camera_driver_node" to ""\n'}
[88.422905] (camera_driver) StdoutLine: {'line': b'-- Up-to-date: /home/autopilot03/Desktop/f1tenth_test0806/f1tenth_project_repo/install/camera_driver/share/camera_driver/environment/library_path.sh\n'}
[88.423079] (camera_driver) StdoutLine: {'line': b'-- Installing: /home/autopilot03/Desktop/f1tenth_test0806/f1tenth_project_repo/install/camera_driver/share/camera_driver/environment/library_path.dsv\n'}
[88.423317] (camera_driver) StdoutLine: {'line': b'-- Up-to-date: /home/autopilot03/Desktop/f1tenth_test0806/f1tenth_project_repo/install/camera_driver/share/ament_index/resource_index/package_run_dependencies/camera_driver\n'}
[88.423497] (camera_driver) StdoutLine: {'line': b'-- Installing: /home/autopilot03/Desktop/f1tenth_test0806/f1tenth_project_repo/install/camera_driver/share/ament_index/resource_index/parent_prefix_path/camera_driver\n'}
[88.423797] (camera_driver) StdoutLine: {'line': b'-- Up-to-date: /home/autopilot03/Desktop/f1tenth_test0806/f1tenth_project_repo/install/camera_driver/share/camera_driver/environment/ament_prefix_path.sh\n'}
[88.423971] (camera_driver) StdoutLine: {'line': b'-- Installing: /home/autopilot03/Desktop/f1tenth_test0806/f1tenth_project_repo/install/camera_driver/share/camera_driver/environment/ament_prefix_path.dsv\n'}
[88.424215] (camera_driver) StdoutLine: {'line': b'-- Up-to-date: /home/autopilot03/Desktop/f1tenth_test0806/f1tenth_project_repo/install/camera_driver/share/camera_driver/environment/path.sh\n'}
[88.424388] (camera_driver) StdoutLine: {'line': b'-- Installing: /home/autopilot03/Desktop/f1tenth_test0806/f1tenth_project_repo/install/camera_driver/share/camera_driver/environment/path.dsv\n'}
[88.424637] (camera_driver) StdoutLine: {'line': b'-- Up-to-date: /home/autopilot03/Desktop/f1tenth_test0806/f1tenth_project_repo/install/camera_driver/share/camera_driver/local_setup.bash\n'}
[88.424812] (camera_driver) StdoutLine: {'line': b'-- Installing: /home/autopilot03/Desktop/f1tenth_test0806/f1tenth_project_repo/install/camera_driver/share/camera_driver/local_setup.sh\n'}
[88.425072] (camera_driver) StdoutLine: {'line': b'-- Up-to-date: /home/autopilot03/Desktop/f1tenth_test0806/f1tenth_project_repo/install/camera_driver/share/camera_driver/local_setup.zsh\n'}
[88.425251] (camera_driver) StdoutLine: {'line': b'-- Installing: /home/autopilot03/Desktop/f1tenth_test0806/f1tenth_project_repo/install/camera_driver/share/camera_driver/local_setup.dsv\n'}
[88.425485] (camera_driver) StdoutLine: {'line': b'-- Installing: /home/autopilot03/Desktop/f1tenth_test0806/f1tenth_project_repo/install/camera_driver/share/camera_driver/package.dsv\n'}
[88.425818] (camera_driver) StdoutLine: {'line': b'-- Up-to-date: /home/autopilot03/Desktop/f1tenth_test0806/f1tenth_project_repo/install/camera_driver/share/ament_index/resource_index/packages/camera_driver\n'}
[88.426030] (camera_driver) StdoutLine: {'line': b'-- Up-to-date: /home/autopilot03/Desktop/f1tenth_test0806/f1tenth_project_repo/install/camera_driver/share/ament_index/resource_index/rclcpp_components/camera_driver\n'}
[88.426202] (camera_driver) StdoutLine: {'line': b'-- Up-to-date: /home/autopilot03/Desktop/f1tenth_test0806/f1tenth_project_repo/install/camera_driver/share/camera_driver/cmake/export_camera_driverExport.cmake\n'}
[88.426421] (camera_driver) StdoutLine: {'line': b'-- Up-to-date: /home/autopilot03/Desktop/f1tenth_test0806/f1tenth_project_repo/install/camera_driver/share/camera_driver/cmake/export_camera_driverExport-release.cmake\n'}
[88.426621] (camera_driver) StdoutLine: {'line': b'-- Up-to-date: /home/autopilot03/Desktop/f1tenth_test0806/f1tenth_project_repo/install/camera_driver/share/camera_driver/cmake/ament_cmake_export_targets-extras.cmake\n'}
[88.426812] (camera_driver) StdoutLine: {'line': b'-- Up-to-date: /home/autopilot03/Desktop/f1tenth_test0806/f1tenth_project_repo/install/camera_driver/share/camera_driver/cmake/ament_cmake_export_dependencies-extras.cmake\n'}
[88.426952] (camera_driver) StdoutLine: {'line': b'-- Up-to-date: /home/autopilot03/Desktop/f1tenth_test0806/f1tenth_project_repo/install/camera_driver/share/camera_driver/cmake/camera_driverConfig.cmake\n'}
[88.427087] (camera_driver) StdoutLine: {'line': b'-- Up-to-date: /home/autopilot03/Desktop/f1tenth_test0806/f1tenth_project_repo/install/camera_driver/share/camera_driver/cmake/camera_driverConfig-version.cmake\n'}
[88.427217] (camera_driver) StdoutLine: {'line': b'-- Up-to-date: /home/autopilot03/Desktop/f1tenth_test0806/f1tenth_project_repo/install/camera_driver/share/camera_driver/package.xml\n'}
[88.431246] (camera_driver) CommandEnded: {'returncode': 0}
[88.496813] (-) TimerEvent: {}
[88.509583] (camera_driver) JobEnded: {'identifier': 'camera_driver', 'rc': 0}
[88.513268] (bev_processor) JobStarted: {'identifier': 'bev_processor'}
[88.528129] (bev_processor) JobProgress: {'identifier': 'bev_processor', 'progress': 'cmake'}
[88.528965] (bev_processor) Command: {'cmd': ['/usr/bin/cmake', '/home/autopilot03/Desktop/f1tenth_test0806/f1tenth_project_repo/src/bev_processor', '-DCMAKE_BUILD_TYPE=Release', '-DCMAKE_CUDA_COMPILER=/usr/local/cuda/bin/nvcc', '-DCMAKE_INSTALL_PREFIX=/home/autopilot03/Desktop/f1tenth_test0806/f1tenth_project_repo/install/bev_processor'], 'cwd': '/home/autopilot03/Desktop/f1tenth_test0806/f1tenth_project_repo/build/bev_processor', 'env': OrderedDict([('OPENBLAS_CORETYPE', 'ARMV8'), ('LESSOPEN', '| /usr/bin/lesspipe %s'), ('USER', 'autopilot03'), ('XDG_SESSION_TYPE', 'x11'), ('SHLVL', '1'), ('LD_LIBRARY_PATH', '/home/autopilot03/Desktop/f1tenth_test0806/f1tenth_project_repo/install/camera_driver/lib:/opt/ros/humble/opt/rviz_ogre_vendor/lib:/opt/ros/humble/lib/aarch64-linux-gnu:/opt/ros/humble/lib:/usr/local/cuda/lib64'), ('HOME', '/home/autopilot03'), ('DESKTOP_SESSION', 'ubuntu'), ('ROS_PYTHON_VERSION', '3'), ('GNOME_SHELL_SESSION_MODE', 'ubuntu'), ('GTK_MODULES', 'gail:atk-bridge'), ('DBUS_STARTER_BUS_TYPE', 'session'), ('SYSTEMD_EXEC_PID', '3110'), ('DBUS_SESSION_BUS_ADDRESS', 'unix:path=/run/user/1000/bus,guid=f9eb088d2f225fc82e7af7506a7457d0'), ('COLORTERM', 'truecolor'), ('IM_CONFIG_PHASE', '1'), ('ROS_DISTRO', 'humble'), ('GTK_IM_MODULE', 'ibus'), ('LOGNAME', 'autopilot03'), ('_', '/usr/bin/colcon'), ('ROS_VERSION', '2'), ('XDG_SESSION_CLASS', 'user'), ('USERNAME', 'autopilot03'), ('TERM', 'xterm-256color'), ('GNOME_DESKTOP_SESSION_ID', 'this-is-deprecated'), ('ROS_LOCALHOST_ONLY', '0'), ('WINDOWPATH', '2'), ('PATH', '/opt/ros/humble/bin:/usr/local/cuda/bin:/home/autopilot03/.local/bin:/usr/local/sbin:/usr/local/bin:/usr/sbin:/usr/bin:/sbin:/bin:/usr/games:/usr/local/games:/snap/bin:/snap/bin'), ('SESSION_MANAGER', 'local/autopilot03-desktop:@/tmp/.ICE-unix/3110,unix/autopilot03-desktop:/tmp/.ICE-unix/3110'), ('XDG_MENU_PREFIX', 'gnome-'), ('GNOME_TERMINAL_SCREEN', '/org/gnome/Terminal/screen/db356585_f77b_44f1_8d1c_dd796ba74ff0'), ('XDG_RUNTIME_DIR', '/run/user/1000'), ('DISPLAY', ':1'), ('LANG', 'en_US.UTF-8'), ('XDG_CURRENT_DESKTOP', 'ubuntu:GNOME'), ('XMODIFIERS', '@im=ibus'), ('XDG_SESSION_DESKTOP', 'ubuntu'), ('XAUTHORITY', '/run/user/1000/gdm/Xauthority'), ('LS_COLORS', 'rs=0:di=01;34:ln=01;36:mh=00:pi=40;33:so=01;35:do=01;35:bd=40;33;01:cd=40;33;01:or=40;31;01:mi=00:su=37;41:sg=30;43:ca=30;41:tw=30;42:ow=34;42:st=37;44:ex=01;32:*.tar=01;31:*.tgz=01;31:*.arc=01;31:*.arj=01;31:*.taz=01;31:*.lha=01;31:*.lz4=01;31:*.lzh=01;31:*.lzma=01;31:*.tlz=01;31:*.txz=01;31:*.tzo=01;31:*.t7z=01;31:*.zip=01;31:*.z=01;31:*.dz=01;31:*.gz=01;31:*.lrz=01;31:*.lz=01;31:*.lzo=01;31:*.xz=01;31:*.zst=01;31:*.tzst=01;31:*.bz2=01;31:*.bz=01;31:*.tbz=01;31:*.tbz2=01;31:*.tz=01;31:*.deb=01;31:*.rpm=01;31:*.jar=01;31:*.war=01;31:*.ear=01;31:*.sar=01;31:*.rar=01;31:*.alz=01;31:*.ace=01;31:*.zoo=01;31:*.cpio=01;31:*.7z=01;31:*.rz=01;31:*.cab=01;31:*.wim=01;31:*.swm=01;31:*.dwm=01;31:*.esd=01;31:*.jpg=01;35:*.jpeg=01;35:*.mjpg=01;35:*.mjpeg=01;35:*.gif=01;35:*.bmp=01;35:*.pbm=01;35:*.pgm=01;35:*.ppm=01;35:*.tga=01;35:*.xbm=01;35:*.xpm=01;35:*.tif=01;35:*.tiff=01;35:*.png=01;35:*.svg=01;35:*.svgz=01;35:*.mng=01;35:*.pcx=01;35:*.mov=01;35:*.mpg=01;35:*.mpeg=01;35:*.m2v=01;35:*.mkv=01;35:*.webm=01;35:*.webp=01;35:*.ogm=01;35:*.mp4=01;35:*.m4v=01;35:*.mp4v=01;35:*.vob=01;35:*.qt=01;35:*.nuv=01;35:*.wmv=01;35:*.asf=01;35:*.rm=01;35:*.rmvb=01;35:*.flc=01;35:*.avi=01;35:*.fli=01;35:*.flv=01;35:*.gl=01;35:*.dl=01;35:*.xcf=01;35:*.xwd=01;35:*.yuv=01;35:*.cgm=01;35:*.emf=01;35:*.ogv=01;35:*.ogx=01;35:*.aac=00;36:*.au=00;36:*.flac=00;36:*.m4a=00;36:*.mid=00;36:*.midi=00;36:*.mka=00;36:*.mp3=00;36:*.mpc=00;36:*.ogg=00;36:*.ra=00;36:*.wav=00;36:*.oga=00;36:*.opus=00;36:*.spx=00;36:*.xspf=00;36:'), ('GNOME_TERMINAL_SERVICE', ':1.104'), ('SSH_AGENT_LAUNCHER', 'gnome-keyring'), ('SSH_AUTH_SOCK', '/run/user/1000/keyring/ssh'), ('AMENT_PREFIX_PATH', '/home/autopilot03/Desktop/f1tenth_test0806/f1tenth_project_repo/install/camera_driver:/opt/ros/humble'), ('SHELL', '/bin/bash'), ('QT_ACCESSIBILITY', '1'), ('GDMSESSION', 'ubuntu'), ('LESSCLOSE', '/usr/bin/lesspipe %s %s'), ('GPG_AGENT_INFO', '/run/user/1000/gnupg/S.gpg-agent:0:1'), ('QT_IM_MODULE', 'ibus'), ('PWD', '/home/autopilot03/Desktop/f1tenth_test0806/f1tenth_project_repo/build/bev_processor'), ('LC_ALL', 'en_US.UTF-8'), ('XDG_CONFIG_DIRS', '/etc/xdg/xdg-ubuntu:/etc/xdg'), ('DBUS_STARTER_ADDRESS', 'unix:path=/run/user/1000/bus,guid=f9eb088d2f225fc82e7af7506a7457d0'), ('XDG_DATA_DIRS', '/usr/share/ubuntu:/usr/share/gnome:/home/autopilot03/.local/share/flatpak/exports/share:/var/lib/flatpak/exports/share:/usr/local/share/:/usr/share/:/var/lib/snapd/desktop'), ('PYTHONPATH', '/opt/ros/humble/lib/python3.10/site-packages:/opt/ros/humble/local/lib/python3.10/dist-packages'), ('COLCON', '1'), ('VTE_VERSION', '6800'), ('CMAKE_PREFIX_PATH', '/home/autopilot03/Desktop/f1tenth_test0806/f1tenth_project_repo/install/camera_driver:/opt/ros/humble')]), 'shell': False}
[88.597003] (-) TimerEvent: {}
[88.662977] (bev_processor) StdoutLine: {'line': b'-- The CXX compiler identification is GNU 11.4.0\n'}
[88.697191] (-) TimerEvent: {}
[88.797891] (-) TimerEvent: {}
[88.898630] (-) TimerEvent: {}
[88.999293] (-) TimerEvent: {}
[89.099997] (-) TimerEvent: {}
[89.200678] (-) TimerEvent: {}
[89.301601] (-) TimerEvent: {}
[89.402324] (-) TimerEvent: {}
[89.503011] (-) TimerEvent: {}
[89.603654] (-) TimerEvent: {}
[89.704432] (-) TimerEvent: {}
[89.805146] (-) TimerEvent: {}
[89.905826] (-) TimerEvent: {}
[90.006583] (-) TimerEvent: {}
[90.107268] (-) TimerEvent: {}
[90.207968] (-) TimerEvent: {}
[90.308639] (-) TimerEvent: {}
[90.409413] (-) TimerEvent: {}
[90.510370] (-) TimerEvent: {}
[90.611051] (-) TimerEvent: {}
[90.711729] (-) TimerEvent: {}
[90.812672] (-) TimerEvent: {}
[90.913381] (-) TimerEvent: {}
[91.014052] (-) TimerEvent: {}
[91.089415] (bev_processor) StdoutLine: {'line': b'-- The CUDA compiler identification is NVIDIA 12.6.68\n'}
[91.105354] (bev_processor) StdoutLine: {'line': b'-- Detecting CXX compiler ABI info\n'}
[91.114122] (-) TimerEvent: {}
[91.214668] (-) TimerEvent: {}
[91.263632] (bev_processor) StdoutLine: {'line': b'-- Detecting CXX compiler ABI info - done\n'}
[91.287693] (bev_processor) StdoutLine: {'line': b'-- Check for working CXX compiler: /usr/bin/c++ - skipped\n'}
[91.288519] (bev_processor) StdoutLine: {'line': b'-- Detecting CXX compile features\n'}
[91.290366] (bev_processor) StdoutLine: {'line': b'-- Detecting CXX compile features - done\n'}
[91.301959] (bev_processor) StdoutLine: {'line': b'-- Detecting CUDA compiler ABI info\n'}
[91.314776] (-) TimerEvent: {}
[91.415404] (-) TimerEvent: {}
[91.516053] (-) TimerEvent: {}
[91.616698] (-) TimerEvent: {}
[91.717382] (-) TimerEvent: {}
[91.818075] (-) TimerEvent: {}
[91.918788] (-) TimerEvent: {}
[92.019510] (-) TimerEvent: {}
[92.120949] (-) TimerEvent: {}
[92.221674] (-) TimerEvent: {}
[92.323016] (-) TimerEvent: {}
[92.423873] (-) TimerEvent: {}
[92.524592] (-) TimerEvent: {}
[92.625292] (-) TimerEvent: {}
[92.725981] (-) TimerEvent: {}
[92.826702] (-) TimerEvent: {}
[92.927619] (-) TimerEvent: {}
[93.028536] (-) TimerEvent: {}
[93.129233] (-) TimerEvent: {}
[93.230116] (-) TimerEvent: {}
[93.331170] (-) TimerEvent: {}
[93.431917] (-) TimerEvent: {}
[93.533359] (-) TimerEvent: {}
[93.559259] (bev_processor) StdoutLine: {'line': b'-- Detecting CUDA compiler ABI info - done\n'}
[93.619391] (bev_processor) StdoutLine: {'line': b'-- Check for working CUDA compiler: /usr/local/cuda/bin/nvcc - skipped\n'}
[93.619915] (bev_processor) StdoutLine: {'line': b'-- Detecting CUDA compile features\n'}
[93.620544] (bev_processor) StdoutLine: {'line': b'-- Detecting CUDA compile features - done\n'}
[93.624654] (bev_processor) StdoutLine: {'line': b'-- Found ament_cmake: 1.3.14 (/opt/ros/humble/share/ament_cmake/cmake)\n'}
[93.633444] (-) TimerEvent: {}
[93.733965] (-) TimerEvent: {}
[93.834758] (-) TimerEvent: {}
[93.935400] (-) TimerEvent: {}
[94.009446] (bev_processor) StdoutLine: {'line': b'-- Found Python3: /usr/bin/python3 (found version "3.10.12") found components: Interpreter \n'}
[94.035565] (-) TimerEvent: {}
[94.136181] (-) TimerEvent: {}
[94.215550] (bev_processor) StdoutLine: {'line': b'-- Found CUDAToolkit: /usr/local/cuda/include (found version "12.6.68") \n'}
[94.236305] (-) TimerEvent: {}
[94.246872] (bev_processor) StdoutLine: {'line': b'-- Looking for C++ include pthread.h\n'}
[94.336502] (-) TimerEvent: {}
[94.429850] (bev_processor) StdoutLine: {'line': b'-- Looking for C++ include pthread.h - found\n'}
[94.430919] (bev_processor) StdoutLine: {'line': b'-- Performing Test CMAKE_HAVE_LIBC_PTHREAD\n'}
[94.436572] (-) TimerEvent: {}
[94.537167] (-) TimerEvent: {}
[94.628367] (bev_processor) StdoutLine: {'line': b'-- Performing Test CMAKE_HAVE_LIBC_PTHREAD - Success\n'}
[94.631751] (bev_processor) StdoutLine: {'line': b'-- Found Threads: TRUE  \n'}
[94.637584] (-) TimerEvent: {}
[94.738354] (-) TimerEvent: {}
[94.743641] (bev_processor) StdoutLine: {'line': b'-- Found OpenCV: /usr (found suitable version "4.8.0", minimum required is "4") found components: core highgui imgproc \n'}
[94.745994] (bev_processor) StdoutLine: {'line': b'-- Found rclcpp: 16.0.19 (/opt/ros/humble/share/rclcpp/cmake)\n'}
[94.814291] (bev_processor) StdoutLine: {'line': b'-- Found rosidl_generator_c: 3.1.8 (/opt/ros/humble/share/rosidl_generator_c/cmake)\n'}
[94.823238] (bev_processor) StdoutLine: {'line': b'-- Found rosidl_adapter: 3.1.8 (/opt/ros/humble/share/rosidl_adapter/cmake)\n'}
[94.838611] (-) TimerEvent: {}
[94.840628] (bev_processor) StdoutLine: {'line': b'-- Found rosidl_generator_cpp: 3.1.8 (/opt/ros/humble/share/rosidl_generator_cpp/cmake)\n'}
[94.865278] (bev_processor) StdoutLine: {'line': b'-- Using all available rosidl_typesupport_c: rosidl_typesupport_fastrtps_c;rosidl_typesupport_introspection_c\n'}
[94.899292] (bev_processor) StdoutLine: {'line': b'-- Using all available rosidl_typesupport_cpp: rosidl_typesupport_fastrtps_cpp;rosidl_typesupport_introspection_cpp\n'}
[94.938828] (-) TimerEvent: {}
[94.989895] (bev_processor) StdoutLine: {'line': b'-- Found rmw_implementation_cmake: 6.1.2 (/opt/ros/humble/share/rmw_implementation_cmake/cmake)\n'}
[94.994853] (bev_processor) StdoutLine: {'line': b'-- Found rmw_fastrtps_cpp: 6.2.10 (/opt/ros/humble/share/rmw_fastrtps_cpp/cmake)\n'}
[95.039103] (-) TimerEvent: {}
[95.139946] (-) TimerEvent: {}
[95.173417] (bev_processor) StdoutLine: {'line': b'-- Found OpenSSL: /usr/lib/aarch64-linux-gnu/libcrypto.so (found version "3.0.2")  \n'}
[95.230779] (bev_processor) StdoutLine: {'line': b'-- Found FastRTPS: /opt/ros/humble/include  \n'}
[95.240038] (-) TimerEvent: {}
[95.319573] (bev_processor) StdoutLine: {'line': b"-- Using RMW implementation 'rmw_fastrtps_cpp' as default\n"}
[95.340274] (-) TimerEvent: {}
[95.441059] (-) TimerEvent: {}
[95.448441] (bev_processor) StdoutLine: {'line': b'-- Found rclcpp_components: 16.0.19 (/opt/ros/humble/share/rclcpp_components/cmake)\n'}
[95.506795] (bev_processor) StdoutLine: {'line': b'-- Found sensor_msgs: 4.9.1 (/opt/ros/humble/share/sensor_msgs/cmake)\n'}
[95.541192] (-) TimerEvent: {}
[95.600606] (bev_processor) StdoutLine: {'line': b'-- Performing Test arch_native_supported\n'}
[95.641398] (-) TimerEvent: {}
[95.742627] (-) TimerEvent: {}
[95.756501] (bev_processor) StdoutLine: {'line': b'-- Performing Test arch_native_supported - Success\n'}
[95.842659] (-) TimerEvent: {}
[95.943450] (-) TimerEvent: {}
[95.945702] (bev_processor) StdoutLine: {'line': b'-- Configuring done\n'}
[96.040649] (bev_processor) StdoutLine: {'line': b'-- Generating done\n'}
[96.043574] (-) TimerEvent: {}
[96.063404] (bev_processor) StdoutLine: {'line': b'-- Build files have been written to: /home/autopilot03/Desktop/f1tenth_test0806/f1tenth_project_repo/build/bev_processor\n'}
[96.097054] (bev_processor) CommandEnded: {'returncode': 0}
[96.099215] (bev_processor) JobProgress: {'identifier': 'bev_processor', 'progress': 'build'}
[96.100208] (bev_processor) Command: {'cmd': ['/usr/bin/cmake', '--build', '/home/autopilot03/Desktop/f1tenth_test0806/f1tenth_project_repo/build/bev_processor', '--', '-j6', '-l6'], 'cwd': '/home/autopilot03/Desktop/f1tenth_test0806/f1tenth_project_repo/build/bev_processor', 'env': OrderedDict([('OPENBLAS_CORETYPE', 'ARMV8'), ('LESSOPEN', '| /usr/bin/lesspipe %s'), ('USER', 'autopilot03'), ('XDG_SESSION_TYPE', 'x11'), ('SHLVL', '1'), ('LD_LIBRARY_PATH', '/home/autopilot03/Desktop/f1tenth_test0806/f1tenth_project_repo/install/camera_driver/lib:/opt/ros/humble/opt/rviz_ogre_vendor/lib:/opt/ros/humble/lib/aarch64-linux-gnu:/opt/ros/humble/lib:/usr/local/cuda/lib64'), ('HOME', '/home/autopilot03'), ('DESKTOP_SESSION', 'ubuntu'), ('ROS_PYTHON_VERSION', '3'), ('GNOME_SHELL_SESSION_MODE', 'ubuntu'), ('GTK_MODULES', 'gail:atk-bridge'), ('DBUS_STARTER_BUS_TYPE', 'session'), ('SYSTEMD_EXEC_PID', '3110'), ('DBUS_SESSION_BUS_ADDRESS', 'unix:path=/run/user/1000/bus,guid=f9eb088d2f225fc82e7af7506a7457d0'), ('COLORTERM', 'truecolor'), ('IM_CONFIG_PHASE', '1'), ('ROS_DISTRO', 'humble'), ('GTK_IM_MODULE', 'ibus'), ('LOGNAME', 'autopilot03'), ('_', '/usr/bin/colcon'), ('ROS_VERSION', '2'), ('XDG_SESSION_CLASS', 'user'), ('USERNAME', 'autopilot03'), ('TERM', 'xterm-256color'), ('GNOME_DESKTOP_SESSION_ID', 'this-is-deprecated'), ('ROS_LOCALHOST_ONLY', '0'), ('WINDOWPATH', '2'), ('PATH', '/opt/ros/humble/bin:/usr/local/cuda/bin:/home/autopilot03/.local/bin:/usr/local/sbin:/usr/local/bin:/usr/sbin:/usr/bin:/sbin:/bin:/usr/games:/usr/local/games:/snap/bin:/snap/bin'), ('SESSION_MANAGER', 'local/autopilot03-desktop:@/tmp/.ICE-unix/3110,unix/autopilot03-desktop:/tmp/.ICE-unix/3110'), ('XDG_MENU_PREFIX', 'gnome-'), ('GNOME_TERMINAL_SCREEN', '/org/gnome/Terminal/screen/db356585_f77b_44f1_8d1c_dd796ba74ff0'), ('XDG_RUNTIME_DIR', '/run/user/1000'), ('DISPLAY', ':1'), ('LANG', 'en_US.UTF-8'), ('XDG_CURRENT_DESKTOP', 'ubuntu:GNOME'), ('XMODIFIERS', '@im=ibus'), ('XDG_SESSION_DESKTOP', 'ubuntu'), ('XAUTHORITY', '/run/user/1000/gdm/Xauthority'), ('LS_COLORS', 'rs=0:di=01;34:ln=01;36:mh=00:pi=40;33:so=01;35:do=01;35:bd=40;33;01:cd=40;33;01:or=40;31;01:mi=00:su=37;41:sg=30;43:ca=30;41:tw=30;42:ow=34;42:st=37;44:ex=01;32:*.tar=01;31:*.tgz=01;31:*.arc=01;31:*.arj=01;31:*.taz=01;31:*.lha=01;31:*.lz4=01;31:*.lzh=01;31:*.lzma=01;31:*.tlz=01;31:*.txz=01;31:*.tzo=01;31:*.t7z=01;31:*.zip=01;31:*.z=01;31:*.dz=01;31:*.gz=01;31:*.lrz=01;31:*.lz=01;31:*.lzo=01;31:*.xz=01;31:*.zst=01;31:*.tzst=01;31:*.bz2=01;31:*.bz=01;31:*.tbz=01;31:*.tbz2=01;31:*.tz=01;31:*.deb=01;31:*.rpm=01;31:*.jar=01;31:*.war=01;31:*.ear=01;31:*.sar=01;31:*.rar=01;31:*.alz=01;31:*.ace=01;31:*.zoo=01;31:*.cpio=01;31:*.7z=01;31:*.rz=01;31:*.cab=01;31:*.wim=01;31:*.swm=01;31:*.dwm=01;31:*.esd=01;31:*.jpg=01;35:*.jpeg=01;35:*.mjpg=01;35:*.mjpeg=01;35:*.gif=01;35:*.bmp=01;35:*.pbm=01;35:*.pgm=01;35:*.ppm=01;35:*.tga=01;35:*.xbm=01;35:*.xpm=01;35:*.tif=01;35:*.tiff=01;35:*.png=01;35:*.svg=01;35:*.svgz=01;35:*.mng=01;35:*.pcx=01;35:*.mov=01;35:*.mpg=01;35:*.mpeg=01;35:*.m2v=01;35:*.mkv=01;35:*.webm=01;35:*.webp=01;35:*.ogm=01;35:*.mp4=01;35:*.m4v=01;35:*.mp4v=01;35:*.vob=01;35:*.qt=01;35:*.nuv=01;35:*.wmv=01;35:*.asf=01;35:*.rm=01;35:*.rmvb=01;35:*.flc=01;35:*.avi=01;35:*.fli=01;35:*.flv=01;35:*.gl=01;35:*.dl=01;35:*.xcf=01;35:*.xwd=01;35:*.yuv=01;35:*.cgm=01;35:*.emf=01;35:*.ogv=01;35:*.ogx=01;35:*.aac=00;36:*.au=00;36:*.flac=00;36:*.m4a=00;36:*.mid=00;36:*.midi=00;36:*.mka=00;36:*.mp3=00;36:*.mpc=00;36:*.ogg=00;36:*.ra=00;36:*.wav=00;36:*.oga=00;36:*.opus=00;36:*.spx=00;36:*.xspf=00;36:'), ('GNOME_TERMINAL_SERVICE', ':1.104'), ('SSH_AGENT_LAUNCHER', 'gnome-keyring'), ('SSH_AUTH_SOCK', '/run/user/1000/keyring/ssh'), ('AMENT_PREFIX_PATH', '/home/autopilot03/Desktop/f1tenth_test0806/f1tenth_project_repo/install/camera_driver:/opt/ros/humble'), ('SHELL', '/bin/bash'), ('QT_ACCESSIBILITY', '1'), ('GDMSESSION', 'ubuntu'), ('LESSCLOSE', '/usr/bin/lesspipe %s %s'), ('GPG_AGENT_INFO', '/run/user/1000/gnupg/S.gpg-agent:0:1'), ('QT_IM_MODULE', 'ibus'), ('PWD', '/home/autopilot03/Desktop/f1tenth_test0806/f1tenth_project_repo/build/bev_processor'), ('LC_ALL', 'en_US.UTF-8'), ('XDG_CONFIG_DIRS', '/etc/xdg/xdg-ubuntu:/etc/xdg'), ('DBUS_STARTER_ADDRESS', 'unix:path=/run/user/1000/bus,guid=f9eb088d2f225fc82e7af7506a7457d0'), ('XDG_DATA_DIRS', '/usr/share/ubuntu:/usr/share/gnome:/home/autopilot03/.local/share/flatpak/exports/share:/var/lib/flatpak/exports/share:/usr/local/share/:/usr/share/:/var/lib/snapd/desktop'), ('PYTHONPATH', '/opt/ros/humble/lib/python3.10/site-packages:/opt/ros/humble/local/lib/python3.10/dist-packages'), ('COLCON', '1'), ('VTE_VERSION', '6800'), ('CMAKE_PREFIX_PATH', '/home/autopilot03/Desktop/f1tenth_test0806/f1tenth_project_repo/install/camera_driver:/opt/ros/humble')]), 'shell': False}
[96.143780] (-) TimerEvent: {}
[96.186832] (bev_processor) StdoutLine: {'line': b'\x1b[35m\x1b[1mConsolidate compiler generated dependencies of target bev_lane_reconstructor\x1b[0m\n'}
[96.187565] (bev_processor) StdoutLine: {'line': b'\x1b[35m\x1b[1mConsolidate compiler generated dependencies of target bev_geometry\x1b[0m\n'}
[96.188080] (bev_processor) StdoutLine: {'line': b'\x1b[35m\x1b[1mConsolidate compiler generated dependencies of target bev_startup_attitude\x1b[0m\n'}
[96.188323] (bev_processor) StdoutLine: {'line': b'\x1b[35m\x1b[1mConsolidate compiler generated dependencies of target bev_ground_plane\x1b[0m\n'}
[96.200228] (bev_processor) StdoutLine: {'line': b'\x1b[35m\x1b[1mConsolidate compiler generated dependencies of target bev_cuda\x1b[0m\n'}
[96.220167] (bev_processor) StdoutLine: {'line': b'[  9%] \x1b[32mBuilding CXX object CMakeFiles/bev_lane_reconstructor.dir/src/bev_lane_reconstructor.cpp.o\x1b[0m\n'}
[96.220771] (bev_processor) StdoutLine: {'line': b'[  9%] \x1b[32mBuilding CXX object CMakeFiles/bev_geometry.dir/src/bev_geometry.cpp.o\x1b[0m\n'}
[96.221108] (bev_processor) StdoutLine: {'line': b'[ 13%] \x1b[32mBuilding CXX object CMakeFiles/bev_startup_attitude.dir/src/startup_attitude.cpp.o\x1b[0m\n'}
[96.223202] (bev_processor) StdoutLine: {'line': b'[ 18%] \x1b[32mBuilding CXX object CMakeFiles/bev_ground_plane.dir/src/ground_plane_estimator.cpp.o\x1b[0m\n'}
[96.235162] (bev_processor) StdoutLine: {'line': b'[ 22%] \x1b[32mBuilding CUDA object CMakeFiles/bev_cuda.dir/src/cuda_bev_processor.cu.o\x1b[0m\n'}
[96.243971] (-) TimerEvent: {}
[96.344722] (-) TimerEvent: {}
[96.445809] (-) TimerEvent: {}
[96.546838] (-) TimerEvent: {}
[96.647794] (-) TimerEvent: {}
[96.748841] (-) TimerEvent: {}
[96.849939] (-) TimerEvent: {}
[96.950997] (-) TimerEvent: {}
[97.051960] (-) TimerEvent: {}
[97.153411] (-) TimerEvent: {}
[97.256603] (-) TimerEvent: {}
[97.358457] (-) TimerEvent: {}
[97.459222] (-) TimerEvent: {}
[97.560038] (-) TimerEvent: {}
[97.660898] (-) TimerEvent: {}
[97.761636] (-) TimerEvent: {}
[97.862745] (-) TimerEvent: {}
[97.963496] (-) TimerEvent: {}
[98.064382] (-) TimerEvent: {}
[98.165453] (-) TimerEvent: {}
[98.266663] (-) TimerEvent: {}
[98.367712] (-) TimerEvent: {}
[98.471006] (-) TimerEvent: {}
[98.572625] (-) TimerEvent: {}
[98.673657] (-) TimerEvent: {}
[98.774832] (-) TimerEvent: {}
[98.875885] (-) TimerEvent: {}
[98.976972] (-) TimerEvent: {}
[99.078079] (-) TimerEvent: {}
[99.179725] (-) TimerEvent: {}
[99.280780] (-) TimerEvent: {}
[99.381844] (-) TimerEvent: {}
[99.389721] (bev_processor) StdoutLine: {'line': b'[ 27%] \x1b[32m\x1b[1mLinking CXX static library libbev_startup_attitude.a\x1b[0m\n'}
[99.482039] (-) TimerEvent: {}
[99.521839] (bev_processor) StdoutLine: {'line': b'[ 27%] Built target bev_startup_attitude\n'}
[99.551663] (bev_processor) StdoutLine: {'line': b'\x1b[35m\x1b[1mConsolidate compiler generated dependencies of target startup_attitude_test\x1b[0m\n'}
[99.582386] (-) TimerEvent: {}
[99.595263] (bev_processor) StdoutLine: {'line': b'[ 31%] \x1b[32mBuilding CXX object CMakeFiles/startup_attitude_test.dir/test/startup_attitude_test.cpp.o\x1b[0m\n'}
[99.608296] (bev_processor) StdoutLine: {'line': b'[ 36%] \x1b[32m\x1b[1mLinking CXX static library libbev_geometry.a\x1b[0m\n'}
[99.683199] (-) TimerEvent: {}
[99.687834] (bev_processor) StdoutLine: {'line': b'[ 36%] Built target bev_geometry\n'}
[99.714358] (bev_processor) StdoutLine: {'line': b'\x1b[35m\x1b[1mConsolidate compiler generated dependencies of target bev_geometry_test\x1b[0m\n'}
[99.770274] (bev_processor) StdoutLine: {'line': b'[ 40%] \x1b[32mBuilding CXX object CMakeFiles/bev_geometry_test.dir/test/bev_geometry_test.cpp.o\x1b[0m\n'}
[99.783758] (-) TimerEvent: {}
[99.887180] (-) TimerEvent: {}
[99.988186] (-) TimerEvent: {}
[100.089208] (-) TimerEvent: {}
[100.190282] (-) TimerEvent: {}
[100.297845] (-) TimerEvent: {}
[100.402947] (-) TimerEvent: {}
[100.503954] (-) TimerEvent: {}
[100.605047] (-) TimerEvent: {}
[100.706064] (-) TimerEvent: {}
[100.807190] (-) TimerEvent: {}
[100.885613] (bev_processor) StdoutLine: {'line': b'[ 45%] \x1b[32m\x1b[1mLinking CXX static library libbev_ground_plane.a\x1b[0m\n'}
[100.907500] (-) TimerEvent: {}
[100.972168] (bev_processor) StdoutLine: {'line': b'[ 45%] Built target bev_ground_plane\n'}
[100.999431] (bev_processor) StdoutLine: {'line': b'\x1b[35m\x1b[1mConsolidate compiler generated dependencies of target bev_startup_measurement\x1b[0m\n'}
[101.004865] (bev_processor) StdoutLine: {'line': b'\x1b[35m\x1b[1mConsolidate compiler generated dependencies of target ground_plane_estimator_test\x1b[0m\n'}
[101.007610] (-) TimerEvent: {}
[101.054632] (bev_processor) StdoutLine: {'line': b'[ 50%] \x1b[32mBuilding CXX object CMakeFiles/ground_plane_estimator_test.dir/test/ground_plane_estimator_test.cpp.o\x1b[0m\n'}
[101.092670] (bev_processor) StdoutLine: {'line': b'[ 54%] \x1b[32mBuilding CXX object CMakeFiles/bev_startup_measurement.dir/src/oak_startup_measurement.cpp.o\x1b[0m\n'}
[101.107857] (-) TimerEvent: {}
[101.208944] (-) TimerEvent: {}
[101.310684] (-) TimerEvent: {}
[101.411448] (-) TimerEvent: {}
[101.494752] (bev_processor) StdoutLine: {'line': b'[ 59%] \x1b[32m\x1b[1mLinking CXX static library libbev_lane_reconstructor.a\x1b[0m\n'}
[101.511671] (-) TimerEvent: {}
[101.585329] (bev_processor) StdoutLine: {'line': b'[ 59%] Built target bev_lane_reconstructor\n'}
[101.610026] (bev_processor) StdoutLine: {'line': b'\x1b[35m\x1b[1mConsolidate compiler generated dependencies of target bev_lane_reconstructor_test\x1b[0m\n'}
[101.611840] (-) TimerEvent: {}
[101.643704] (bev_processor) StdoutLine: {'line': b'[ 63%] \x1b[32mBuilding CXX object CMakeFiles/bev_lane_reconstructor_test.dir/test/bev_lane_reconstructor_test.cpp.o\x1b[0m\n'}
[101.712082] (-) TimerEvent: {}
[101.813105] (-) TimerEvent: {}
[101.914170] (-) TimerEvent: {}
[102.014951] (-) TimerEvent: {}
[102.115849] (-) TimerEvent: {}
[102.216694] (-) TimerEvent: {}
[102.317815] (-) TimerEvent: {}
[102.418944] (-) TimerEvent: {}
[102.520014] (-) TimerEvent: {}
[102.621082] (-) TimerEvent: {}
[102.722108] (-) TimerEvent: {}
[102.823247] (-) TimerEvent: {}
[102.836889] (bev_processor) StdoutLine: {'line': b'[ 68%] \x1b[32m\x1b[1mLinking CXX executable bev_geometry_test\x1b[0m\n'}
[102.923454] (-) TimerEvent: {}
[103.024474] (-) TimerEvent: {}
[103.105685] (bev_processor) StdoutLine: {'line': b'[ 72%] \x1b[32m\x1b[1mLinking CXX executable startup_attitude_test\x1b[0m\n'}
[103.109763] (bev_processor) StdoutLine: {'line': b'[ 72%] Built target bev_geometry_test\n'}
[103.124669] (-) TimerEvent: {}
[103.225714] (-) TimerEvent: {}
[103.310667] (bev_processor) StdoutLine: {'line': b'[ 72%] Built target startup_attitude_test\n'}
[103.325895] (-) TimerEvent: {}
[103.426666] (-) TimerEvent: {}
[103.527370] (-) TimerEvent: {}
[103.628109] (-) TimerEvent: {}
[103.729122] (-) TimerEvent: {}
[103.830097] (-) TimerEvent: {}
[103.930851] (-) TimerEvent: {}
[104.031538] (-) TimerEvent: {}
[104.132538] (-) TimerEvent: {}
[104.233385] (-) TimerEvent: {}
[104.334244] (-) TimerEvent: {}
[104.435201] (-) TimerEvent: {}
[104.542082] (-) TimerEvent: {}
[104.642844] (-) TimerEvent: {}
[104.743553] (-) TimerEvent: {}
[104.822418] (bev_processor) StdoutLine: {'line': b'[ 77%] \x1b[32m\x1b[1mLinking CXX executable ground_plane_estimator_test\x1b[0m\n'}
[104.844572] (-) TimerEvent: {}
[104.946477] (-) TimerEvent: {}
[105.047754] (-) TimerEvent: {}
[105.068259] (bev_processor) StdoutLine: {'line': b'[ 77%] Built target ground_plane_estimator_test\n'}
[105.147971] (-) TimerEvent: {}
[105.250166] (-) TimerEvent: {}
[105.351421] (-) TimerEvent: {}
[105.452539] (-) TimerEvent: {}
[105.553615] (-) TimerEvent: {}
[105.654769] (-) TimerEvent: {}
[105.755701] (-) TimerEvent: {}
[105.857044] (-) TimerEvent: {}
[105.958640] (bev_processor) StdoutLine: {'line': b'[ 81%] \x1b[32m\x1b[1mLinking CUDA static library libbev_cuda.a\x1b[0m\n'}
[105.959423] (-) TimerEvent: {}
[106.060683] (-) TimerEvent: {}
[106.065561] (bev_processor) StdoutLine: {'line': b'[ 81%] Built target bev_cuda\n'}
[106.161808] (-) TimerEvent: {}
[106.262718] (-) TimerEvent: {}
[106.363494] (-) TimerEvent: {}
[106.395664] (bev_processor) StdoutLine: {'line': b'[ 86%] \x1b[32m\x1b[1mLinking CXX executable bev_lane_reconstructor_test\x1b[0m\n'}
[106.463702] (-) TimerEvent: {}
[106.564490] (-) TimerEvent: {}
[106.606699] (bev_processor) StdoutLine: {'line': b'[ 86%] Built target bev_lane_reconstructor_test\n'}
[106.664674] (-) TimerEvent: {}
[106.765367] (-) TimerEvent: {}
[106.866047] (-) TimerEvent: {}
[106.966957] (-) TimerEvent: {}
[107.068248] (-) TimerEvent: {}
[107.169003] (-) TimerEvent: {}
[107.269701] (-) TimerEvent: {}
[107.370393] (-) TimerEvent: {}
[107.471097] (-) TimerEvent: {}
[107.574890] (-) TimerEvent: {}
[107.675591] (-) TimerEvent: {}
[107.776311] (-) TimerEvent: {}
[107.876985] (-) TimerEvent: {}
[107.977942] (-) TimerEvent: {}
[108.078656] (-) TimerEvent: {}
[108.179395] (-) TimerEvent: {}
[108.280087] (-) TimerEvent: {}
[108.380760] (-) TimerEvent: {}
[108.481446] (-) TimerEvent: {}
[108.582135] (-) TimerEvent: {}
[108.682835] (-) TimerEvent: {}
[108.783507] (-) TimerEvent: {}
[108.884175] (-) TimerEvent: {}
[108.985022] (-) TimerEvent: {}
[109.086367] (-) TimerEvent: {}
[109.188618] (-) TimerEvent: {}
[109.289509] (-) TimerEvent: {}
[109.390252] (-) TimerEvent: {}
[109.491303] (-) TimerEvent: {}
[109.592006] (-) TimerEvent: {}
[109.692731] (-) TimerEvent: {}
[109.793470] (-) TimerEvent: {}
[109.894142] (-) TimerEvent: {}
[109.994920] (-) TimerEvent: {}
[110.095681] (-) TimerEvent: {}
[110.196600] (-) TimerEvent: {}
[110.297320] (-) TimerEvent: {}
[110.397987] (-) TimerEvent: {}
[110.499181] (-) TimerEvent: {}
[110.599882] (-) TimerEvent: {}
[110.700552] (-) TimerEvent: {}
[110.801275] (-) TimerEvent: {}
[110.901950] (-) TimerEvent: {}
[111.002623] (-) TimerEvent: {}
[111.103299] (-) TimerEvent: {}
[111.203975] (-) TimerEvent: {}
[111.304681] (-) TimerEvent: {}
[111.405491] (-) TimerEvent: {}
[111.506327] (-) TimerEvent: {}
[111.607913] (-) TimerEvent: {}
[111.708663] (-) TimerEvent: {}
[111.809383] (-) TimerEvent: {}
[111.910117] (-) TimerEvent: {}
[112.011209] (-) TimerEvent: {}
[112.111939] (-) TimerEvent: {}
[112.212696] (-) TimerEvent: {}
[112.313624] (-) TimerEvent: {}
[112.414927] (-) TimerEvent: {}
[112.515626] (-) TimerEvent: {}
[112.616762] (-) TimerEvent: {}
[112.717496] (-) TimerEvent: {}
[112.821401] (-) TimerEvent: {}
[112.922099] (-) TimerEvent: {}
[113.022812] (-) TimerEvent: {}
[113.123492] (-) TimerEvent: {}
[113.224188] (-) TimerEvent: {}
[113.324858] (-) TimerEvent: {}
[113.425547] (-) TimerEvent: {}
[113.526250] (-) TimerEvent: {}
[113.626923] (-) TimerEvent: {}
[113.727616] (-) TimerEvent: {}
[113.828433] (-) TimerEvent: {}
[113.929473] (-) TimerEvent: {}
[114.030663] (-) TimerEvent: {}
[114.131352] (-) TimerEvent: {}
[114.232045] (-) TimerEvent: {}
[114.332723] (-) TimerEvent: {}
[114.433427] (-) TimerEvent: {}
[114.534123] (-) TimerEvent: {}
[114.634829] (-) TimerEvent: {}
[114.735500] (-) TimerEvent: {}
[114.836184] (-) TimerEvent: {}
[114.936868] (-) TimerEvent: {}
[115.037561] (-) TimerEvent: {}
[115.138302] (-) TimerEvent: {}
[115.239091] (-) TimerEvent: {}
[115.339878] (-) TimerEvent: {}
[115.440677] (-) TimerEvent: {}
[115.541469] (-) TimerEvent: {}
[115.642386] (-) TimerEvent: {}
[115.743553] (-) TimerEvent: {}
[115.844506] (-) TimerEvent: {}
[115.946172] (-) TimerEvent: {}
[116.046904] (-) TimerEvent: {}
[116.147605] (-) TimerEvent: {}
[116.248319] (-) TimerEvent: {}
[116.349347] (-) TimerEvent: {}
[116.450410] (-) TimerEvent: {}
[116.551095] (-) TimerEvent: {}
[116.651774] (-) TimerEvent: {}
[116.752508] (-) TimerEvent: {}
[116.853160] (-) TimerEvent: {}
[116.953823] (-) TimerEvent: {}
[117.054524] (-) TimerEvent: {}
[117.155226] (-) TimerEvent: {}
[117.255923] (-) TimerEvent: {}
[117.356605] (-) TimerEvent: {}
[117.457290] (-) TimerEvent: {}
[117.557996] (-) TimerEvent: {}
[117.658701] (-) TimerEvent: {}
[117.759374] (-) TimerEvent: {}
[117.860065] (-) TimerEvent: {}
[117.960741] (-) TimerEvent: {}
[118.061413] (-) TimerEvent: {}
[118.162097] (-) TimerEvent: {}
[118.262817] (-) TimerEvent: {}
[118.363495] (-) TimerEvent: {}
[118.464152] (-) TimerEvent: {}
[118.564827] (-) TimerEvent: {}
[118.665498] (-) TimerEvent: {}
[118.766182] (-) TimerEvent: {}
[118.867039] (-) TimerEvent: {}
[118.967736] (-) TimerEvent: {}
[119.068623] (-) TimerEvent: {}
[119.169346] (-) TimerEvent: {}
[119.270056] (-) TimerEvent: {}
[119.370817] (-) TimerEvent: {}
[119.471523] (-) TimerEvent: {}
[119.572205] (-) TimerEvent: {}
[119.672869] (-) TimerEvent: {}
[119.773571] (-) TimerEvent: {}
[119.874294] (-) TimerEvent: {}
[119.974980] (-) TimerEvent: {}
[120.075673] (-) TimerEvent: {}
[120.176341] (-) TimerEvent: {}
[120.277000] (-) TimerEvent: {}
[120.377698] (-) TimerEvent: {}
[120.478390] (-) TimerEvent: {}
[120.579086] (-) TimerEvent: {}
[120.679772] (-) TimerEvent: {}
[120.780466] (-) TimerEvent: {}
[120.881171] (-) TimerEvent: {}
[120.981873] (-) TimerEvent: {}
[121.082604] (-) TimerEvent: {}
[121.183324] (-) TimerEvent: {}
[121.284038] (-) TimerEvent: {}
[121.384834] (-) TimerEvent: {}
[121.485540] (-) TimerEvent: {}
[121.586276] (-) TimerEvent: {}
[121.686967] (-) TimerEvent: {}
[121.787661] (-) TimerEvent: {}
[121.888339] (-) TimerEvent: {}
[121.989016] (-) TimerEvent: {}
[122.089683] (-) TimerEvent: {}
[122.190401] (-) TimerEvent: {}
[122.291089] (-) TimerEvent: {}
[122.391753] (-) TimerEvent: {}
[122.492443] (-) TimerEvent: {}
[122.593123] (-) TimerEvent: {}
[122.693807] (-) TimerEvent: {}
[122.794523] (-) TimerEvent: {}
[122.895203] (-) TimerEvent: {}
[122.995874] (-) TimerEvent: {}
[123.096551] (-) TimerEvent: {}
[123.197268] (-) TimerEvent: {}
[123.297955] (-) TimerEvent: {}
[123.398689] (-) TimerEvent: {}
[123.499381] (-) TimerEvent: {}
[123.600065] (-) TimerEvent: {}
[123.700794] (-) TimerEvent: {}
[123.801490] (-) TimerEvent: {}
[123.902168] (-) TimerEvent: {}
[124.002900] (-) TimerEvent: {}
[124.103651] (-) TimerEvent: {}
[124.204344] (-) TimerEvent: {}
[124.305046] (-) TimerEvent: {}
[124.405735] (-) TimerEvent: {}
[124.506411] (-) TimerEvent: {}
[124.607100] (-) TimerEvent: {}
[124.707781] (-) TimerEvent: {}
[124.808519] (-) TimerEvent: {}
[124.909225] (-) TimerEvent: {}
[125.009932] (-) TimerEvent: {}
[125.110610] (-) TimerEvent: {}
[125.211272] (-) TimerEvent: {}
[125.311951] (-) TimerEvent: {}
[125.412645] (-) TimerEvent: {}
[125.513472] (-) TimerEvent: {}
[125.614171] (-) TimerEvent: {}
[125.714902] (-) TimerEvent: {}
[125.815617] (-) TimerEvent: {}
[125.916289] (-) TimerEvent: {}
[126.016987] (-) TimerEvent: {}
[126.118926] (-) TimerEvent: {}
[126.220200] (-) TimerEvent: {}
[126.320889] (-) TimerEvent: {}
[126.421611] (-) TimerEvent: {}
[126.522377] (-) TimerEvent: {}
[126.623072] (-) TimerEvent: {}
[126.723774] (-) TimerEvent: {}
[126.824492] (-) TimerEvent: {}
[126.925188] (-) TimerEvent: {}
[127.025928] (-) TimerEvent: {}
[127.128619] (-) TimerEvent: {}
[127.229482] (-) TimerEvent: {}
[127.330386] (-) TimerEvent: {}
[127.431903] (-) TimerEvent: {}
[127.532863] (-) TimerEvent: {}
[127.633761] (-) TimerEvent: {}
[127.735790] (-) TimerEvent: {}
[127.836722] (-) TimerEvent: {}
[127.937548] (-) TimerEvent: {}
[128.038415] (-) TimerEvent: {}
[128.139338] (-) TimerEvent: {}
[128.240200] (-) TimerEvent: {}
[128.341361] (-) TimerEvent: {}
[128.442161] (-) TimerEvent: {}
[128.543009] (-) TimerEvent: {}
[128.643826] (-) TimerEvent: {}
[128.744693] (-) TimerEvent: {}
[128.845635] (-) TimerEvent: {}
[128.946915] (-) TimerEvent: {}
[129.047706] (-) TimerEvent: {}
[129.149791] (-) TimerEvent: {}
[129.250538] (-) TimerEvent: {}
[129.351251] (-) TimerEvent: {}
[129.452006] (-) TimerEvent: {}
[129.552725] (-) TimerEvent: {}
[129.653432] (-) TimerEvent: {}
[129.754093] (-) TimerEvent: {}
[129.854803] (-) TimerEvent: {}
[129.955528] (-) TimerEvent: {}
[130.056228] (-) TimerEvent: {}
[130.158351] (-) TimerEvent: {}
[130.259074] (-) TimerEvent: {}
[130.359858] (-) TimerEvent: {}
[130.460584] (-) TimerEvent: {}
[130.561354] (-) TimerEvent: {}
[130.662303] (-) TimerEvent: {}
[130.763359] (-) TimerEvent: {}
[130.864082] (-) TimerEvent: {}
[130.964800] (-) TimerEvent: {}
[131.065498] (-) TimerEvent: {}
[131.166189] (-) TimerEvent: {}
[131.266888] (-) TimerEvent: {}
[131.367587] (-) TimerEvent: {}
[131.468320] (-) TimerEvent: {}
[131.569003] (-) TimerEvent: {}
[131.669726] (-) TimerEvent: {}
[131.771055] (-) TimerEvent: {}
[131.873059] (-) TimerEvent: {}
[131.973945] (-) TimerEvent: {}
[132.074864] (-) TimerEvent: {}
[132.175673] (-) TimerEvent: {}
[132.276473] (-) TimerEvent: {}
[132.377280] (-) TimerEvent: {}
[132.478095] (-) TimerEvent: {}
[132.578914] (-) TimerEvent: {}
[132.679745] (-) TimerEvent: {}
[132.780531] (-) TimerEvent: {}
[132.881252] (-) TimerEvent: {}
[132.981945] (-) TimerEvent: {}
[133.082693] (-) TimerEvent: {}
[133.183605] (-) TimerEvent: {}
[133.285150] (-) TimerEvent: {}
[133.385844] (-) TimerEvent: {}
[133.486559] (-) TimerEvent: {}
[133.587256] (-) TimerEvent: {}
[133.687932] (-) TimerEvent: {}
[133.788603] (-) TimerEvent: {}
[133.889288] (-) TimerEvent: {}
[133.989991] (-) TimerEvent: {}
[134.090693] (-) TimerEvent: {}
[134.191542] (-) TimerEvent: {}
[134.293405] (-) TimerEvent: {}
[134.394239] (-) TimerEvent: {}
[134.495051] (-) TimerEvent: {}
[134.595862] (-) TimerEvent: {}
[134.696662] (-) TimerEvent: {}
[134.797476] (-) TimerEvent: {}
[134.898409] (-) TimerEvent: {}
[134.999111] (-) TimerEvent: {}
[135.099804] (-) TimerEvent: {}
[135.200512] (-) TimerEvent: {}
[135.301194] (-) TimerEvent: {}
[135.401854] (-) TimerEvent: {}
[135.502564] (-) TimerEvent: {}
[135.603272] (-) TimerEvent: {}
[135.704568] (-) TimerEvent: {}
[135.805638] (-) TimerEvent: {}
[135.906443] (-) TimerEvent: {}
[136.007277] (-) TimerEvent: {}
[136.108030] (-) TimerEvent: {}
[136.208713] (-) TimerEvent: {}
[136.309455] (-) TimerEvent: {}
[136.410250] (-) TimerEvent: {}
[136.511072] (-) TimerEvent: {}
[136.611977] (-) TimerEvent: {}
[136.712674] (-) TimerEvent: {}
[136.813373] (-) TimerEvent: {}
[136.914072] (-) TimerEvent: {}
[137.014779] (-) TimerEvent: {}
[137.115458] (-) TimerEvent: {}
[137.216176] (-) TimerEvent: {}
[137.317975] (-) TimerEvent: {}
[137.418792] (-) TimerEvent: {}
[137.519506] (-) TimerEvent: {}
[137.620294] (-) TimerEvent: {}
[137.721098] (-) TimerEvent: {}
[137.821800] (-) TimerEvent: {}
[137.922817] (-) TimerEvent: {}
[138.023579] (-) TimerEvent: {}
[138.124344] (-) TimerEvent: {}
[138.225163] (-) TimerEvent: {}
[138.326271] (-) TimerEvent: {}
[138.427060] (-) TimerEvent: {}
[138.527795] (-) TimerEvent: {}
[138.628518] (-) TimerEvent: {}
[138.729251] (-) TimerEvent: {}
[138.830042] (-) TimerEvent: {}
[138.930865] (-) TimerEvent: {}
[139.031546] (-) TimerEvent: {}
[139.132245] (-) TimerEvent: {}
[139.232998] (-) TimerEvent: {}
[139.333802] (-) TimerEvent: {}
[139.434532] (-) TimerEvent: {}
[139.535251] (-) TimerEvent: {}
[139.635966] (-) TimerEvent: {}
[139.736971] (-) TimerEvent: {}
[139.837714] (-) TimerEvent: {}
[139.938423] (-) TimerEvent: {}
[140.039114] (-) TimerEvent: {}
[140.139788] (-) TimerEvent: {}
[140.240470] (-) TimerEvent: {}
[140.341153] (-) TimerEvent: {}
[140.441815] (-) TimerEvent: {}
[140.497946] (bev_processor) StderrLine: {'line': b'In file included from \x1b[01m\x1b[K/usr/local/include/depthai/utility/Serialization.hpp:6\x1b[m\x1b[K,\n'}
[140.498636] (bev_processor) StderrLine: {'line': b'                 from \x1b[01m\x1b[K/usr/local/include/depthai/common/Point3f.hpp:7\x1b[m\x1b[K,\n'}
[140.498830] (bev_processor) StderrLine: {'line': b'                 from \x1b[01m\x1b[K/usr/local/include/depthai/common/Extrinsics.hpp:9\x1b[m\x1b[K,\n'}
[140.498987] (bev_processor) StderrLine: {'line': b'                 from \x1b[01m\x1b[K/usr/local/include/depthai/common/CameraInfo.hpp:4\x1b[m\x1b[K,\n'}
[140.499128] (bev_processor) StderrLine: {'line': b'                 from \x1b[01m\x1b[K/usr/local/include/depthai/common/EepromData.hpp:7\x1b[m\x1b[K,\n'}
[140.499259] (bev_processor) StderrLine: {'line': b'                 from \x1b[01m\x1b[K/usr/local/include/depthai/device/CalibrationHandler.hpp:11\x1b[m\x1b[K,\n'}
[140.499393] (bev_processor) StderrLine: {'line': b'                 from \x1b[01m\x1b[K/usr/local/include/depthai/depthai.hpp:11\x1b[m\x1b[K,\n'}
[140.499522] (bev_processor) StderrLine: {'line': b'                 from \x1b[01m\x1b[K/home/autopilot03/Desktop/f1tenth_test0806/f1tenth_project_repo/src/bev_processor/src/oak_startup_measurement.cpp:18\x1b[m\x1b[K:\n'}
[140.499653] (bev_processor) StderrLine: {'line': b'/usr/local/include/nlohmann/json.hpp: In instantiation of \xe2\x80\x98\x1b[01m\x1b[Kconstexpr decltype (declval<const basic_json_t&>().get_impl<ValueType>(nlohmann::json_abi_v3_12_0::detail::priority_tag<4>{})) nlohmann::json_abi_v3_12_0::basic_json<ObjectType, ArrayType, StringType, BooleanType, NumberIntegerType, NumberUnsignedType, NumberFloatType, AllocatorType, JSONSerializer, BinaryType, CustomBaseClass>::get() const [with ValueTypeCV = std::pair<float, float>; ValueType = std::pair<float, float>; ObjectType = std::map; ArrayType = std::vector; StringType = std::__cxx11::basic_string<char>; BooleanType = bool; NumberIntegerType = long int; NumberUnsignedType = long unsigned int; NumberFloatType = double; AllocatorType = std::allocator; JSONSerializer = nlohmann::json_abi_v3_12_0::adl_serializer; BinaryType = std::vector<unsigned char>; CustomBaseClass = void; decltype (declval<const basic_json_t&>().get_impl<ValueType>(nlohmann::json_abi_v3_12_0::detail::priority_tag<4>{})) = std::pair<float, float>; nlohmann::json_abi_v3_12_0::basic_json<ObjectType, ArrayType, StringType, BooleanType, NumberIntegerType, NumberUnsignedType, NumberFloatType, AllocatorType, JSONSerializer, BinaryType, CustomBaseClass>::basic_json_t = nlohmann::json_abi_v3_12_0::basic_json<>]\x1b[m\x1b[K\xe2\x80\x99:\n'}
[140.499802] (bev_processor) StderrLine: {'line': b'\x1b[01m\x1b[K/usr/local/include/depthai/common/variant.hpp:16:66:\x1b[m\x1b[K   required from \xe2\x80\x98\x1b[01m\x1b[Kvoid dai::internal::VariantSwitch<N>::operator()(int, const json&, Variant&) const [with Variant = std::variant<float, std::pair<float, float>, std::vector<float, std::allocator<float> > >; long unsigned int N = 1; json = nlohmann::json_abi_v3_12_0::basic_json<>]\x1b[m\x1b[K\xe2\x80\x99\n'}
[140.499967] (bev_processor) StderrLine: {'line': b'\x1b[01m\x1b[K/usr/local/include/depthai/common/variant.hpp:18:35:\x1b[m\x1b[K   required from \xe2\x80\x98\x1b[01m\x1b[Kvoid dai::internal::VariantSwitch<N>::operator()(int, const json&, Variant&) const [with Variant = std::variant<float, std::pair<float, float>, std::vector<float, std::allocator<float> > >; long unsigned int N = 2; json = nlohmann::json_abi_v3_12_0::basic_json<>]\x1b[m\x1b[K\xe2\x80\x99\n'}
[140.500101] (bev_processor) StderrLine: {'line': b'\x1b[01m\x1b[K/usr/local/include/depthai/common/variant.hpp:50:62:\x1b[m\x1b[K   required from \xe2\x80\x98\x1b[01m\x1b[Kstatic void nlohmann::json_abi_v3_12_0::adl_serializer<std::variant<_Types ...> >::from_json(const json&, std::variant<_Types ...>&) [with Args = {float, std::pair<float, float>, std::vector<float, std::allocator<float> >}; nlohmann::json_abi_v3_12_0::json = nlohmann::json_abi_v3_12_0::basic_json<>]\x1b[m\x1b[K\xe2\x80\x99\n'}
[140.500257] (bev_processor) StderrLine: {'line': b'\x1b[01m\x1b[K/usr/local/include/nlohmann/json.hpp:1637:45:\x1b[m\x1b[K   required from \xe2\x80\x98\x1b[01m\x1b[KValueType nlohmann::json_abi_v3_12_0::basic_json<ObjectType, ArrayType, StringType, BooleanType, NumberIntegerType, NumberUnsignedType, NumberFloatType, AllocatorType, JSONSerializer, BinaryType, CustomBaseClass>::get_impl(nlohmann::json_abi_v3_12_0::detail::priority_tag<0>) const [with ValueType = std::variant<float, std::pair<float, float>, std::vector<float, std::allocator<float> > >; typename std::enable_if<(nlohmann::json_abi_v3_12_0::detail::is_default_constructible<ValueType>::value && nlohmann::json_abi_v3_12_0::detail::has_from_json<nlohmann::json_abi_v3_12_0::basic_json<ObjectType, ArrayType, StringType, BooleanType, NumberIntegerType, NumberUnsignedType, NumberFloatType, AllocatorType, JSONSerializer, BinaryType, CustomBaseClass>, ValueType>::value), int>::type <anonymous> = 0; ObjectType = std::map; ArrayType = std::vector; StringType = std::__cxx11::basic_string<char>; BooleanType = bool; NumberIntegerType = long int; NumberUnsignedType = long unsigned int; NumberFloatType = double; AllocatorType = std::allocator; JSONSerializer = nlohmann::json_abi_v3_12_0::adl_serializer; BinaryType = std::vector<unsigned char>; CustomBaseClass = void]\x1b[m\x1b[K\xe2\x80\x99\n'}
[140.500437] (bev_processor) StderrLine: {'line': b'\x1b[01m\x1b[K/usr/local/include/nlohmann/json.hpp:1780:35:\x1b[m\x1b[K   [ skipping 2 instantiation contexts, use -ftemplate-backtrace-limit=0 to disable ]\n'}
[140.500570] (bev_processor) StderrLine: {'line': b'\x1b[01m\x1b[K/usr/local/include/nlohmann/json.hpp:1828:45:\x1b[m\x1b[K   required from \xe2\x80\x98\x1b[01m\x1b[KValueType& nlohmann::json_abi_v3_12_0::basic_json<ObjectType, ArrayType, StringType, BooleanType, NumberIntegerType, NumberUnsignedType, NumberFloatType, AllocatorType, JSONSerializer, BinaryType, CustomBaseClass>::get_to(ValueType&) const [with ValueType = std::optional<std::variant<float, std::pair<float, float>, std::vector<float, std::allocator<float> > > >; typename std::enable_if<((! nlohmann::json_abi_v3_12_0::detail::is_basic_json<BasicJsonType>::value) && nlohmann::json_abi_v3_12_0::detail::has_from_json<nlohmann::json_abi_v3_12_0::basic_json<ObjectType, ArrayType, StringType, BooleanType, NumberIntegerType, NumberUnsignedType, NumberFloatType, AllocatorType, JSONSerializer, BinaryType, CustomBaseClass>, ValueType>::value), int>::type <anonymous> = 0; ObjectType = std::map; ArrayType = std::vector; StringType = std::__cxx11::basic_string<char>; BooleanType = bool; NumberIntegerType = long int; NumberUnsignedType = long unsigned int; NumberFloatType = double; AllocatorType = std::allocator; JSONSerializer = nlohmann::json_abi_v3_12_0::adl_serializer; BinaryType = std::vector<unsigned char>; CustomBaseClass = void]\x1b[m\x1b[K\xe2\x80\x99\n'}
[140.500727] (bev_processor) StderrLine: {'line': b'\x1b[01m\x1b[K/usr/local/include/depthai/capabilities/CapabilityRange.hpp:33:5:\x1b[m\x1b[K   required from \xe2\x80\x98\x1b[01m\x1b[Kvoid dai::from_json(const json&, dai::CapabilityRange<float>&)\x1b[m\x1b[K\xe2\x80\x99\n'}
[140.500855] (bev_processor) StderrLine: {'line': b'\x1b[01m\x1b[K/usr/local/include/nlohmann/detail/conversions/from_json.hpp:558:25:\x1b[m\x1b[K   required from \xe2\x80\x98\x1b[01m\x1b[Kdecltype (nlohmann::json_abi_v3_12_0::detail::from_json(j, forward<T>(val))) nlohmann::json_abi_v3_12_0::detail::from_json_fn::operator()(const BasicJsonType&, T&&) const [with BasicJsonType = nlohmann::json_abi_v3_12_0::basic_json<>; T = dai::CapabilityRange<float>&; decltype (nlohmann::json_abi_v3_12_0::detail::from_json(j, forward<T>(val))) = void]\x1b[m\x1b[K\xe2\x80\x99\n'}
[140.500985] (bev_processor) StderrLine: {'line': b'\x1b[01m\x1b[K/usr/local/include/nlohmann/adl_serializer.hpp:31:30:\x1b[m\x1b[K   required from \xe2\x80\x98\x1b[01m\x1b[Kstatic decltype ((nlohmann::json_abi_v3_12_0::from_json(forward<BasicJsonType>(j), val), void())) nlohmann::json_abi_v3_12_0::adl_serializer<T, SFINAE>::from_json(BasicJsonType&&, TargetType&) [with BasicJsonType = const nlohmann::json_abi_v3_12_0::basic_json<>&; TargetType = dai::CapabilityRange<float>; ValueType = dai::CapabilityRange<float>; <template-parameter-1-2> = void; decltype ((nlohmann::json_abi_v3_12_0::from_json(forward<BasicJsonType>(j), val), void())) = void]\x1b[m\x1b[K\xe2\x80\x99\n'}
[140.501133] (bev_processor) StderrLine: {'line': b'\x1b[01m\x1b[K/usr/local/include/nlohmann/json.hpp:1828:45:\x1b[m\x1b[K   required from \xe2\x80\x98\x1b[01m\x1b[KValueType& nlohmann::json_abi_v3_12_0::basic_json<ObjectType, ArrayType, StringType, BooleanType, NumberIntegerType, NumberUnsignedType, NumberFloatType, AllocatorType, JSONSerializer, BinaryType, CustomBaseClass>::get_to(ValueType&) const [with ValueType = dai::CapabilityRange<float>; typename std::enable_if<((! nlohmann::json_abi_v3_12_0::detail::is_basic_json<BasicJsonType>::value) && nlohmann::json_abi_v3_12_0::detail::has_from_json<nlohmann::json_abi_v3_12_0::basic_json<ObjectType, ArrayType, StringType, BooleanType, NumberIntegerType, NumberUnsignedType, NumberFloatType, AllocatorType, JSONSerializer, BinaryType, CustomBaseClass>, ValueType>::value), int>::type <anonymous> = 0; ObjectType = std::map; ArrayType = std::vector; StringType = std::__cxx11::basic_string<char>; BooleanType = bool; NumberIntegerType = long int; NumberUnsignedType = long unsigned int; NumberFloatType = double; AllocatorType = std::allocator; JSONSerializer = nlohmann::json_abi_v3_12_0::adl_serializer; BinaryType = std::vector<unsigned char>; CustomBaseClass = void]\x1b[m\x1b[K\xe2\x80\x99\n'}
[140.501298] (bev_processor) StderrLine: {'line': b'\x1b[01m\x1b[K/usr/local/include/depthai/capabilities/ImgFrameCapability.hpp:55:5:\x1b[m\x1b[K   required from here\n'}
[140.501428] (bev_processor) StderrLine: {'line': b'\x1b[01m\x1b[K/usr/local/include/nlohmann/json.hpp:1771:10:\x1b[m\x1b[K \x1b[01;36m\x1b[Knote: \x1b[m\x1b[Kparameter passing for argument of type \xe2\x80\x98\x1b[01m\x1b[Kstd::pair<float, float>\x1b[m\x1b[K\xe2\x80\x99 when C++17 is enabled changed to match C++14 \x1b]8;;https://gcc.gnu.org/gcc-10/changes.html#empty_base\x07in GCC 10.1\x1b]8;;\x07\n'}
[140.501562] (bev_processor) StderrLine: {'line': b' 1771 |     auto \x1b[01;36m\x1b[Kget\x1b[m\x1b[K() const noexcept(\n'}
[140.501689] (bev_processor) StderrLine: {'line': b'      |          \x1b[01;36m\x1b[K^~~\x1b[m\x1b[K\n'}
[140.541987] (-) TimerEvent: {}
[140.642700] (-) TimerEvent: {}
[140.743388] (-) TimerEvent: {}
[140.844076] (-) TimerEvent: {}
[140.944759] (-) TimerEvent: {}
[141.045434] (-) TimerEvent: {}
[141.146141] (-) TimerEvent: {}
[141.246929] (-) TimerEvent: {}
[141.348382] (-) TimerEvent: {}
[141.449240] (-) TimerEvent: {}
[141.550078] (-) TimerEvent: {}
[141.651540] (-) TimerEvent: {}
[141.752364] (-) TimerEvent: {}
[141.853210] (-) TimerEvent: {}
[141.954207] (-) TimerEvent: {}
[142.055050] (-) TimerEvent: {}
[142.155897] (-) TimerEvent: {}
[142.256781] (-) TimerEvent: {}
[142.357612] (-) TimerEvent: {}
[142.458415] (-) TimerEvent: {}
[142.559215] (-) TimerEvent: {}
[142.660016] (-) TimerEvent: {}
[142.760815] (-) TimerEvent: {}
[142.861736] (-) TimerEvent: {}
[142.962775] (-) TimerEvent: {}
[143.063592] (-) TimerEvent: {}
[143.164406] (-) TimerEvent: {}
[143.265199] (-) TimerEvent: {}
[143.365994] (-) TimerEvent: {}
[143.466814] (-) TimerEvent: {}
[143.567605] (-) TimerEvent: {}
[143.668437] (-) TimerEvent: {}
[143.769766] (-) TimerEvent: {}
[143.870648] (-) TimerEvent: {}
[143.972121] (-) TimerEvent: {}
[144.072985] (-) TimerEvent: {}
[144.173772] (-) TimerEvent: {}
[144.274733] (-) TimerEvent: {}
[144.375652] (-) TimerEvent: {}
[144.477007] (-) TimerEvent: {}
[144.578732] (-) TimerEvent: {}
[144.679634] (-) TimerEvent: {}
[144.780568] (-) TimerEvent: {}
[144.881495] (-) TimerEvent: {}
[144.982353] (-) TimerEvent: {}
[145.083156] (-) TimerEvent: {}
[145.184005] (-) TimerEvent: {}
[145.284861] (-) TimerEvent: {}
[145.386036] (-) TimerEvent: {}
[145.486926] (-) TimerEvent: {}
[145.587765] (-) TimerEvent: {}
[145.688591] (-) TimerEvent: {}
[145.789402] (-) TimerEvent: {}
[145.890253] (-) TimerEvent: {}
[145.991048] (-) TimerEvent: {}
[146.091847] (-) TimerEvent: {}
[146.193979] (-) TimerEvent: {}
[146.294861] (-) TimerEvent: {}
[146.396257] (-) TimerEvent: {}
[146.497825] (-) TimerEvent: {}
[146.598674] (-) TimerEvent: {}
[146.699445] (-) TimerEvent: {}
[146.800225] (-) TimerEvent: {}
[146.901032] (-) TimerEvent: {}
[147.001830] (-) TimerEvent: {}
[147.102641] (-) TimerEvent: {}
[147.203444] (-) TimerEvent: {}
[147.304243] (-) TimerEvent: {}
[147.405066] (-) TimerEvent: {}
[147.505878] (-) TimerEvent: {}
[147.606822] (-) TimerEvent: {}
[147.707986] (-) TimerEvent: {}
[147.809086] (-) TimerEvent: {}
[147.910444] (-) TimerEvent: {}
[148.013209] (-) TimerEvent: {}
[148.114091] (-) TimerEvent: {}
[148.214981] (-) TimerEvent: {}
[148.315838] (-) TimerEvent: {}
[148.416707] (-) TimerEvent: {}
[148.517657] (-) TimerEvent: {}
[148.618523] (-) TimerEvent: {}
[148.719319] (-) TimerEvent: {}
[148.820917] (-) TimerEvent: {}
[148.921879] (-) TimerEvent: {}
[149.022759] (-) TimerEvent: {}
[149.124967] (-) TimerEvent: {}
[149.226385] (-) TimerEvent: {}
[149.327450] (-) TimerEvent: {}
[149.428156] (-) TimerEvent: {}
[149.528842] (-) TimerEvent: {}
[149.629574] (-) TimerEvent: {}
[149.730326] (-) TimerEvent: {}
[149.831329] (-) TimerEvent: {}
[149.932431] (-) TimerEvent: {}
[150.034557] (-) TimerEvent: {}
[150.135400] (-) TimerEvent: {}
[150.236330] (-) TimerEvent: {}
[150.337872] (-) TimerEvent: {}
[150.438814] (-) TimerEvent: {}
[150.539936] (-) TimerEvent: {}
[150.640756] (-) TimerEvent: {}
[150.741664] (-) TimerEvent: {}
[150.843719] (-) TimerEvent: {}
[150.944520] (-) TimerEvent: {}
[151.045357] (-) TimerEvent: {}
[151.146199] (-) TimerEvent: {}
[151.247119] (-) TimerEvent: {}
[151.347914] (-) TimerEvent: {}
[151.448694] (-) TimerEvent: {}
[151.549485] (-) TimerEvent: {}
[151.650316] (-) TimerEvent: {}
[151.751188] (-) TimerEvent: {}
[151.852023] (-) TimerEvent: {}
[151.954343] (-) TimerEvent: {}
[152.055215] (-) TimerEvent: {}
[152.156088] (-) TimerEvent: {}
[152.257599] (-) TimerEvent: {}
[152.358501] (-) TimerEvent: {}
[152.459776] (-) TimerEvent: {}
[152.560591] (-) TimerEvent: {}
[152.661410] (-) TimerEvent: {}
[152.762594] (-) TimerEvent: {}
[152.863444] (-) TimerEvent: {}
[152.964282] (-) TimerEvent: {}
[153.065075] (-) TimerEvent: {}
[153.165873] (-) TimerEvent: {}
[153.266709] (-) TimerEvent: {}
[153.367526] (-) TimerEvent: {}
[153.468743] (-) TimerEvent: {}
[153.569549] (-) TimerEvent: {}
[153.670390] (-) TimerEvent: {}
[153.771228] (-) TimerEvent: {}
[153.872021] (-) TimerEvent: {}
[153.972798] (-) TimerEvent: {}
[154.073620] (-) TimerEvent: {}
[154.174437] (-) TimerEvent: {}
[154.275222] (-) TimerEvent: {}
[154.376002] (-) TimerEvent: {}
[154.476790] (-) TimerEvent: {}
[154.577576] (-) TimerEvent: {}
[154.678403] (-) TimerEvent: {}
[154.779326] (-) TimerEvent: {}
[154.880235] (-) TimerEvent: {}
[154.981042] (-) TimerEvent: {}
[155.081895] (-) TimerEvent: {}
[155.182751] (-) TimerEvent: {}
[155.283566] (-) TimerEvent: {}
[155.384364] (-) TimerEvent: {}
[155.485856] (-) TimerEvent: {}
[155.586689] (-) TimerEvent: {}
[155.687616] (-) TimerEvent: {}
[155.788431] (-) TimerEvent: {}
[155.889261] (-) TimerEvent: {}
[155.990158] (-) TimerEvent: {}
[156.093155] (-) TimerEvent: {}
[156.194039] (-) TimerEvent: {}
[156.296129] (-) TimerEvent: {}
[156.396927] (-) TimerEvent: {}
[156.499511] (-) TimerEvent: {}
[156.600266] (-) TimerEvent: {}
[156.700968] (-) TimerEvent: {}
[156.801674] (-) TimerEvent: {}
[156.902383] (-) TimerEvent: {}
[157.003081] (-) TimerEvent: {}
[157.103852] (-) TimerEvent: {}
[157.204541] (-) TimerEvent: {}
[157.305243] (-) TimerEvent: {}
[157.405926] (-) TimerEvent: {}
[157.506611] (-) TimerEvent: {}
[157.607274] (-) TimerEvent: {}
[157.707949] (-) TimerEvent: {}
[157.808639] (-) TimerEvent: {}
[157.909317] (-) TimerEvent: {}
[158.010004] (-) TimerEvent: {}
[158.110700] (-) TimerEvent: {}
[158.211386] (-) TimerEvent: {}
[158.312082] (-) TimerEvent: {}
[158.412761] (-) TimerEvent: {}
[158.513448] (-) TimerEvent: {}
[158.614135] (-) TimerEvent: {}
[158.714847] (-) TimerEvent: {}
[158.815493] (-) TimerEvent: {}
[158.916199] (-) TimerEvent: {}
[159.016947] (-) TimerEvent: {}
[159.117636] (-) TimerEvent: {}
[159.218346] (-) TimerEvent: {}
[159.319373] (-) TimerEvent: {}
[159.420472] (-) TimerEvent: {}
[159.521300] (-) TimerEvent: {}
[159.543977] (bev_processor) StdoutLine: {'line': b'[ 90%] \x1b[32m\x1b[1mLinking CXX static library libbev_startup_measurement.a\x1b[0m\n'}
[159.621498] (-) TimerEvent: {}
[159.622870] (bev_processor) StdoutLine: {'line': b'[ 90%] Built target bev_startup_measurement\n'}
[159.648203] (bev_processor) StdoutLine: {'line': b'\x1b[35m\x1b[1mConsolidate compiler generated dependencies of target bev_processor_component\x1b[0m\n'}
[159.691495] (bev_processor) StdoutLine: {'line': b'[ 95%] \x1b[32mBuilding CXX object CMakeFiles/bev_processor_component.dir/src/bev_processor_node.cpp.o\x1b[0m\n'}
[159.721675] (-) TimerEvent: {}
[159.822741] (-) TimerEvent: {}
[159.923534] (-) TimerEvent: {}
[160.024244] (-) TimerEvent: {}
[160.125033] (-) TimerEvent: {}
[160.225752] (-) TimerEvent: {}
[160.326566] (-) TimerEvent: {}
[160.427342] (-) TimerEvent: {}
[160.528113] (-) TimerEvent: {}
[160.629339] (-) TimerEvent: {}
[160.730153] (-) TimerEvent: {}
[160.831172] (-) TimerEvent: {}
[160.932464] (-) TimerEvent: {}
[161.033544] (-) TimerEvent: {}
[161.134386] (-) TimerEvent: {}
[161.235206] (-) TimerEvent: {}
[161.336125] (-) TimerEvent: {}
[161.437023] (-) TimerEvent: {}
[161.538299] (-) TimerEvent: {}
[161.639114] (-) TimerEvent: {}
[161.739945] (-) TimerEvent: {}
[161.841379] (-) TimerEvent: {}
[161.942585] (-) TimerEvent: {}
[162.044187] (-) TimerEvent: {}
[162.145027] (-) TimerEvent: {}
[162.245856] (-) TimerEvent: {}
[162.346816] (-) TimerEvent: {}
[162.447735] (-) TimerEvent: {}
[162.549879] (-) TimerEvent: {}
[162.650709] (-) TimerEvent: {}
[162.751546] (-) TimerEvent: {}
[162.852358] (-) TimerEvent: {}
[162.953180] (-) TimerEvent: {}
[163.054018] (-) TimerEvent: {}
[163.155026] (-) TimerEvent: {}
[163.255838] (-) TimerEvent: {}
[163.356647] (-) TimerEvent: {}
[163.457737] (-) TimerEvent: {}
[163.558576] (-) TimerEvent: {}
[163.659402] (-) TimerEvent: {}
[163.761498] (-) TimerEvent: {}
[163.862462] (-) TimerEvent: {}
[163.963283] (-) TimerEvent: {}
[164.064495] (-) TimerEvent: {}
[164.165417] (-) TimerEvent: {}
[164.267718] (-) TimerEvent: {}
[164.368549] (-) TimerEvent: {}
[164.469927] (-) TimerEvent: {}
[164.570764] (-) TimerEvent: {}
[164.671589] (-) TimerEvent: {}
[164.772447] (-) TimerEvent: {}
[164.873275] (-) TimerEvent: {}
[164.974678] (-) TimerEvent: {}
[165.075516] (-) TimerEvent: {}
[165.176341] (-) TimerEvent: {}
[165.277177] (-) TimerEvent: {}
[165.378042] (-) TimerEvent: {}
[165.478890] (-) TimerEvent: {}
[165.579766] (-) TimerEvent: {}
[165.680570] (-) TimerEvent: {}
[165.781371] (-) TimerEvent: {}
[165.882182] (-) TimerEvent: {}
[165.983087] (-) TimerEvent: {}
[166.083917] (-) TimerEvent: {}
[166.184718] (-) TimerEvent: {}
[166.285509] (-) TimerEvent: {}
[166.386359] (-) TimerEvent: {}
[166.487166] (-) TimerEvent: {}
[166.588026] (-) TimerEvent: {}
[166.688811] (-) TimerEvent: {}
[166.789617] (-) TimerEvent: {}
[166.890431] (-) TimerEvent: {}
[166.991347] (-) TimerEvent: {}
[167.092948] (-) TimerEvent: {}
[167.194072] (-) TimerEvent: {}
[167.294925] (-) TimerEvent: {}
[167.395802] (-) TimerEvent: {}
[167.496617] (-) TimerEvent: {}
[167.597473] (-) TimerEvent: {}
[167.699036] (-) TimerEvent: {}
[167.799929] (-) TimerEvent: {}
[167.900767] (-) TimerEvent: {}
[168.001610] (-) TimerEvent: {}
[168.102403] (-) TimerEvent: {}
[168.203219] (-) TimerEvent: {}
[168.304066] (-) TimerEvent: {}
[168.405089] (-) TimerEvent: {}
[168.505920] (-) TimerEvent: {}
[168.606778] (-) TimerEvent: {}
[168.707595] (-) TimerEvent: {}
[168.808400] (-) TimerEvent: {}
[168.909196] (-) TimerEvent: {}
[169.009986] (-) TimerEvent: {}
[169.110819] (-) TimerEvent: {}
[169.213104] (-) TimerEvent: {}
[169.314336] (-) TimerEvent: {}
[169.415237] (-) TimerEvent: {}
[169.516123] (-) TimerEvent: {}
[169.617943] (-) TimerEvent: {}
[169.718788] (-) TimerEvent: {}
[169.819589] (-) TimerEvent: {}
[169.920397] (-) TimerEvent: {}
[170.021229] (-) TimerEvent: {}
[170.122082] (-) TimerEvent: {}
[170.222866] (-) TimerEvent: {}
[170.327321] (-) TimerEvent: {}
[170.428570] (-) TimerEvent: {}
[170.529460] (-) TimerEvent: {}
[170.630555] (-) TimerEvent: {}
[170.734015] (-) TimerEvent: {}
[170.834797] (-) TimerEvent: {}
[170.935542] (-) TimerEvent: {}
[171.036259] (-) TimerEvent: {}
[171.137037] (-) TimerEvent: {}
[171.237824] (-) TimerEvent: {}
[171.342674] (-) TimerEvent: {}
[171.443568] (-) TimerEvent: {}
[171.544665] (-) TimerEvent: {}
[171.646181] (-) TimerEvent: {}
[171.747322] (-) TimerEvent: {}
[171.848511] (-) TimerEvent: {}
[171.949314] (-) TimerEvent: {}
[172.050092] (-) TimerEvent: {}
[172.152472] (-) TimerEvent: {}
[172.253674] (-) TimerEvent: {}
[172.357338] (-) TimerEvent: {}
[172.458129] (-) TimerEvent: {}
[172.558948] (-) TimerEvent: {}
[172.659752] (-) TimerEvent: {}
[172.760552] (-) TimerEvent: {}
[172.861452] (-) TimerEvent: {}
[172.962153] (-) TimerEvent: {}
[173.062866] (-) TimerEvent: {}
[173.163589] (-) TimerEvent: {}
[173.265715] (-) TimerEvent: {}
[173.366592] (-) TimerEvent: {}
[173.467445] (-) TimerEvent: {}
[173.568762] (-) TimerEvent: {}
[173.669624] (-) TimerEvent: {}
[173.770499] (-) TimerEvent: {}
[173.871298] (-) TimerEvent: {}
[173.972152] (-) TimerEvent: {}
[174.072867] (-) TimerEvent: {}
[174.174055] (-) TimerEvent: {}
[174.274760] (-) TimerEvent: {}
[174.375426] (-) TimerEvent: {}
[174.476111] (-) TimerEvent: {}
[174.576818] (-) TimerEvent: {}
[174.677609] (-) TimerEvent: {}
[174.778364] (-) TimerEvent: {}
[174.879054] (-) TimerEvent: {}
[174.979819] (-) TimerEvent: {}
[175.080607] (-) TimerEvent: {}
[175.182412] (-) TimerEvent: {}
[175.283219] (-) TimerEvent: {}
[175.384794] (-) TimerEvent: {}
[175.485611] (-) TimerEvent: {}
[175.586695] (-) TimerEvent: {}
[175.687533] (-) TimerEvent: {}
[175.788316] (-) TimerEvent: {}
[175.891032] (-) TimerEvent: {}
[175.991822] (-) TimerEvent: {}
[176.093512] (-) TimerEvent: {}
[176.194408] (-) TimerEvent: {}
[176.295193] (-) TimerEvent: {}
[176.395893] (-) TimerEvent: {}
[176.496558] (-) TimerEvent: {}
[176.597384] (-) TimerEvent: {}
[176.698538] (-) TimerEvent: {}
[176.799319] (-) TimerEvent: {}
[176.900137] (-) TimerEvent: {}
[177.000949] (-) TimerEvent: {}
[177.102564] (-) TimerEvent: {}
[177.203937] (-) TimerEvent: {}
[177.304907] (-) TimerEvent: {}
[177.405657] (-) TimerEvent: {}
[177.506454] (-) TimerEvent: {}
[177.607239] (-) TimerEvent: {}
[177.707958] (-) TimerEvent: {}
[177.808629] (-) TimerEvent: {}
[177.909322] (-) TimerEvent: {}
[178.010090] (-) TimerEvent: {}
[178.110830] (-) TimerEvent: {}
[178.211569] (-) TimerEvent: {}
[178.312254] (-) TimerEvent: {}
[178.412940] (-) TimerEvent: {}
[178.513611] (-) TimerEvent: {}
[178.614305] (-) TimerEvent: {}
[178.714969] (-) TimerEvent: {}
[178.815756] (-) TimerEvent: {}
[178.920557] (-) TimerEvent: {}
[179.021469] (-) TimerEvent: {}
[179.122190] (-) TimerEvent: {}
[179.222924] (-) TimerEvent: {}
[179.323628] (-) TimerEvent: {}
[179.424336] (-) TimerEvent: {}
[179.525101] (-) TimerEvent: {}
[179.625951] (-) TimerEvent: {}
[179.726811] (-) TimerEvent: {}
[179.827521] (-) TimerEvent: {}
[179.928329] (-) TimerEvent: {}
[180.029225] (-) TimerEvent: {}
[180.130317] (-) TimerEvent: {}
[180.231081] (-) TimerEvent: {}
[180.331932] (-) TimerEvent: {}
[180.433305] (-) TimerEvent: {}
[180.534125] (-) TimerEvent: {}
[180.634969] (-) TimerEvent: {}
[180.735813] (-) TimerEvent: {}
[180.836645] (-) TimerEvent: {}
[180.937477] (-) TimerEvent: {}
[181.038356] (-) TimerEvent: {}
[181.139132] (-) TimerEvent: {}
[181.239994] (-) TimerEvent: {}
[181.341168] (-) TimerEvent: {}
[181.442145] (-) TimerEvent: {}
[181.543017] (-) TimerEvent: {}
[181.644043] (-) TimerEvent: {}
[181.744939] (-) TimerEvent: {}
[181.845753] (-) TimerEvent: {}
[181.946766] (-) TimerEvent: {}
[182.047529] (-) TimerEvent: {}
[182.148487] (-) TimerEvent: {}
[182.249172] (-) TimerEvent: {}
[182.349829] (-) TimerEvent: {}
[182.450568] (-) TimerEvent: {}
[182.552709] (-) TimerEvent: {}
[182.653402] (-) TimerEvent: {}
[182.755491] (-) TimerEvent: {}
[182.856791] (-) TimerEvent: {}
[182.958163] (-) TimerEvent: {}
[183.059658] (-) TimerEvent: {}
[183.160329] (-) TimerEvent: {}
[183.261018] (-) TimerEvent: {}
[183.361746] (-) TimerEvent: {}
[183.462504] (-) TimerEvent: {}
[183.563219] (-) TimerEvent: {}
[183.664288] (-) TimerEvent: {}
[183.765078] (-) TimerEvent: {}
[183.865988] (-) TimerEvent: {}
[183.966675] (-) TimerEvent: {}
[184.067360] (-) TimerEvent: {}
[184.168065] (-) TimerEvent: {}
[184.268762] (-) TimerEvent: {}
[184.369781] (-) TimerEvent: {}
[184.470504] (-) TimerEvent: {}
[184.571189] (-) TimerEvent: {}
[184.671867] (-) TimerEvent: {}
[184.772558] (-) TimerEvent: {}
[184.873615] (-) TimerEvent: {}
[184.974359] (-) TimerEvent: {}
[185.075829] (-) TimerEvent: {}
[185.177632] (-) TimerEvent: {}
[185.278412] (-) TimerEvent: {}
[185.379352] (-) TimerEvent: {}
[185.480243] (-) TimerEvent: {}
[185.580949] (-) TimerEvent: {}
[185.681637] (-) TimerEvent: {}
[185.782379] (-) TimerEvent: {}
[185.883093] (-) TimerEvent: {}
[185.983822] (-) TimerEvent: {}
[186.084521] (-) TimerEvent: {}
[186.185236] (-) TimerEvent: {}
[186.285948] (-) TimerEvent: {}
[186.386716] (-) TimerEvent: {}
[186.487923] (-) TimerEvent: {}
[186.588740] (-) TimerEvent: {}
[186.689660] (-) TimerEvent: {}
[186.790389] (-) TimerEvent: {}
[186.891193] (-) TimerEvent: {}
[186.992002] (-) TimerEvent: {}
[187.092811] (-) TimerEvent: {}
[187.193658] (-) TimerEvent: {}
[187.294502] (-) TimerEvent: {}
[187.395395] (-) TimerEvent: {}
[187.497061] (-) TimerEvent: {}
[187.597885] (-) TimerEvent: {}
[187.698767] (-) TimerEvent: {}
[187.799653] (-) TimerEvent: {}
[187.900512] (-) TimerEvent: {}
[188.001358] (-) TimerEvent: {}
[188.102726] (-) TimerEvent: {}
[188.204292] (-) TimerEvent: {}
[188.305369] (-) TimerEvent: {}
[188.406286] (-) TimerEvent: {}
[188.507083] (-) TimerEvent: {}
[188.607847] (-) TimerEvent: {}
[188.708560] (-) TimerEvent: {}
[188.809466] (-) TimerEvent: {}
[188.910393] (-) TimerEvent: {}
[189.011246] (-) TimerEvent: {}
[189.112107] (-) TimerEvent: {}
[189.213537] (-) TimerEvent: {}
[189.314423] (-) TimerEvent: {}
[189.415243] (-) TimerEvent: {}
[189.516148] (-) TimerEvent: {}
[189.617748] (-) TimerEvent: {}
[189.720208] (-) TimerEvent: {}
[189.822358] (-) TimerEvent: {}
[189.923199] (-) TimerEvent: {}
[190.024080] (-) TimerEvent: {}
[190.125081] (-) TimerEvent: {}
[190.226060] (-) TimerEvent: {}
[190.326802] (-) TimerEvent: {}
[190.427589] (-) TimerEvent: {}
[190.528302] (-) TimerEvent: {}
[190.629057] (-) TimerEvent: {}
[190.729825] (-) TimerEvent: {}
[190.830771] (-) TimerEvent: {}
[190.931529] (-) TimerEvent: {}
[191.032747] (-) TimerEvent: {}
[191.134817] (-) TimerEvent: {}
[191.235630] (-) TimerEvent: {}
[191.336440] (-) TimerEvent: {}
[191.437282] (-) TimerEvent: {}
[191.537972] (-) TimerEvent: {}
[191.638711] (-) TimerEvent: {}
[191.739392] (-) TimerEvent: {}
[191.840091] (-) TimerEvent: {}
[191.940777] (-) TimerEvent: {}
[192.041462] (-) TimerEvent: {}
[192.142149] (-) TimerEvent: {}
[192.242872] (-) TimerEvent: {}
[192.343577] (-) TimerEvent: {}
[192.444242] (-) TimerEvent: {}
[192.545546] (-) TimerEvent: {}
[192.646329] (-) TimerEvent: {}
[192.747056] (-) TimerEvent: {}
[192.847766] (-) TimerEvent: {}
[192.948437] (-) TimerEvent: {}
[193.049124] (-) TimerEvent: {}
[193.149802] (-) TimerEvent: {}
[193.250511] (-) TimerEvent: {}
[193.351187] (-) TimerEvent: {}
[193.451879] (-) TimerEvent: {}
[193.552558] (-) TimerEvent: {}
[193.653252] (-) TimerEvent: {}
[193.753937] (-) TimerEvent: {}
[193.854645] (-) TimerEvent: {}
[193.955314] (-) TimerEvent: {}
[194.056109] (-) TimerEvent: {}
[194.156835] (-) TimerEvent: {}
[194.257559] (-) TimerEvent: {}
[194.358362] (-) TimerEvent: {}
[194.459119] (-) TimerEvent: {}
[194.559821] (-) TimerEvent: {}
[194.660539] (-) TimerEvent: {}
[194.761244] (-) TimerEvent: {}
[194.861936] (-) TimerEvent: {}
[194.962681] (-) TimerEvent: {}
[195.063337] (-) TimerEvent: {}
[195.163969] (-) TimerEvent: {}
[195.264655] (-) TimerEvent: {}
[195.365349] (-) TimerEvent: {}
[195.466042] (-) TimerEvent: {}
[195.566812] (-) TimerEvent: {}
[195.667532] (-) TimerEvent: {}
[195.768207] (-) TimerEvent: {}
[195.868894] (-) TimerEvent: {}
[195.969598] (-) TimerEvent: {}
[196.070328] (-) TimerEvent: {}
[196.171028] (-) TimerEvent: {}
[196.271745] (-) TimerEvent: {}
[196.372456] (-) TimerEvent: {}
[196.473194] (-) TimerEvent: {}
[196.573911] (-) TimerEvent: {}
[196.674801] (-) TimerEvent: {}
[196.775491] (-) TimerEvent: {}
[196.876482] (-) TimerEvent: {}
[196.977241] (-) TimerEvent: {}
[197.078026] (-) TimerEvent: {}
[197.178785] (-) TimerEvent: {}
[197.279515] (-) TimerEvent: {}
[197.380198] (-) TimerEvent: {}
[197.480875] (-) TimerEvent: {}
[197.581542] (-) TimerEvent: {}
[197.682262] (-) TimerEvent: {}
[197.782943] (-) TimerEvent: {}
[197.883607] (-) TimerEvent: {}
[197.984411] (-) TimerEvent: {}
[198.085221] (-) TimerEvent: {}
[198.186026] (-) TimerEvent: {}
[198.286889] (-) TimerEvent: {}
[198.387779] (-) TimerEvent: {}
[198.436076] (bev_processor) StdoutLine: {'line': b'[100%] \x1b[32m\x1b[1mLinking CXX shared library libbev_processor_component.so\x1b[0m\n'}
[198.487972] (-) TimerEvent: {}
[198.588800] (-) TimerEvent: {}
[198.690515] (-) TimerEvent: {}
[198.791553] (-) TimerEvent: {}
[198.892979] (-) TimerEvent: {}
[198.993825] (-) TimerEvent: {}
[198.994931] (bev_processor) StdoutLine: {'line': b'[100%] Built target bev_processor_component\n'}
[199.021027] (bev_processor) CommandEnded: {'returncode': 0}
[199.023629] (bev_processor) JobProgress: {'identifier': 'bev_processor', 'progress': 'install'}
[199.024554] (bev_processor) Command: {'cmd': ['/usr/bin/cmake', '--install', '/home/autopilot03/Desktop/f1tenth_test0806/f1tenth_project_repo/build/bev_processor'], 'cwd': '/home/autopilot03/Desktop/f1tenth_test0806/f1tenth_project_repo/build/bev_processor', 'env': OrderedDict([('OPENBLAS_CORETYPE', 'ARMV8'), ('LESSOPEN', '| /usr/bin/lesspipe %s'), ('USER', 'autopilot03'), ('XDG_SESSION_TYPE', 'x11'), ('SHLVL', '1'), ('LD_LIBRARY_PATH', '/home/autopilot03/Desktop/f1tenth_test0806/f1tenth_project_repo/install/camera_driver/lib:/opt/ros/humble/opt/rviz_ogre_vendor/lib:/opt/ros/humble/lib/aarch64-linux-gnu:/opt/ros/humble/lib:/usr/local/cuda/lib64'), ('HOME', '/home/autopilot03'), ('DESKTOP_SESSION', 'ubuntu'), ('ROS_PYTHON_VERSION', '3'), ('GNOME_SHELL_SESSION_MODE', 'ubuntu'), ('GTK_MODULES', 'gail:atk-bridge'), ('DBUS_STARTER_BUS_TYPE', 'session'), ('SYSTEMD_EXEC_PID', '3110'), ('DBUS_SESSION_BUS_ADDRESS', 'unix:path=/run/user/1000/bus,guid=f9eb088d2f225fc82e7af7506a7457d0'), ('COLORTERM', 'truecolor'), ('IM_CONFIG_PHASE', '1'), ('ROS_DISTRO', 'humble'), ('GTK_IM_MODULE', 'ibus'), ('LOGNAME', 'autopilot03'), ('_', '/usr/bin/colcon'), ('ROS_VERSION', '2'), ('XDG_SESSION_CLASS', 'user'), ('USERNAME', 'autopilot03'), ('TERM', 'xterm-256color'), ('GNOME_DESKTOP_SESSION_ID', 'this-is-deprecated'), ('ROS_LOCALHOST_ONLY', '0'), ('WINDOWPATH', '2'), ('PATH', '/opt/ros/humble/bin:/usr/local/cuda/bin:/home/autopilot03/.local/bin:/usr/local/sbin:/usr/local/bin:/usr/sbin:/usr/bin:/sbin:/bin:/usr/games:/usr/local/games:/snap/bin:/snap/bin'), ('SESSION_MANAGER', 'local/autopilot03-desktop:@/tmp/.ICE-unix/3110,unix/autopilot03-desktop:/tmp/.ICE-unix/3110'), ('XDG_MENU_PREFIX', 'gnome-'), ('GNOME_TERMINAL_SCREEN', '/org/gnome/Terminal/screen/db356585_f77b_44f1_8d1c_dd796ba74ff0'), ('XDG_RUNTIME_DIR', '/run/user/1000'), ('DISPLAY', ':1'), ('LANG', 'en_US.UTF-8'), ('XDG_CURRENT_DESKTOP', 'ubuntu:GNOME'), ('XMODIFIERS', '@im=ibus'), ('XDG_SESSION_DESKTOP', 'ubuntu'), ('XAUTHORITY', '/run/user/1000/gdm/Xauthority'), ('LS_COLORS', 'rs=0:di=01;34:ln=01;36:mh=00:pi=40;33:so=01;35:do=01;35:bd=40;33;01:cd=40;33;01:or=40;31;01:mi=00:su=37;41:sg=30;43:ca=30;41:tw=30;42:ow=34;42:st=37;44:ex=01;32:*.tar=01;31:*.tgz=01;31:*.arc=01;31:*.arj=01;31:*.taz=01;31:*.lha=01;31:*.lz4=01;31:*.lzh=01;31:*.lzma=01;31:*.tlz=01;31:*.txz=01;31:*.tzo=01;31:*.t7z=01;31:*.zip=01;31:*.z=01;31:*.dz=01;31:*.gz=01;31:*.lrz=01;31:*.lz=01;31:*.lzo=01;31:*.xz=01;31:*.zst=01;31:*.tzst=01;31:*.bz2=01;31:*.bz=01;31:*.tbz=01;31:*.tbz2=01;31:*.tz=01;31:*.deb=01;31:*.rpm=01;31:*.jar=01;31:*.war=01;31:*.ear=01;31:*.sar=01;31:*.rar=01;31:*.alz=01;31:*.ace=01;31:*.zoo=01;31:*.cpio=01;31:*.7z=01;31:*.rz=01;31:*.cab=01;31:*.wim=01;31:*.swm=01;31:*.dwm=01;31:*.esd=01;31:*.jpg=01;35:*.jpeg=01;35:*.mjpg=01;35:*.mjpeg=01;35:*.gif=01;35:*.bmp=01;35:*.pbm=01;35:*.pgm=01;35:*.ppm=01;35:*.tga=01;35:*.xbm=01;35:*.xpm=01;35:*.tif=01;35:*.tiff=01;35:*.png=01;35:*.svg=01;35:*.svgz=01;35:*.mng=01;35:*.pcx=01;35:*.mov=01;35:*.mpg=01;35:*.mpeg=01;35:*.m2v=01;35:*.mkv=01;35:*.webm=01;35:*.webp=01;35:*.ogm=01;35:*.mp4=01;35:*.m4v=01;35:*.mp4v=01;35:*.vob=01;35:*.qt=01;35:*.nuv=01;35:*.wmv=01;35:*.asf=01;35:*.rm=01;35:*.rmvb=01;35:*.flc=01;35:*.avi=01;35:*.fli=01;35:*.flv=01;35:*.gl=01;35:*.dl=01;35:*.xcf=01;35:*.xwd=01;35:*.yuv=01;35:*.cgm=01;35:*.emf=01;35:*.ogv=01;35:*.ogx=01;35:*.aac=00;36:*.au=00;36:*.flac=00;36:*.m4a=00;36:*.mid=00;36:*.midi=00;36:*.mka=00;36:*.mp3=00;36:*.mpc=00;36:*.ogg=00;36:*.ra=00;36:*.wav=00;36:*.oga=00;36:*.opus=00;36:*.spx=00;36:*.xspf=00;36:'), ('GNOME_TERMINAL_SERVICE', ':1.104'), ('SSH_AGENT_LAUNCHER', 'gnome-keyring'), ('SSH_AUTH_SOCK', '/run/user/1000/keyring/ssh'), ('AMENT_PREFIX_PATH', '/home/autopilot03/Desktop/f1tenth_test0806/f1tenth_project_repo/install/camera_driver:/opt/ros/humble'), ('SHELL', '/bin/bash'), ('QT_ACCESSIBILITY', '1'), ('GDMSESSION', 'ubuntu'), ('LESSCLOSE', '/usr/bin/lesspipe %s %s'), ('GPG_AGENT_INFO', '/run/user/1000/gnupg/S.gpg-agent:0:1'), ('QT_IM_MODULE', 'ibus'), ('PWD', '/home/autopilot03/Desktop/f1tenth_test0806/f1tenth_project_repo/build/bev_processor'), ('LC_ALL', 'en_US.UTF-8'), ('XDG_CONFIG_DIRS', '/etc/xdg/xdg-ubuntu:/etc/xdg'), ('DBUS_STARTER_ADDRESS', 'unix:path=/run/user/1000/bus,guid=f9eb088d2f225fc82e7af7506a7457d0'), ('XDG_DATA_DIRS', '/usr/share/ubuntu:/usr/share/gnome:/home/autopilot03/.local/share/flatpak/exports/share:/var/lib/flatpak/exports/share:/usr/local/share/:/usr/share/:/var/lib/snapd/desktop'), ('PYTHONPATH', '/opt/ros/humble/lib/python3.10/site-packages:/opt/ros/humble/local/lib/python3.10/dist-packages'), ('COLCON', '1'), ('VTE_VERSION', '6800'), ('CMAKE_PREFIX_PATH', '/home/autopilot03/Desktop/f1tenth_test0806/f1tenth_project_repo/install/camera_driver:/opt/ros/humble')]), 'shell': False}
[199.042135] (bev_processor) StdoutLine: {'line': b'-- Install configuration: "Release"\n'}
[199.042566] (bev_processor) StdoutLine: {'line': b'-- Installing: /home/autopilot03/Desktop/f1tenth_test0806/f1tenth_project_repo/install/bev_processor/lib/libbev_geometry.a\n'}
[199.042899] (bev_processor) StdoutLine: {'line': b'-- Installing: /home/autopilot03/Desktop/f1tenth_test0806/f1tenth_project_repo/install/bev_processor/lib/libbev_lane_reconstructor.a\n'}
[199.043295] (bev_processor) StdoutLine: {'line': b'-- Installing: /home/autopilot03/Desktop/f1tenth_test0806/f1tenth_project_repo/install/bev_processor/lib/libbev_ground_plane.a\n'}
[199.043672] (bev_processor) StdoutLine: {'line': b'-- Installing: /home/autopilot03/Desktop/f1tenth_test0806/f1tenth_project_repo/install/bev_processor/lib/libbev_startup_attitude.a\n'}
[199.044039] (bev_processor) StdoutLine: {'line': b'-- Installing: /home/autopilot03/Desktop/f1tenth_test0806/f1tenth_project_repo/install/bev_processor/lib/libbev_startup_measurement.a\n'}
[199.045777] (bev_processor) StdoutLine: {'line': b'-- Installing: /home/autopilot03/Desktop/f1tenth_test0806/f1tenth_project_repo/install/bev_processor/lib/libbev_processor_component.so\n'}
[199.050285] (bev_processor) StdoutLine: {'line': b'-- Set runtime path of "/home/autopilot03/Desktop/f1tenth_test0806/f1tenth_project_repo/install/bev_processor/lib/libbev_processor_component.so" to ""\n'}
[199.051338] (bev_processor) StdoutLine: {'line': b'-- Up-to-date: /home/autopilot03/Desktop/f1tenth_test0806/f1tenth_project_repo/install/bev_processor/include\n'}
[199.051833] (bev_processor) StdoutLine: {'line': b'-- Up-to-date: /home/autopilot03/Desktop/f1tenth_test0806/f1tenth_project_repo/install/bev_processor/include/bev_processor\n'}
[199.052095] (bev_processor) StdoutLine: {'line': b'-- Up-to-date: /home/autopilot03/Desktop/f1tenth_test0806/f1tenth_project_repo/install/bev_processor/include/bev_processor/bev_geometry.hpp\n'}
[199.052468] (bev_processor) StdoutLine: {'line': b'-- Up-to-date: /home/autopilot03/Desktop/f1tenth_test0806/f1tenth_project_repo/install/bev_processor/include/bev_processor/bev_lane_reconstructor.hpp\n'}
[199.052796] (bev_processor) StdoutLine: {'line': b'-- Up-to-date: /home/autopilot03/Desktop/f1tenth_test0806/f1tenth_project_repo/install/bev_processor/include/bev_processor/ground_plane_estimator.hpp\n'}
[199.053041] (bev_processor) StdoutLine: {'line': b'-- Up-to-date: /home/autopilot03/Desktop/f1tenth_test0806/f1tenth_project_repo/install/bev_processor/include/bev_processor/startup_attitude.hpp\n'}
[199.053379] (bev_processor) StdoutLine: {'line': b'-- Up-to-date: /home/autopilot03/Desktop/f1tenth_test0806/f1tenth_project_repo/install/bev_processor/include/bev_processor/cuda_bev_processor.hpp\n'}
[199.056970] (bev_processor) StdoutLine: {'line': b'-- Up-to-date: /home/autopilot03/Desktop/f1tenth_test0806/f1tenth_project_repo/install/bev_processor/include/bev_processor/oak_startup_measurement.hpp\n'}
[199.057400] (bev_processor) StdoutLine: {'line': b'-- Up-to-date: /home/autopilot03/Desktop/f1tenth_test0806/f1tenth_project_repo/install/bev_processor/share/bev_processor/config\n'}
[199.057686] (bev_processor) StdoutLine: {'line': b'-- Up-to-date: /home/autopilot03/Desktop/f1tenth_test0806/f1tenth_project_repo/install/bev_processor/share/bev_processor/config/bev_config.yaml\n'}
[199.057946] (bev_processor) StdoutLine: {'line': b'-- Up-to-date: /home/autopilot03/Desktop/f1tenth_test0806/f1tenth_project_repo/install/bev_processor/share/bev_processor/launch\n'}
[199.058278] (bev_processor) StdoutLine: {'line': b'-- Up-to-date: /home/autopilot03/Desktop/f1tenth_test0806/f1tenth_project_repo/install/bev_processor/share/bev_processor/launch/bev_processor.launch.py\n'}
[199.058561] (bev_processor) StdoutLine: {'line': b'-- Up-to-date: /home/autopilot03/Desktop/f1tenth_test0806/f1tenth_project_repo/install/bev_processor/share/ament_index/resource_index/package_run_dependencies/bev_processor\n'}
[199.058803] (bev_processor) StdoutLine: {'line': b'-- Installing: /home/autopilot03/Desktop/f1tenth_test0806/f1tenth_project_repo/install/bev_processor/share/ament_index/resource_index/parent_prefix_path/bev_processor\n'}
[199.059139] (bev_processor) StdoutLine: {'line': b'-- Up-to-date: /home/autopilot03/Desktop/f1tenth_test0806/f1tenth_project_repo/install/bev_processor/share/bev_processor/environment/ament_prefix_path.sh\n'}
[199.060443] (bev_processor) StdoutLine: {'line': b'-- Installing: /home/autopilot03/Desktop/f1tenth_test0806/f1tenth_project_repo/install/bev_processor/share/bev_processor/environment/ament_prefix_path.dsv\n'}
[199.061783] (bev_processor) StdoutLine: {'line': b'-- Up-to-date: /home/autopilot03/Desktop/f1tenth_test0806/f1tenth_project_repo/install/bev_processor/share/bev_processor/environment/path.sh\n'}
[199.063468] (bev_processor) StdoutLine: {'line': b'-- Installing: /home/autopilot03/Desktop/f1tenth_test0806/f1tenth_project_repo/install/bev_processor/share/bev_processor/environment/path.dsv\n'}
[199.063971] (bev_processor) StdoutLine: {'line': b'-- Up-to-date: /home/autopilot03/Desktop/f1tenth_test0806/f1tenth_project_repo/install/bev_processor/share/bev_processor/local_setup.bash\n'}
[199.064468] (bev_processor) StdoutLine: {'line': b'-- Installing: /home/autopilot03/Desktop/f1tenth_test0806/f1tenth_project_repo/install/bev_processor/share/bev_processor/local_setup.sh\n'}
[199.064951] (bev_processor) StdoutLine: {'line': b'-- Up-to-date: /home/autopilot03/Desktop/f1tenth_test0806/f1tenth_project_repo/install/bev_processor/share/bev_processor/local_setup.zsh\n'}
[199.065410] (bev_processor) StdoutLine: {'line': b'-- Installing: /home/autopilot03/Desktop/f1tenth_test0806/f1tenth_project_repo/install/bev_processor/share/bev_processor/local_setup.dsv\n'}
[199.065991] (bev_processor) StdoutLine: {'line': b'-- Installing: /home/autopilot03/Desktop/f1tenth_test0806/f1tenth_project_repo/install/bev_processor/share/bev_processor/package.dsv\n'}
[199.066461] (bev_processor) StdoutLine: {'line': b'-- Up-to-date: /home/autopilot03/Desktop/f1tenth_test0806/f1tenth_project_repo/install/bev_processor/share/ament_index/resource_index/packages/bev_processor\n'}
[199.067104] (bev_processor) StdoutLine: {'line': b'-- Up-to-date: /home/autopilot03/Desktop/f1tenth_test0806/f1tenth_project_repo/install/bev_processor/share/ament_index/resource_index/rclcpp_components/bev_processor\n'}
[199.067549] (bev_processor) StdoutLine: {'line': b'-- Up-to-date: /home/autopilot03/Desktop/f1tenth_test0806/f1tenth_project_repo/install/bev_processor/share/bev_processor/cmake/ament_cmake_export_include_directories-extras.cmake\n'}
[199.067943] (bev_processor) StdoutLine: {'line': b'-- Up-to-date: /home/autopilot03/Desktop/f1tenth_test0806/f1tenth_project_repo/install/bev_processor/share/bev_processor/cmake/ament_cmake_export_dependencies-extras.cmake\n'}
[199.068374] (bev_processor) StdoutLine: {'line': b'-- Up-to-date: /home/autopilot03/Desktop/f1tenth_test0806/f1tenth_project_repo/install/bev_processor/share/bev_processor/cmake/bev_processorConfig.cmake\n'}
[199.068759] (bev_processor) StdoutLine: {'line': b'-- Up-to-date: /home/autopilot03/Desktop/f1tenth_test0806/f1tenth_project_repo/install/bev_processor/share/bev_processor/cmake/bev_processorConfig-version.cmake\n'}
[199.069149] (bev_processor) StdoutLine: {'line': b'-- Up-to-date: /home/autopilot03/Desktop/f1tenth_test0806/f1tenth_project_repo/install/bev_processor/share/bev_processor/package.xml\n'}
[199.069536] (bev_processor) CommandEnded: {'returncode': 0}
[199.094125] (-) TimerEvent: {}
[199.124897] (bev_processor) JobEnded: {'identifier': 'bev_processor', 'rc': 0}
[199.128454] (-) EventReactorShutdown: {}
